frame,car,truck,tid,ioa
1,1,0,1,0.3931
1,1,0,3,0.0
1,1,0,4,0.0
1,1,0,11,0.0
2,1,0,1,0.394
2,1,0,3,0.0
2,1,0,4,0.0
2,1,0,11,0.0
3,1,0,1,0.3953
3,1,0,3,0.0
3,1,0,4,0.0
3,1,0,11,0.0
4,1,0,1,0.3914
4,1,0,3,0.0
4,1,0,4,0.0
4,1,0,11,0.0
5,1,0,1,0.4003
5,1,0,3,0.0
5,1,0,4,0.0
5,1,0,11,0.0
6,1,0,1,0.4045
6,1,0,3,0.0
6,1,0,4,0.0
6,1,0,11,0.0
7,1,0,1,0.4021
7,1,0,3,0.0
7,1,0,4,0.0
7,1,0,11,0.0
8,1,0,1,0.4074
8,1,0,3,0.0
8,1,0,4,0.0
8,1,0,11,0.0
9,1,0,1,0.4709
9,1,0,3,0.0
9,1,0,4,0.0
9,1,0,11,0.0
10,1,0,1,0.4921
10,1,0,3,0.0
10,1,0,4,0.0
10,1,0,11,0.0
11,1,0,1,0.4984
11,1,0,3,0.0
11,1,0,4,0.0
11,1,0,11,0.0
12,1,0,1,0.499
12,1,0,3,0.0
12,1,0,4,0.0
12,1,0,11,0.0
13,1,0,1,0.5035
13,1,0,3,0.0
13,1,0,4,0.0
13,1,0,11,0.0
14,1,0,1,0.5094
14,1,0,3,0.0
14,1,0,4,0.0
14,1,0,11,0.0
15,1,0,1,0.4634
15,1,0,3,0.0
15,1,0,4,0.0
15,1,0,11,0.0
16,1,0,1,0.4482
16,1,0,3,0.0
16,1,0,4,0.0
16,1,0,11,0.0
16,1,0,15,0.0
17,1,0,1,0.445
17,1,0,3,0.0
17,1,0,4,0.0
17,1,0,11,0.0
17,1,0,15,0.0
18,1,0,1,0.4445
18,1,0,3,0.0
18,1,0,4,0.0
18,1,0,11,0.0
18,1,0,15,0.0
19,1,0,1,0.3941
19,1,0,3,0.0
19,1,0,4,0.0
19,1,0,11,0.0
20,1,0,1,0.3731
20,1,0,3,0.0
20,1,0,4,0.0
20,1,0,11,0.0
21,1,0,1,0.3653
21,1,0,3,0.0
21,1,0,4,0.0
21,1,0,11,0.0
22,1,0,1,0.3629
22,1,0,3,0.0
22,1,0,4,0.0
22,1,0,11,0.0
23,1,0,1,0.3622
23,1,0,3,0.0
23,1,0,4,0.0
23,1,0,11,0.0
24,1,0,1,0.3618
24,1,0,3,0.0
24,1,0,4,0.0
24,1,0,11,0.0
25,1,0,1,0.3627
25,1,0,3,0.0
25,1,0,4,0.0
25,1,0,11,0.0
26,1,0,1,0.3626
26,1,0,3,0.0
26,1,0,4,0.0
26,1,0,11,0.0
27,1,0,1,0.3809
27,1,0,3,0.0
27,1,0,4,0.0
28,1,0,1,0.387
28,1,0,3,0.0
28,1,0,4,0.0
29,1,0,1,0.3897
29,1,0,3,0.0
29,1,0,4,0.0
30,1,0,1,0.3871
30,1,0,3,0.0
30,1,0,4,0.0
31,1,0,1,0.3849
31,1,0,3,0.0
31,1,0,4,0.0
32,1,0,1,0.3887
32,1,0,3,0.0
32,1,0,4,0.0
33,1,0,1,0.3909
33,1,0,3,0.0
33,1,0,4,0.0
34,1,0,1,0.3891
34,1,0,3,0.0
34,1,0,4,0.0
35,1,0,1,0.3868
35,1,0,3,0.0
35,1,0,4,0.0
36,1,0,1,0.313
36,1,0,3,0.0
36,1,0,4,0.0
37,1,0,1,0.2812
37,1,0,3,0.0
37,1,0,4,0.0
38,1,0,1,0.2693
38,1,0,3,0.0
38,1,0,4,0.0
39,1,0,1,0.265
39,1,0,3,0.0
39,1,0,4,0.0
40,1,0,1,0.2635
40,1,0,3,0.0
40,1,0,4,0.0
41,1,0,1,0.2631
41,1,0,3,0.0
41,1,0,4,0.0
42,1,0,1,0.263
42,1,0,3,0.0
42,1,0,4,0.0
43,1,0,1,0.2631
43,1,0,3,0.0
43,1,0,4,0.0
44,1,0,1,0.3175
44,1,0,3,0.0
44,1,0,4,0.0
45,1,0,1,0.3367
45,1,0,3,0.0
45,1,0,4,0.0
46,1,0,1,0.3451
46,1,0,3,0.0
46,1,0,4,0.0
47,1,0,1,0.3476
47,1,0,3,0.0
47,1,0,4,0.0
48,1,0,1,0.3488
48,1,0,3,0.0
48,1,0,4,0.0
49,1,0,1,0.3458
49,1,0,3,0.0
49,1,0,4,0.0
50,1,0,1,0.3481
50,1,0,3,0.0
50,1,0,4,0.0
51,1,0,1,0.3471
51,1,0,3,0.0
51,1,0,4,0.0
52,1,0,1,0.3503
52,1,0,3,0.0
52,1,0,4,0.0
53,1,0,1,0.3662
53,1,0,3,0.0
53,1,0,4,0.0
54,1,0,1,0.3718
54,1,0,3,0.0
54,1,0,4,0.0
55,1,0,1,0.3852
55,1,0,3,0.0
55,1,0,4,0.0
56,1,0,1,0.388
56,1,0,3,0.0
56,1,0,4,0.0
57,1,0,1,0.39
57,1,0,3,0.0
57,1,0,4,0.0
58,1,0,1,0.3906
58,1,0,3,0.0
58,1,0,4,0.0
59,1,0,1,0.39
59,1,0,3,0.0
59,1,0,4,0.0
60,1,0,1,0.3911
60,1,0,3,0.0
60,1,0,4,0.0
61,1,0,1,0.3903
61,1,0,3,0.0
61,1,0,4,0.0
62,1,0,1,0.4287
62,1,0,3,0.0
62,1,0,4,0.0
63,1,0,1,0.4418
63,1,0,3,0.0
63,1,0,4,0.0
64,1,0,1,0.4462
64,1,0,3,0.0
64,1,0,4,0.0
65,1,0,1,0.4475
65,1,0,3,0.0
65,1,0,4,0.0
66,1,0,1,0.4477
66,1,0,3,0.0
66,1,0,4,0.0
67,1,0,1,0.4479
67,1,0,3,0.0
67,1,0,4,0.0
68,1,0,1,0.486
68,1,0,3,0.0
68,1,0,4,0.0
69,0,0,1,0.4402
69,0,0,3,0.0
69,0,0,4,0.0
70,0,0,1,0.4226
70,0,0,3,0.0
70,0,0,4,0.0
71,0,0,1,0.4164
71,0,0,3,0.0
71,0,0,4,0.0
72,0,0,1,0.4139
72,0,0,3,0.0
72,0,0,4,0.0
73,0,0,1,0.4097
73,0,0,3,0.0
73,0,0,4,0.0
74,0,0,1,0.4091
74,0,0,3,0.0
74,0,0,4,0.0
75,0,0,1,0.4077
75,0,0,3,0.0
75,0,0,4,0.0
76,0,0,1,0.4075
76,0,0,3,0.0
76,0,0,4,0.0
77,0,0,1,0.4075
77,0,0,3,0.0
77,0,0,4,0.0
78,0,0,1,0.4113
78,0,0,3,0.0
78,0,0,4,0.0
79,0,0,1,0.3991
79,0,0,3,0.0
79,0,0,4,0.0
80,0,0,1,0.3928
80,0,0,3,0.0
80,0,0,4,0.0
81,0,0,1,0.3901
81,0,0,3,0.0
81,0,0,4,0.0
82,0,0,1,0.3904
82,0,0,3,0.0
82,0,0,4,0.0
83,0,0,1,0.3902
83,0,0,3,0.0
83,0,0,4,0.0
84,0,0,1,0.3897
84,0,0,3,0.0
84,0,0,4,0.0
85,0,0,1,0.3898
85,0,0,3,0.0
85,0,0,4,0.0
86,0,0,1,0.3874
86,0,0,3,0.0
86,0,0,4,0.0
87,0,0,1,0.3851
87,0,0,3,0.0
87,0,0,4,0.0
88,0,0,1,0.3825
88,0,0,3,0.0
88,0,0,4,0.0
89,1,0,1,0.3782
89,1,0,3,0.0
89,1,0,4,0.0
90,1,0,1,0.3767
90,1,0,3,0.0
90,1,0,4,0.0
91,1,0,1,0.3772
91,1,0,3,0.0
91,1,0,4,0.0
92,1,0,1,0.3776
92,1,0,3,0.0
92,1,0,4,0.0
93,1,0,1,0.377
93,1,0,3,0.0
93,1,0,4,0.0
94,1,0,1,0.3767
94,1,0,3,0.0
94,1,0,4,0.0
95,1,0,1,0.3778
95,1,0,3,0.0
95,1,0,4,0.0
96,1,0,1,0.4097
96,1,0,3,0.0
96,1,0,4,0.0
97,1,0,1,0.4217
97,1,0,3,0.0
97,1,0,4,0.0
98,1,0,1,0.4255
98,1,0,3,0.0
98,1,0,4,0.0
99,1,0,1,0.4264
99,1,0,3,0.0
99,1,0,4,0.0
100,1,0,1,0.4269
100,1,0,3,0.0
100,1,0,4,0.0
101,1,0,1,0.4295
101,1,0,3,0.0
101,1,0,4,0.0
102,1,0,1,0.4303
102,1,0,3,0.0
102,1,0,4,0.0
103,1,0,1,0.4311
103,1,0,3,0.0
103,1,0,4,0.0
104,1,0,1,0.4318
104,1,0,3,0.0
104,1,0,4,0.0
105,1,0,1,0.4503
105,1,0,3,0.0
105,1,0,4,0.0
106,1,0,1,0.4609
106,1,0,3,0.0
106,1,0,4,0.0
107,1,0,1,0.4647
107,1,0,3,0.0
107,1,0,4,0.0
108,1,0,1,0.466
108,1,0,3,0.0
108,1,0,4,0.0
109,1,0,1,0.4583
109,1,0,3,0.0
109,1,0,4,0.0
110,1,0,1,0.4512
110,1,0,3,0.0
110,1,0,4,0.0
111,1,0,1,0.4508
111,1,0,3,0.0
111,1,0,4,0.0
112,1,0,1,0.4504
112,1,0,3,0.0
112,1,0,4,0.0
113,1,0,1,0.4498
113,1,0,3,0.0
113,1,0,4,0.0
114,1,0,1,0.4444
114,1,0,3,0.0
114,1,0,4,0.0
115,1,0,1,0.4454
115,1,0,3,0.0
115,1,0,4,0.0
115,1,0,18,0.0
116,1,0,1,0.4449
116,1,0,3,0.0
116,1,0,4,0.0
116,1,0,18,0.0
117,1,0,1,0.4387
117,1,0,3,0.0
117,1,0,4,0.0
117,1,0,18,0.0
118,1,0,1,0.438
118,1,0,3,0.0
118,1,0,4,0.0
118,1,0,18,0.0
119,1,0,1,0.4374
119,1,0,3,0.0
119,1,0,4,0.0
119,1,0,18,0.0
120,1,0,1,0.4365
120,1,0,3,0.0
120,1,0,4,0.0
120,1,0,18,0.0
121,1,0,1,0.4357
121,1,0,3,0.0
121,1,0,4,0.0
121,1,0,18,0.0
122,1,0,1,0.4324
122,1,0,3,0.0
122,1,0,4,0.0
123,1,0,1,0.4315
123,1,0,3,0.0
123,1,0,4,0.0
124,1,0,1,0.4309
124,1,0,3,0.0
124,1,0,4,0.0
125,1,0,1,0.4307
125,1,0,3,0.0
125,1,0,4,0.0
126,1,0,1,0.4307
126,1,0,3,0.0
126,1,0,4,0.0
127,1,0,1,0.3941
127,1,0,3,0.0
127,1,0,4,0.0
128,1,0,1,0.3788
128,1,0,3,0.0
128,1,0,4,0.0
129,1,0,1,0.373
129,1,0,3,0.0
129,1,0,4,0.0
130,1,0,1,0.357
130,1,0,3,0.0
130,1,0,4,0.0
131,1,0,1,0.351
131,1,0,3,0.0
131,1,0,4,0.0
132,1,0,1,0.3496
132,1,0,3,0.0
132,1,0,4,0.0
133,1,0,1,0.3501
133,1,0,3,0.0
133,1,0,4,0.0
134,1,0,1,0.348
134,1,0,3,0.0
134,1,0,4,0.0
135,1,0,1,0.3479
135,1,0,3,0.0
135,1,0,4,0.0
136,1,0,1,0.3664
136,1,0,3,0.0
136,1,0,4,0.0
137,1,0,1,0.3829
137,1,0,3,0.0
137,1,0,4,0.0
138,1,0,1,0.3884
138,1,0,3,0.0
138,1,0,4,0.0
139,1,0,1,0.3904
139,1,0,3,0.0
139,1,0,4,0.0
140,1,0,1,0.4675
140,1,0,3,0.0
140,1,0,4,0.0
141,1,0,1,0.4942
141,1,0,3,0.0
141,1,0,4,0.0
142,1,0,1,0.5024
142,1,0,3,0.0
142,1,0,4,0.0
143,1,0,1,0.5038
143,1,0,3,0.0
143,1,0,4,0.0
144,1,0,1,0.5038
144,1,0,3,0.0
144,1,0,4,0.0
145,1,0,1,0.5349
145,1,0,3,0.0
145,1,0,4,0.0
146,1,0,1,0.5455
146,1,0,3,0.0
146,1,0,4,0.0
147,1,0,1,0.4767
147,1,0,3,0.0
147,1,0,4,0.0
148,1,0,1,0.4511
148,1,0,3,0.0
148,1,0,4,0.0
149,1,0,1,0.4415
149,1,0,3,0.0
149,1,0,4,0.0
150,1,0,1,0.4377
150,1,0,3,0.0
150,1,0,4,0.0
151,1,0,1,0.4362
151,1,0,3,0.0
151,1,0,4,0.0
152,1,0,1,0.4353
152,1,0,3,0.0
152,1,0,4,0.0
153,1,0,1,0.4352
153,1,0,3,0.0
153,1,0,4,0.0
154,1,0,1,0.4363
154,1,0,3,0.0
154,1,0,4,0.0
155,1,0,1,0.4374
155,1,0,3,0.0
155,1,0,4,0.0
156,1,0,1,0.4376
156,1,0,3,0.0
156,1,0,4,0.0
157,1,0,1,0.4312
157,1,0,3,0.0
157,1,0,4,0.0
158,1,0,1,0.427
158,1,0,3,0.0
158,1,0,4,0.0
158,1,0,24,0.0001
158,1,0,25,0.0
158,1,0,26,0.0
158,1,0,27,0.0
159,1,0,1,0.4252
159,1,0,3,0.0
159,1,0,4,0.0
159,1,0,24,0.0001
159,1,0,25,0.0
159,1,0,26,0.0
159,1,0,27,0.0
160,1,0,1,0.4255
160,1,0,3,0.0
160,1,0,4,0.0
160,1,0,24,0.0001
160,1,0,25,0.0
160,1,0,26,0.0
160,1,0,27,0.0
161,1,0,1,0.426
161,1,0,3,0.0
161,1,0,4,0.0
161,1,0,24,0.0
161,1,0,25,0.0
161,1,0,26,0.0
161,1,0,27,0.0
162,1,0,1,0.4262
162,1,0,3,0.0
162,1,0,4,0.0
162,1,0,24,0.0
162,1,0,25,0.0
162,1,0,26,0.0
162,1,0,27,0.0
163,1,0,1,0.3523
163,1,0,3,0.0
163,1,0,4,0.0
163,1,0,24,0.0035
163,1,0,25,0.0
163,1,0,26,0.0
164,1,0,1,0.3269
164,1,0,3,0.0
164,1,0,4,0.0
164,1,0,24,0.0059
164,1,0,25,0.0
164,1,0,26,0.0
165,1,0,1,0.3423
165,1,0,3,0.0
165,1,0,4,0.0
165,1,0,24,0.0073
165,1,0,25,0.0
165,1,0,26,0.0
165,1,0,27,0.0
166,1,0,1,0.3622
166,1,0,3,0.0
166,1,0,4,0.0
166,1,0,25,0.0
166,1,0,26,0.0
166,1,0,27,0.0
167,1,0,1,0.3699
167,1,0,3,0.0
167,1,0,4,0.0
167,1,0,25,0.0
167,1,0,26,0.0
167,1,0,27,0.0
168,1,0,1,0.3705
168,1,0,3,0.0
168,1,0,4,0.0
168,1,0,25,0.0
168,1,0,26,0.0
168,1,0,27,0.0
169,1,0,1,0.3694
169,1,0,3,0.0
169,1,0,4,0.0
169,1,0,25,0.0
169,1,0,26,0.0
169,1,0,27,0.0
170,1,0,1,0.3728
170,1,0,3,0.0
170,1,0,4,0.0
170,1,0,25,0.0
170,1,0,26,0.0
170,1,0,27,0.0
171,1,0,1,0.3737
171,1,0,3,0.0
171,1,0,4,0.0
171,1,0,25,0.0
171,1,0,26,0.0
171,1,0,27,0.0
172,1,0,1,0.3755
172,1,0,3,0.0
172,1,0,4,0.0
172,1,0,25,0.0
172,1,0,26,0.0
172,1,0,27,0.0
173,1,0,1,0.3744
173,1,0,3,0.0
173,1,0,4,0.0
173,1,0,25,0.0
173,1,0,26,0.0
173,1,0,27,0.0
174,1,0,1,0.4312
174,1,0,3,0.0
174,1,0,4,0.0
174,1,0,25,0.0
174,1,0,26,0.0
174,1,0,27,0.0
175,1,0,1,0.4533
175,1,0,3,0.0
175,1,0,4,0.0
175,1,0,25,0.0
175,1,0,26,0.0
175,1,0,27,0.0
176,1,0,1,0.4614
176,1,0,3,0.0
176,1,0,4,0.0
176,1,0,25,0.0
176,1,0,26,0.0
176,1,0,27,0.0
177,1,0,1,0.4628
177,1,0,3,0.0
177,1,0,4,0.0
177,1,0,25,0.0
177,1,0,26,0.0
177,1,0,27,0.0
178,1,0,1,0.4642
178,1,0,3,0.0
178,1,0,4,0.0
178,1,0,25,0.0
178,1,0,26,0.0
178,1,0,27,0.0
179,1,0,1,0.4658
179,1,0,3,0.0
179,1,0,4,0.0
179,1,0,25,0.0
179,1,0,26,0.0
179,1,0,27,0.0
180,1,0,1,0.4641
180,1,0,3,0.0
180,1,0,4,0.0
180,1,0,25,0.0
180,1,0,26,0.0
180,1,0,27,0.0
181,1,0,1,0.3956
181,1,0,3,0.0
181,1,0,4,0.0
181,1,0,25,0.0
181,1,0,26,0.0
182,1,0,1,0.369
182,1,0,3,0.0
182,1,0,4,0.0
182,1,0,25,0.0
182,1,0,26,0.0
183,1,0,1,0.4212
183,1,0,3,0.0
183,1,0,4,0.0
183,1,0,25,0.0
183,1,0,26,0.0
184,1,0,1,0.4371
184,1,0,3,0.0
184,1,0,4,0.0
184,1,0,25,0.0
184,1,0,26,0.0
185,1,0,1,0.436
185,1,0,3,0.0
185,1,0,4,0.0
185,1,0,25,0.0
185,1,0,26,0.0
186,1,0,1,0.4375
186,1,0,3,0.0
186,1,0,4,0.0
186,1,0,25,0.0
186,1,0,26,0.0
187,1,0,1,0.4363
187,1,0,3,0.0
187,1,0,4,0.0
187,1,0,25,0.0
187,1,0,26,0.0
188,1,0,1,0.4358
188,1,0,3,0.0
188,1,0,4,0.0
188,1,0,25,0.0
188,1,0,26,0.0
189,1,0,1,0.4345
189,1,0,3,0.0
189,1,0,4,0.0
189,1,0,25,0.0
189,1,0,26,0.0
190,1,0,1,0.4342
190,1,0,3,0.0
190,1,0,4,0.0
190,1,0,25,0.0
190,1,0,26,0.0
191,1,0,1,0.4334
191,1,0,3,0.0
191,1,0,4,0.0
191,1,0,25,0.0
191,1,0,26,0.0
192,1,0,1,0.4581
192,1,0,3,0.0
192,1,0,4,0.0
192,1,0,25,0.0
192,1,0,26,0.0
193,1,0,1,0.4666
193,1,0,3,0.0
193,1,0,4,0.0
193,1,0,25,0.0
193,1,0,26,0.0
194,1,0,1,0.4724
194,1,0,3,0.0
194,1,0,4,0.0
194,1,0,25,0.0
194,1,0,26,0.0
195,1,0,1,0.4773
195,1,0,3,0.0
195,1,0,4,0.0
195,1,0,25,0.0
195,1,0,26,0.0
196,1,0,1,0.4813
196,1,0,3,0.0
196,1,0,4,0.0
196,1,0,25,0.0
196,1,0,26,0.0
197,1,0,1,0.4822
197,1,0,3,0.0
197,1,0,4,0.0
197,1,0,25,0.0
197,1,0,26,0.0
198,1,0,1,0.4852
198,1,0,3,0.0
198,1,0,4,0.0
198,1,0,25,0.0
198,1,0,26,0.0
199,1,0,1,0.4871
199,1,0,3,0.0
199,1,0,4,0.0
199,1,0,25,0.0
199,1,0,26,0.0
200,1,0,1,0.3845
200,1,0,3,0.0
200,1,0,4,0.0
200,1,0,25,0.0
200,1,0,26,0.0
201,1,0,1,0.3145
201,1,0,3,0.0
201,1,0,4,0.0
201,1,0,25,0.0
201,1,0,26,0.0
202,1,0,1,0.2987
202,1,0,3,0.0
202,1,0,4,0.0
202,1,0,25,0.0
202,1,0,26,0.0
203,1,0,1,0.2955
203,1,0,3,0.0
203,1,0,4,0.0
203,1,0,25,0.0
203,1,0,26,0.0
204,1,0,1,0.2953
204,1,0,3,0.0
204,1,0,4,0.0
204,1,0,25,0.0
204,1,0,26,0.0
205,1,0,1,0.2966
205,1,0,3,0.0
205,1,0,4,0.0
205,1,0,25,0.0
205,1,0,26,0.0
206,1,0,1,0.296
206,1,0,3,0.0
206,1,0,4,0.0
206,1,0,25,0.0
206,1,0,26,0.0
207,1,0,1,0.2963
207,1,0,3,0.0
207,1,0,4,0.0
207,1,0,25,0.0
207,1,0,26,0.0
208,1,0,1,0.2962
208,1,0,3,0.0
208,1,0,4,0.0
208,1,0,25,0.0
208,1,0,26,0.0
209,1,0,1,0.3007
209,1,0,3,0.0
209,1,0,4,0.0
209,1,0,25,0.0
209,1,0,26,0.0
210,1,0,1,0.3109
210,1,0,3,0.0
210,1,0,4,0.0
210,1,0,25,0.0
210,1,0,26,0.0
211,1,0,1,0.3149
211,1,0,3,0.0
211,1,0,4,0.0
211,1,0,25,0.0
211,1,0,26,0.0
212,1,0,1,0.3172
212,1,0,3,0.0
212,1,0,4,0.0
212,1,0,25,0.0
212,1,0,26,0.0
213,1,0,1,0.3185
213,1,0,3,0.0
213,1,0,4,0.0
213,1,0,25,0.0
213,1,0,26,0.0
214,1,0,1,0.3142
214,1,0,3,0.0
214,1,0,4,0.0
214,1,0,25,0.0
214,1,0,26,0.0
215,1,0,1,0.3124
215,1,0,3,0.0
215,1,0,4,0.0
215,1,0,25,0.0
215,1,0,26,0.0
216,1,0,1,0.3111
216,1,0,3,0.0
216,1,0,4,0.0
216,1,0,25,0.0
216,1,0,26,0.0
217,1,0,1,0.3119
217,1,0,3,0.0
217,1,0,4,0.0
217,1,0,25,0.0
217,1,0,26,0.0
218,1,0,1,0.3122
218,1,0,3,0.0
218,1,0,4,0.0
218,1,0,25,0.0
218,1,0,26,0.0
219,1,0,1,0.3288
219,1,0,3,0.0
219,1,0,4,0.0
219,1,0,25,0.0
219,1,0,26,0.0
220,1,0,1,0.3347
220,1,0,3,0.0
220,1,0,4,0.0
220,1,0,25,0.0
220,1,0,26,0.0
221,1,0,1,0.3338
221,1,0,3,0.0
221,1,0,4,0.0
221,1,0,25,0.0
221,1,0,26,0.0
222,1,0,1,0.3338
222,1,0,3,0.0
222,1,0,4,0.0
222,1,0,25,0.0
222,1,0,26,0.0
223,1,0,1,0.334
223,1,0,3,0.0
223,1,0,4,0.0
223,1,0,25,0.0
223,1,0,26,0.0
224,1,0,1,0.3326
224,1,0,3,0.0
224,1,0,4,0.0
224,1,0,25,0.0
224,1,0,26,0.0
225,1,0,1,0.329
225,1,0,3,0.0
225,1,0,4,0.0
225,1,0,25,0.0
225,1,0,26,0.0
226,0,0,1,0.3359
226,0,0,3,0.0
226,0,0,4,0.0
226,0,0,25,0.0
226,0,0,26,0.0
227,0,0,1,0.3387
227,0,0,3,0.0
227,0,0,4,0.0
227,0,0,25,0.0
227,0,0,26,0.0
228,0,0,1,0.3406
228,0,0,3,0.0
228,0,0,4,0.0
228,0,0,25,0.0
228,0,0,26,0.0
229,0,0,1,0.3415
229,0,0,3,0.0
229,0,0,4,0.0
229,0,0,25,0.0
229,0,0,26,0.0
230,0,0,1,0.3423
230,0,0,3,0.0
230,0,0,4,0.0
230,0,0,25,0.0
230,0,0,26,0.0
230,0,0,31,0.0
231,0,0,1,0.3423
231,0,0,3,0.0
231,0,0,4,0.0
231,0,0,25,0.0
231,0,0,26,0.0
231,0,0,31,0.0
232,0,0,1,0.3395
232,0,0,3,0.0
232,0,0,4,0.0
232,0,0,25,0.0
232,0,0,26,0.0
232,0,0,31,0.0
233,0,0,1,0.338
233,0,0,3,0.0
233,0,0,4,0.0
233,0,0,25,0.0
233,0,0,26,0.0
233,0,0,31,0.0
234,0,0,1,0.3267
234,0,0,3,0.0
234,0,0,4,0.0
234,0,0,25,0.0
234,0,0,26,0.0
234,0,0,31,0.0
235,0,0,1,0.325
235,0,0,3,0.0
235,0,0,4,0.0
235,0,0,25,0.0
235,0,0,26,0.0
235,0,0,31,0.0
236,0,0,1,0.3246
236,0,0,3,0.0
236,0,0,4,0.0
236,0,0,25,0.0
236,0,0,26,0.0
236,0,0,31,0.0
237,0,0,1,0.3199
237,0,0,3,0.0
237,0,0,4,0.0
237,0,0,25,0.0
237,0,0,26,0.0
238,0,0,1,0.3174
238,0,0,3,0.0
238,0,0,4,0.0
238,0,0,25,0.0
238,0,0,26,0.0
239,0,0,1,0.3168
239,0,0,3,0.0
239,0,0,4,0.0
239,0,0,25,0.0
239,0,0,26,0.0
240,0,0,1,0.3185
240,0,0,3,0.0
240,0,0,4,0.0
240,0,0,25,0.0
240,0,0,26,0.0
241,0,0,1,0.319
241,0,0,3,0.0
241,0,0,4,0.0
241,0,0,25,0.0
241,0,0,26,0.0
242,0,0,1,0.319
242,0,0,3,0.0
242,0,0,4,0.0
242,0,0,25,0.0
242,0,0,26,0.0
243,0,0,1,0.3207
243,0,0,3,0.0
243,0,0,4,0.0
243,0,0,25,0.0
243,0,0,26,0.0
243,0,0,31,0.0
244,0,0,1,0.3207
244,0,0,3,0.0
244,0,0,4,0.0
244,0,0,25,0.0
244,0,0,26,0.0
244,0,0,31,0.0
245,0,0,1,0.3211
245,0,0,3,0.0
245,0,0,4,0.0
245,0,0,25,0.0
245,0,0,26,0.0
245,0,0,31,0.0
246,0,0,1,0.3279
246,0,0,3,0.0
246,0,0,4,0.0
246,0,0,25,0.0
246,0,0,26,0.0
246,0,0,31,0.0
247,0,0,1,0.3308
247,0,0,3,0.0
247,0,0,4,0.0
247,0,0,25,0.0
247,0,0,26,0.0
247,0,0,31,0.0
248,0,0,1,0.3329
248,0,0,3,0.0
248,0,0,4,0.0
248,0,0,25,0.0
248,0,0,26,0.0
248,0,0,31,0.0
249,0,0,1,0.3344
249,0,0,3,0.0
249,0,0,4,0.0
249,0,0,25,0.0
249,0,0,26,0.0
249,0,0,31,0.0
250,0,0,1,0.3365
250,0,0,3,0.0
250,0,0,4,0.0
250,0,0,25,0.0
250,0,0,26,0.0
250,0,0,31,0.0
251,0,0,1,0.3365
251,0,0,3,0.0
251,0,0,4,0.0
251,0,0,25,0.0
251,0,0,26,0.0
251,0,0,31,0.0
252,0,0,1,0.3509
252,0,0,3,0.0
252,0,0,4,0.0
252,0,0,25,0.0
252,0,0,26,0.0
252,0,0,31,0.0
253,0,0,1,0.3572
253,0,0,3,0.0
253,0,0,4,0.0
253,0,0,25,0.0
253,0,0,26,0.0
253,0,0,31,0.0
254,0,0,1,0.3573
254,0,0,3,0.0
254,0,0,4,0.0
254,0,0,25,0.0
254,0,0,26,0.0
254,0,0,31,0.0
255,0,0,1,0.3888
255,0,0,3,0.0
255,0,0,4,0.0
255,0,0,25,0.0
255,0,0,26,0.0
255,0,0,31,0.0
256,0,0,1,0.3989
256,0,0,3,0.0
256,0,0,4,0.0
256,0,0,25,0.0
256,0,0,26,0.0
256,0,0,31,0.0
257,0,0,1,0.4031
257,0,0,3,0.0
257,0,0,4,0.0
257,0,0,25,0.0
257,0,0,26,0.0
257,0,0,31,0.0
258,0,0,1,0.4045
258,0,0,3,0.0
258,0,0,4,0.0
258,0,0,25,0.0
258,0,0,26,0.0
258,0,0,31,0.0
259,0,0,1,0.4071
259,0,0,3,0.0
259,0,0,4,0.0
259,0,0,25,0.0
259,0,0,26,0.0
259,0,0,31,0.0
260,0,0,1,0.4058
260,0,0,3,0.0
260,0,0,4,0.0
260,0,0,25,0.0
260,0,0,26,0.0
260,0,0,31,0.0
261,0,0,1,0.3545
261,0,0,3,0.0
261,0,0,4,0.0
261,0,0,25,0.0
261,0,0,26,0.0
261,0,0,31,0.0
262,0,0,1,0.337
262,0,0,3,0.0
262,0,0,4,0.0
262,0,0,25,0.0
262,0,0,26,0.0
262,0,0,31,0.0
263,0,0,1,0.3311
263,0,0,3,0.0
263,0,0,4,0.0
263,0,0,25,0.0
263,0,0,26,0.0
263,0,0,31,0.0
264,0,0,1,0.3282
264,0,0,3,0.0
264,0,0,4,0.0
264,0,0,25,0.0
264,0,0,26,0.0
264,0,0,31,0.0
265,0,0,1,0.327
265,0,0,3,0.0
265,0,0,4,0.0
265,0,0,25,0.0
265,0,0,26,0.0
265,0,0,31,0.0
266,0,0,1,0.327
266,0,0,3,0.0
266,0,0,4,0.0
266,0,0,25,0.0
266,0,0,26,0.0
266,0,0,31,0.0
267,0,0,1,0.3277
267,0,0,3,0.0
267,0,0,4,0.0
267,0,0,25,0.0
267,0,0,26,0.0
267,0,0,31,0.0
268,0,0,1,0.3282
268,0,0,3,0.0
268,0,0,4,0.0
268,0,0,25,0.0
268,0,0,26,0.0
268,0,0,31,0.0
269,0,0,1,0.3277
269,0,0,3,0.0
269,0,0,4,0.0
269,0,0,25,0.0
269,0,0,26,0.0
269,0,0,31,0.0
270,0,0,1,0.3256
270,0,0,3,0.0
270,0,0,4,0.0
270,0,0,25,0.0
270,0,0,26,0.0
271,0,0,1,0.3247
271,0,0,3,0.0
271,0,0,4,0.0
271,0,0,25,0.0
271,0,0,26,0.0
272,0,0,1,0.3246
272,0,0,3,0.0
272,0,0,4,0.0
272,0,0,25,0.0
272,0,0,26,0.0
273,0,0,1,0.3343
273,0,0,3,0.0
273,0,0,4,0.0
273,0,0,25,0.0
273,0,0,26,0.0
274,0,0,1,0.338
274,0,0,3,0.0
274,0,0,4,0.0
274,0,0,25,0.0
274,0,0,26,0.0
275,0,0,1,0.3395
275,0,0,3,0.0
275,0,0,4,0.0
275,0,0,25,0.0
275,0,0,26,0.0
276,0,0,1,0.3403
276,0,0,3,0.0
276,0,0,4,0.0
276,0,0,25,0.0
276,0,0,26,0.0
277,0,0,1,0.3391
277,0,0,3,0.0
277,0,0,4,0.0
277,0,0,25,0.0
277,0,0,26,0.0
278,0,0,1,0.3346
278,0,0,3,0.0
278,0,0,4,0.0
278,0,0,25,0.0
278,0,0,26,0.0
279,0,0,1,0.3331
279,0,0,3,0.0
279,0,0,4,0.0
279,0,0,25,0.0
279,0,0,26,0.0
280,0,0,1,0.3307
280,0,0,3,0.0
280,0,0,4,0.0
280,0,0,25,0.0
280,0,0,26,0.0
281,0,0,1,0.3304
281,0,0,3,0.0
281,0,0,4,0.0
281,0,0,25,0.0
281,0,0,26,0.0
282,0,0,1,0.33
282,0,0,3,0.0
282,0,0,4,0.0
282,0,0,25,0.0
282,0,0,26,0.0
283,0,0,1,0.3298
283,0,0,3,0.0
283,0,0,4,0.0
283,0,0,25,0.0
283,0,0,26,0.0
284,0,0,1,0.3308
284,0,0,3,0.0
284,0,0,4,0.0
284,0,0,25,0.0
284,0,0,26,0.0
285,0,0,1,0.3303
285,0,0,3,0.0
285,0,0,4,0.0
285,0,0,25,0.0
285,0,0,26,0.0
286,0,0,1,0.329
286,0,0,3,0.0
286,0,0,4,0.0
286,0,0,25,0.0
286,0,0,26,0.0
287,0,0,1,0.3562
287,0,0,3,0.0
287,0,0,4,0.0
287,0,0,25,0.0
287,0,0,26,0.0
288,0,0,1,0.3647
288,0,0,3,0.0001
288,0,0,4,0.0
288,0,0,25,0.0
288,0,0,26,0.0
289,0,0,1,0.3671
289,0,0,3,0.0002
289,0,0,4,0.0
289,0,0,25,0.0
289,0,0,26,0.0
290,0,0,1,0.3694
290,0,0,3,0.0003
290,0,0,4,0.0
290,0,0,25,0.0
290,0,0,26,0.0
291,0,0,1,0.3951
291,0,0,3,0.0005
291,0,0,4,0.0
291,0,0,25,0.0
291,0,0,26,0.0
292,0,0,1,0.4051
292,0,0,3,0.0005
292,0,0,4,0.0
292,0,0,25,0.0
292,0,0,26,0.0
293,0,0,1,0.4093
293,0,0,3,0.0004
293,0,0,4,0.0
293,0,0,25,0.0
293,0,0,26,0.0
294,0,0,1,0.4081
294,0,0,3,0.0004
294,0,0,4,0.0
294,0,0,25,0.0
294,0,0,26,0.0
295,0,0,1,0.3695
295,0,0,3,0.0
295,0,0,4,0.0
295,0,0,25,0.0
295,0,0,26,0.0
296,0,0,1,0.3557
296,0,0,3,0.0
296,0,0,4,0.0
296,0,0,25,0.0
296,0,0,26,0.0
297,0,0,1,0.3503
297,0,0,3,0.0
297,0,0,4,0.0
297,0,0,25,0.0
297,0,0,26,0.0
298,0,0,1,0.3482
298,0,0,3,0.0
298,0,0,4,0.0
298,0,0,25,0.0
298,0,0,26,0.0
299,0,0,1,0.3478
299,0,0,3,0.0
299,0,0,4,0.0
299,0,0,25,0.0
299,0,0,26,0.0
300,0,0,1,0.3486
300,0,0,3,0.0
300,0,0,4,0.0
300,0,0,25,0.0
300,0,0,26,0.0
301,0,0,1,0.3487
301,0,0,3,0.0
301,0,0,4,0.0
301,0,0,25,0.0
301,0,0,26,0.0
302,0,0,1,0.3459
302,0,0,3,0.0
302,0,0,4,0.0
302,0,0,25,0.0
302,0,0,26,0.0
303,0,0,1,0.3792
303,0,0,3,0.0466
303,0,0,4,0.0
303,0,0,25,0.0
303,0,0,26,0.0
304,0,0,1,0.3926
304,0,0,3,0.0932
304,0,0,4,0.0
304,0,0,25,0.0
304,0,0,26,0.0
305,0,0,1,0.3976
305,0,0,3,0.1148
305,0,0,4,0.0
305,0,0,25,0.0
305,0,0,26,0.0
306,0,0,1,0.3996
306,0,0,3,0.1235
306,0,0,4,0.0
306,0,0,25,0.0
306,0,0,26,0.0
307,0,0,1,0.3999
307,0,0,3,0.127
307,0,0,4,0.0
307,0,0,25,0.0
307,0,0,26,0.0
308,0,0,1,0.3998
308,0,0,3,0.1279
308,0,0,4,0.0
308,0,0,25,0.0
308,0,0,26,0.0
309,0,0,1,0.4093
309,0,0,3,0.116
309,0,0,4,0.0
309,0,0,25,0.0
309,0,0,26,0.0
310,0,0,1,0.409
310,0,0,3,0.1115
310,0,0,4,0.0
310,0,0,25,0.0
310,0,0,26,0.0
311,0,0,1,0.4143
311,0,0,3,0.1097
311,0,0,4,0.0
311,0,0,25,0.0
311,0,0,26,0.0
312,0,0,1,0.4363
312,0,0,3,0.4532
312,0,0,4,0.0
312,0,0,25,0.0
312,0,0,26,0.0
313,0,0,1,0.4454
313,0,0,3,0.6048
313,0,0,4,0.0
313,0,0,25,0.0
313,0,0,26,0.0
313,0,0,36,0.0
314,0,0,1,0.45
314,0,0,3,0.6583
314,0,0,4,0.0
314,0,0,25,0.0
314,0,0,26,0.0
314,0,0,36,0.0
315,0,0,1,0.452
315,0,0,3,0.6754
315,0,0,4,0.0
315,0,0,25,0.0
315,0,0,26,0.0
315,0,0,36,0.0
316,0,0,1,0.4524
316,0,0,3,0.6793
316,0,0,4,0.0
316,0,0,25,0.0
316,0,0,26,0.0
316,0,0,36,0.0
317,0,0,1,0.4526
317,0,0,3,0.6781
317,0,0,4,0.0
317,0,0,25,0.0
317,0,0,26,0.0
317,0,0,36,0.0
318,0,0,1,0.4532
318,0,0,3,0.676
318,0,0,4,0.0
318,0,0,25,0.0
318,0,0,26,0.0
318,0,0,36,0.0
319,0,0,1,0.4549
319,0,0,3,0.6733
319,0,0,4,0.0
319,0,0,25,0.0
319,0,0,26,0.0
319,0,0,36,0.0
320,0,0,1,0.4534
320,0,0,3,0.6713
320,0,0,4,0.0
320,0,0,25,0.0
320,0,0,26,0.0
320,0,0,36,0.0
321,0,0,1,0.4376
321,0,0,3,0.8159
321,0,0,4,0.0
321,0,0,25,0.0
321,0,0,26,0.0
321,0,0,36,0.0
322,0,0,1,0.4304
322,0,0,3,0.8577
322,0,0,4,0.0
322,0,0,25,0.0
322,0,0,26,0.0
322,0,0,36,0.0
323,0,0,1,0.4283
323,0,0,3,0.8705
323,0,0,4,0.0
323,0,0,25,0.0
323,0,0,26,0.0
323,0,0,36,0.0
324,0,0,1,0.4267
324,0,0,3,0.8738
324,0,0,4,0.0
324,0,0,25,0.0
324,0,0,26,0.0
324,0,0,36,0.0
325,0,0,1,0.4274
325,0,0,3,0.8753
325,0,0,4,0.0
325,0,0,25,0.0
325,0,0,26,0.0
325,0,0,36,0.0
326,0,0,1,0.4278
326,0,0,3,0.8745
326,0,0,4,0.0
326,0,0,25,0.0
326,0,0,26,0.0
326,0,0,36,0.0
327,0,0,1,0.4197
327,0,0,3,0.8717
327,0,0,4,0.0
327,0,0,25,0.0
327,0,0,26,0.0
328,0,0,1,0.4232
328,0,0,3,0.879
328,0,0,4,0.0
328,0,0,25,0.0
328,0,0,26,0.0
328,0,0,37,0.0
329,0,0,1,0.4571
329,0,0,3,0.8805
329,0,0,4,0.0
329,0,0,26,0.0
330,0,0,1,0.4708
330,0,0,3,0.8796
330,0,0,4,0.0
330,0,0,26,0.0
330,0,0,25,0.0
331,0,0,1,0.4753
331,0,0,3,0.8783
331,0,0,4,0.0
331,0,0,26,0.0
331,0,0,25,0.0
332,0,0,1,0.4773
332,0,0,3,0.8771
332,0,0,4,0.0
332,0,0,26,0.0
332,0,0,25,0.0
333,0,0,1,0.4768
333,0,0,3,0.8762
333,0,0,4,0.0
333,0,0,26,0.0
333,0,0,25,0.0
334,0,0,1,0.4757
334,0,0,3,0.875
334,0,0,4,0.0
334,0,0,26,0.0
334,0,0,25,0.0
335,0,0,1,0.4745
335,0,0,3,0.8737
335,0,0,4,0.0
335,0,0,26,0.0
335,0,0,25,0.0
336,0,0,1,0.4742
336,0,0,3,0.873
336,0,0,4,0.0
336,0,0,26,0.0
336,0,0,25,0.0
337,0,0,1,0.4928
337,0,0,3,0.916
337,0,0,4,0.0
337,0,0,26,0.0
337,0,0,25,0.0
338,0,0,1,0.501
338,0,0,3,0.9309
338,0,0,4,0.0
338,0,0,26,0.0
338,0,0,25,0.0
339,0,0,1,0.5028
339,0,0,3,0.94
339,0,0,4,0.0
339,0,0,26,0.0
339,0,0,25,0.0
340,0,0,1,0.5037
340,0,0,3,0.9399
340,0,0,4,0.0
340,0,0,26,0.0
340,0,0,25,0.0
341,0,0,1,0.5039
341,0,0,3,0.9403
341,0,0,4,0.0
341,0,0,26,0.0
341,0,0,25,0.0
342,0,0,1,0.5025
342,0,0,3,0.9439
342,0,0,4,0.0
342,0,0,26,0.0
342,0,0,25,0.0
343,0,0,1,0.5022
343,0,0,3,0.9452
343,0,0,4,0.0
343,0,0,26,0.0
343,0,0,25,0.0
344,0,0,1,0.5033
344,0,0,3,0.9458
344,0,0,4,0.0
344,0,0,26,0.0
344,0,0,25,0.0
345,0,0,1,0.5027
345,0,0,3,0.946
345,0,0,4,0.0
345,0,0,26,0.0
345,0,0,25,0.0
346,0,0,1,0.5023
346,0,0,3,0.9461
346,0,0,4,0.0
346,0,0,26,0.0
346,0,0,25,0.0
347,0,0,1,0.4554
347,0,0,3,0.9418
347,0,0,4,0.0
347,0,0,26,0.0
347,0,0,25,0.0
348,0,0,1,0.1971
348,0,0,3,0.9829
348,0,0,4,0.0
348,0,0,26,0.0
348,0,0,25,0.0
348,0,0,40,0.0
349,0,0,1,0.129
349,0,0,3,0.9927
349,0,0,4,0.0
349,0,0,26,0.0
349,0,0,25,0.0
349,0,0,40,0.0
350,0,0,1,0.1074
350,0,0,3,0.9955
350,0,0,4,0.0
350,0,0,26,0.0
350,0,0,25,0.0
350,0,0,40,0.0
351,0,0,1,0.1004
351,0,0,3,0.9968
351,0,0,4,0.0
351,0,0,26,0.0
351,0,0,25,0.0
351,0,0,40,0.0
352,0,0,1,0.0985
352,0,0,3,0.9946
352,0,0,4,0.0
352,0,0,26,0.0
352,0,0,25,0.0
352,0,0,40,0.0
353,0,0,1,0.0986
353,0,0,3,0.9932
353,0,0,4,0.0
353,0,0,26,0.0
353,0,0,25,0.0
353,0,0,40,0.0
354,0,0,1,0.0993
354,0,0,3,0.9928
354,0,0,4,0.0
354,0,0,26,0.0
354,0,0,25,0.0
354,0,0,40,0.0
355,0,0,1,0.0448
355,0,0,3,1.0
355,0,0,4,0.0
355,0,0,26,0.0
355,0,0,25,0.0
355,0,0,40,0.0
356,0,0,1,0.0304
356,0,0,3,1.0
356,0,0,4,0.0
356,0,0,26,0.0
356,0,0,25,0.0
356,0,0,40,0.0
357,0,0,1,0.0259
357,0,0,3,1.0
357,0,0,4,0.0
357,0,0,26,0.0
357,0,0,25,0.0
357,0,0,40,0.0
358,0,0,1,0.0244
358,0,0,3,1.0
358,0,0,4,0.0
358,0,0,26,0.0
358,0,0,25,0.0
358,0,0,40,0.0
359,0,0,1,0.0241
359,0,0,3,1.0
359,0,0,4,0.0
359,0,0,26,0.0
359,0,0,25,0.0
359,0,0,40,0.0
360,0,0,1,0.0238
360,0,0,3,1.0
360,0,0,4,0.0
360,0,0,26,0.0
360,0,0,25,0.0
360,0,0,40,0.0
361,0,0,1,0.0239
361,0,0,3,1.0
361,0,0,4,0.0
361,0,0,26,0.0
361,0,0,25,0.0
361,0,0,40,0.0
362,0,0,1,0.024
362,0,0,3,1.0
362,0,0,4,0.0
362,0,0,26,0.0
362,0,0,25,0.0
362,0,0,40,0.0
363,0,0,1,0.0243
363,0,0,3,1.0
363,0,0,4,0.0
363,0,0,26,0.0
363,0,0,25,0.0
363,0,0,40,0.0
364,0,0,1,0.0216
364,0,0,3,1.0
364,0,0,4,0.0
364,0,0,26,0.0
364,0,0,40,0.0
365,0,0,1,0.039
365,0,0,3,1.0
365,0,0,4,0.0
365,0,0,26,0.0
365,0,0,40,0.0
365,0,0,41,0.0
366,0,0,1,0.0471
366,0,0,3,1.0
366,0,0,4,0.0
366,0,0,26,0.0
366,0,0,40,0.0
366,0,0,41,0.0
367,0,0,1,0.0504
367,0,0,3,1.0
367,0,0,4,0.0
367,0,0,26,0.0
367,0,0,40,0.0
367,0,0,41,0.0
368,0,0,1,0.0518
368,0,0,3,1.0
368,0,0,4,0.0
368,0,0,26,0.0
368,0,0,40,0.0
368,0,0,41,0.0
369,0,0,1,0.0522
369,0,0,3,1.0
369,0,0,4,0.0
369,0,0,26,0.0
369,0,0,40,0.0
369,0,0,41,0.0
370,0,0,1,0.0523
370,0,0,3,1.0
370,0,0,4,0.0
370,0,0,26,0.0
370,0,0,40,0.0
370,0,0,41,0.0
371,0,0,1,0.052
371,0,0,3,1.0
371,0,0,4,0.0
371,0,0,26,0.0
371,0,0,40,0.0
371,0,0,41,0.0
372,0,0,1,0.0495
372,0,0,3,1.0
372,0,0,4,0.0
372,0,0,26,0.0
372,0,0,40,0.0
372,0,0,41,0.0
373,0,0,1,0.0505
373,0,0,3,1.0
373,0,0,4,0.0177
373,0,0,26,0.0
373,0,0,40,0.0
374,0,0,1,0.0513
374,0,0,3,1.0
374,0,0,4,0.0392
374,0,0,26,0.0
374,0,0,40,0.0
375,0,0,1,0.0488
375,0,0,3,1.0
375,0,0,4,0.04
375,0,0,26,0.0
375,0,0,40,0.0
376,0,0,1,0.0473
376,0,0,3,1.0
376,0,0,4,0.0393
376,0,0,26,0.0
376,0,0,40,0.0
377,0,0,1,0.0461
377,0,0,3,1.0
377,0,0,4,0.038
377,0,0,26,0.0
377,0,0,40,0.0
378,0,0,1,0.0454
378,0,0,3,1.0
378,0,0,4,0.0361
378,0,0,26,0.0
378,0,0,40,0.0
379,0,0,1,0.0439
379,0,0,3,1.0
379,0,0,4,0.0343
379,0,0,26,0.0
379,0,0,40,0.0
380,0,0,1,0.0429
380,0,0,3,1.0
380,0,0,4,0.0329
380,0,0,26,0.0
380,0,0,40,0.0
381,0,0,1,0.0421
381,0,0,3,1.0
381,0,0,4,0.0319
381,0,0,26,0.0
381,0,0,40,0.0
382,0,0,1,0.0709
382,0,0,3,1.0
382,0,0,4,0.0464
382,0,0,26,0.0
382,0,0,40,0.0
383,0,0,1,0.0835
383,0,0,3,1.0
383,0,0,4,0.0464
383,0,0,26,0.0
383,0,0,40,0.0
384,0,0,1,0.0882
384,0,0,3,1.0
384,0,0,4,0.0457
384,0,0,26,0.0
384,0,0,40,0.0
385,0,0,1,0.0893
385,0,0,3,1.0
385,0,0,4,0.0451
385,0,0,26,0.0
385,0,0,40,0.0
386,0,0,1,0.0887
386,0,0,3,1.0
386,0,0,4,0.0446
386,0,0,26,0.0
386,0,0,40,0.0
387,0,0,1,0.0878
387,0,0,3,1.0
387,0,0,4,0.0444
387,0,0,26,0.0
387,0,0,40,0.0
388,0,0,1,0.0874
388,0,0,3,1.0
388,0,0,4,0.0441
388,0,0,26,0.0
388,0,0,40,0.0
389,0,0,1,0.1105
389,0,0,3,1.0
389,0,0,4,0.2494
389,0,0,26,0.0
389,0,0,25,0.0
389,0,0,41,0.0
390,0,0,1,0.1202
390,0,0,3,1.0
390,0,0,4,0.3556
390,0,0,26,0.0
390,0,0,25,0.0
390,0,0,41,0.0
391,0,0,1,0.1233
391,0,0,3,1.0
391,0,0,4,0.3811
391,0,0,26,0.0
391,0,0,25,0.0
391,0,0,41,0.0
392,0,0,1,0.1249
392,0,0,3,1.0
392,0,0,4,0.3787
392,0,0,26,0.0
392,0,0,25,0.0
392,0,0,41,0.0
393,0,0,1,0.1251
393,0,0,3,1.0
393,0,0,4,0.3771
393,0,0,26,0.0
393,0,0,25,0.0
393,0,0,41,0.0
394,0,0,1,0.1252
394,0,0,3,1.0
394,0,0,4,0.372
394,0,0,26,0.0
394,0,0,25,0.0
394,0,0,41,0.0
395,0,0,1,0.1246
395,0,0,3,1.0
395,0,0,4,0.3663
395,0,0,26,0.0
395,0,0,25,0.0
396,0,0,1,0.1249
396,0,0,3,1.0
396,0,0,4,0.3729
396,0,0,26,0.0
396,0,0,25,0.0
397,0,0,1,0.1246
397,0,0,3,1.0
397,0,0,4,0.4179
397,0,0,26,0.0
397,0,0,25,0.0
397,0,0,41,0.0
398,0,0,1,0.1246
398,0,0,3,1.0
398,0,0,4,0.4328
398,0,0,26,0.0
398,0,0,25,0.0
398,0,0,41,0.0
399,0,0,1,0.1236
399,0,0,3,1.0
399,0,0,4,0.4308
399,0,0,26,0.0
399,0,0,25,0.0
399,0,0,41,0.0
400,0,0,1,0.187
400,0,0,3,1.0
400,0,0,4,0.6331
400,0,0,26,0.0
400,0,0,25,0.0
401,0,0,1,0.2403
401,0,0,3,1.0
401,0,0,4,0.6969
401,0,0,26,0.0
401,0,0,25,0.0
402,0,0,1,0.2625
402,0,0,3,1.0
402,0,0,4,0.7187
402,0,0,26,0.0
402,0,0,25,0.0
403,0,0,1,0.2705
403,0,0,3,1.0
403,0,0,4,0.7253
403,0,0,26,0.0
403,0,0,25,0.0
404,0,0,1,0.2735
404,0,0,3,1.0
404,0,0,4,0.7259
404,0,0,26,0.0
404,0,0,25,0.0
405,0,0,1,0.2747
405,0,0,3,1.0
405,0,0,4,0.7249
405,0,0,26,0.0
405,0,0,25,0.0
406,0,0,1,0.2759
406,0,0,3,1.0
406,0,0,4,0.7235
406,0,0,26,0.0
406,0,0,25,0.0
407,0,0,1,0.2757
407,0,0,3,1.0
407,0,0,4,0.722
407,0,0,26,0.0
407,0,0,25,0.0
408,0,0,1,0.4145
408,0,0,3,1.0
408,0,0,4,0.8255
408,0,0,26,0.0
408,0,0,25,0.0
408,0,0,41,0.0
409,0,0,1,0.4685
409,0,0,3,1.0
409,0,0,4,0.8592
409,0,0,26,0.0
409,0,0,25,0.0
409,0,0,41,0.0
410,0,0,1,0.4878
410,0,0,3,1.0
410,0,0,4,0.8692
410,0,0,26,0.0
410,0,0,25,0.0
410,0,0,41,0.0
411,0,0,1,0.494
411,0,0,3,1.0
411,0,0,4,0.8725
411,0,0,26,0.0
411,0,0,25,0.0
411,0,0,41,0.0
412,0,0,1,0.4947
412,0,0,3,1.0
412,0,0,4,0.873
412,0,0,26,0.0
412,0,0,25,0.0
412,0,0,41,0.0
413,0,0,1,0.4935
413,0,0,3,1.0
413,0,0,4,0.8729
413,0,0,26,0.0
413,0,0,25,0.0
413,0,0,41,0.0
414,0,0,1,0.4944
414,0,0,3,1.0
414,0,0,4,0.872
414,0,0,26,0.0
414,0,0,25,0.0
414,0,0,41,0.0
415,0,0,1,0.547
415,0,0,3,1.0
415,0,0,4,0.9102
415,0,0,26,0.0
415,0,0,25,0.0
415,0,0,41,0.0
416,0,0,1,0.5635
416,0,0,3,1.0
416,0,0,4,0.9218
416,0,0,26,0.0
416,0,0,25,0.0025
416,0,0,41,0.0
417,0,0,1,0.569
417,0,0,3,1.0
417,0,0,4,0.9265
417,0,0,26,0.0
417,0,0,25,0.0152
417,0,0,41,0.0
418,0,0,1,0.5708
418,0,0,3,1.0
418,0,0,4,0.9295
418,0,0,26,0.0
418,0,0,25,0.0221
418,0,0,41,0.0
419,0,0,1,0.5752
419,0,0,3,1.0
419,0,0,4,0.9288
419,0,0,26,0.0
419,0,0,25,0.0278
420,0,0,1,0.5758
420,0,0,3,1.0
420,0,0,4,0.9286
420,0,0,26,0.0
420,0,0,25,0.0293
421,0,0,1,0.5762
421,0,0,3,1.0
421,0,0,4,0.9304
421,0,0,26,0.0
421,0,0,25,0.0286
422,0,0,1,0.5757
422,0,0,3,1.0
422,0,0,4,0.931
422,0,0,26,0.0
422,0,0,25,0.0275
423,0,0,1,0.5744
423,0,0,3,1.0
423,0,0,4,0.9309
423,0,0,26,0.0
423,0,0,25,0.0266
424,0,0,1,0.5751
424,0,0,3,1.0
424,0,0,4,0.9307
424,0,0,26,0.0
424,0,0,25,0.0259
425,0,0,1,0.5738
425,0,0,3,1.0
425,0,0,4,0.931
425,0,0,26,0.0
425,0,0,25,0.0253
426,0,0,1,0.6173
426,0,0,3,1.0
426,0,0,4,0.9609
426,0,0,26,0.0
426,0,0,25,0.0053
426,0,0,41,0.0
427,0,0,1,0.6331
427,0,0,3,1.0
427,0,0,4,0.9689
427,0,0,26,0.0
427,0,0,25,0.0015
427,0,0,41,0.0
428,0,0,1,0.6372
428,0,0,3,1.0
428,0,0,4,0.9724
428,0,0,26,0.0
428,0,0,25,0.0007
428,0,0,41,0.0
429,0,0,1,0.6385
429,0,0,3,1.0
429,0,0,4,0.9735
429,0,0,26,0.0
429,0,0,25,0.0005
429,0,0,41,0.0
430,0,0,1,0.6382
430,0,0,3,1.0
430,0,0,4,0.9732
430,0,0,26,0.0
430,0,0,25,0.0004
430,0,0,41,0.0
431,0,0,1,0.6365
431,0,0,3,1.0
431,0,0,4,0.9736
431,0,0,26,0.0
431,0,0,25,0.0005
431,0,0,41,0.0
432,0,0,1,0.6346
432,0,0,3,1.0
432,0,0,4,0.9759
432,0,0,26,0.0
432,0,0,25,0.0002
432,0,0,41,0.0
433,0,0,1,0.6914
433,0,0,3,1.0
433,0,0,4,1.0
433,0,0,26,0.0
433,0,0,25,0.0323
433,0,0,41,0.0
434,0,0,1,0.7121
434,0,0,3,1.0
434,0,0,4,1.0
434,0,0,26,0.0
434,0,0,25,0.0589
434,0,0,41,0.0
435,0,0,1,0.7197
435,0,0,3,1.0
435,0,0,4,1.0
435,0,0,26,0.0
435,0,0,25,0.0684
435,0,0,41,0.0
436,0,0,1,0.72
436,0,0,3,1.0
436,0,0,4,1.0
436,0,0,26,0.0
436,0,0,25,0.0715
436,0,0,41,0.0
437,0,0,1,0.7219
437,0,0,3,1.0
437,0,0,4,1.0
437,0,0,26,0.0
437,0,0,25,0.0668
437,0,0,41,0.0
438,0,0,1,0.723
438,0,0,3,1.0
438,0,0,4,1.0
438,0,0,26,0.0
438,0,0,25,0.0644
438,0,0,41,0.0
439,0,0,1,0.7223
439,0,0,3,1.0
439,0,0,4,1.0
439,0,0,26,0.0
439,0,0,25,0.0631
439,0,0,41,0.0
440,0,0,1,0.7208
440,0,0,3,1.0
440,0,0,4,1.0
440,0,0,26,0.0
440,0,0,25,0.0624
440,0,0,41,0.0
441,0,0,1,0.7223
441,0,0,3,1.0
441,0,0,4,1.0
441,0,0,26,0.0
441,0,0,25,0.062
441,0,0,41,0.0
442,0,0,1,0.7216
442,0,0,3,1.0
442,0,0,4,1.0
442,0,0,26,0.0
442,0,0,25,0.0618
442,0,0,41,0.0
443,0,0,1,0.8584
443,0,0,3,1.0
443,0,0,4,1.0
443,0,0,26,0.0
443,0,0,25,0.0798
443,0,0,41,0.0
444,0,0,1,0.8994
444,0,0,3,1.0
444,0,0,4,1.0
444,0,0,26,0.0
444,0,0,25,0.087
444,0,0,41,0.0
445,0,0,1,0.9128
445,0,0,3,1.0
445,0,0,4,1.0
445,0,0,26,0.0
445,0,0,25,0.0895
445,0,0,41,0.0
446,0,0,1,0.9172
446,0,0,3,1.0
446,0,0,4,1.0
446,0,0,26,0.0
446,0,0,25,0.091
446,0,0,41,0.0
447,0,0,1,0.919
447,0,0,3,1.0
447,0,0,4,1.0
447,0,0,26,0.0
447,0,0,25,0.0917
447,0,0,41,0.0
448,0,0,1,0.919
448,0,0,3,1.0
448,0,0,4,1.0
448,0,0,26,0.0
448,0,0,25,0.0919
448,0,0,41,0.0
449,0,0,1,0.9195
449,0,0,3,1.0
449,0,0,4,1.0
449,0,0,26,0.0
449,0,0,25,0.0921
449,0,0,41,0.0
450,0,0,1,0.9189
450,0,0,3,1.0
450,0,0,4,1.0
450,0,0,26,0.0
450,0,0,25,0.0924
450,0,0,41,0.0
451,0,0,1,1.0
451,0,0,3,1.0
451,0,0,4,1.0
451,0,0,26,0.0354
451,0,0,25,0.174
451,0,0,41,0.0
452,0,0,1,1.0
452,0,0,3,1.0
452,0,0,4,1.0
452,0,0,26,0.2212
452,0,0,25,0.2076
452,0,0,41,0.0
453,0,0,1,1.0
453,0,0,3,1.0
453,0,0,4,1.0
453,0,0,26,0.3128
453,0,0,25,0.2192
453,0,0,41,0.0
454,0,0,1,1.0
454,0,0,3,1.0
454,0,0,4,1.0
454,0,0,26,0.3447
454,0,0,25,0.223
454,0,0,41,0.0
455,0,0,1,1.0
455,0,0,3,1.0
455,0,0,4,1.0
455,0,0,26,0.343
455,0,0,25,0.157
455,0,0,41,0.0
456,0,0,1,1.0
456,0,0,3,1.0
456,0,0,4,1.0
456,0,0,26,0.3357
456,0,0,25,0.1323
456,0,0,41,0.0
457,0,0,1,1.0
457,0,0,3,1.0
457,0,0,4,1.0
457,0,0,26,0.3288
457,0,0,25,0.1231
457,0,0,41,0.0
458,0,0,1,1.0
458,0,0,3,1.0
458,0,0,4,1.0
458,0,0,26,0.3246
458,0,0,25,0.1197
458,0,0,41,0.0
459,0,0,1,1.0
459,0,0,3,1.0
459,0,0,4,1.0
459,0,0,26,0.3208
459,0,0,25,0.1184
459,0,0,41,0.0
460,0,0,1,1.0
460,0,0,3,1.0
460,0,0,4,1.0
460,0,0,26,0.0
460,0,0,25,0.2183
460,0,0,41,0.0
461,0,0,1,1.0
461,0,0,3,1.0
461,0,0,4,1.0
461,0,0,26,0.0
461,0,0,25,0.2565
461,0,0,41,0.0
462,0,0,1,1.0
462,0,0,3,1.0
462,0,0,4,1.0
462,0,0,26,0.0
462,0,0,25,0.2706
462,0,0,41,0.0
463,0,0,1,1.0
463,0,0,3,1.0
463,0,0,4,1.0
463,0,0,26,0.0
463,0,0,25,0.2762
463,0,0,41,0.0
464,0,0,1,1.0
464,0,0,3,1.0
464,0,0,4,1.0
464,0,0,26,0.0
464,0,0,25,0.2893
464,0,0,41,0.0
465,0,0,1,1.0
465,0,0,3,1.0
465,0,0,4,1.0
465,0,0,26,0.0
465,0,0,25,0.2961
465,0,0,41,0.0
466,0,0,1,1.0
466,0,0,3,1.0
466,0,0,4,1.0
466,0,0,26,0.0
466,0,0,25,0.2968
466,0,0,41,0.0
467,0,0,1,1.0
467,0,0,3,1.0
467,0,0,4,1.0
467,0,0,26,0.0
467,0,0,25,0.3122
467,0,0,41,0.0
468,0,0,1,1.0
468,0,0,3,1.0
468,0,0,4,1.0
468,0,0,26,0.0089
468,0,0,25,0.3177
468,0,0,41,0.0
469,0,0,1,1.0
469,0,0,3,1.0
469,0,0,4,1.0
469,0,0,26,0.0309
469,0,0,25,0.3181
469,0,0,41,0.0
470,0,0,1,1.0
470,0,0,3,1.0
470,0,0,4,1.0
470,0,0,26,0.0427
470,0,0,25,0.3177
470,0,0,41,0.0
471,0,0,1,1.0
471,0,0,3,1.0
471,0,0,4,1.0
471,0,0,26,0.0471
471,0,0,25,0.3163
471,0,0,41,0.0
472,0,0,1,1.0
472,0,0,3,1.0
472,0,0,4,1.0
472,0,0,26,0.0479
472,0,0,25,0.3155
472,0,0,41,0.0
473,0,0,1,1.0
473,0,0,3,1.0
473,0,0,4,1.0
473,0,0,26,0.0894
473,0,0,25,0.3259
473,0,0,41,0.0
474,0,0,1,1.0
474,0,0,3,1.0
474,0,0,4,1.0
474,0,0,26,0.1073
474,0,0,25,0.3295
474,0,0,41,0.0
475,0,0,1,1.0
475,0,0,3,1.0
475,0,0,4,1.0
475,0,0,26,0.1131
475,0,0,25,0.3307
475,0,0,41,0.0
476,0,0,1,1.0
476,0,0,3,1.0
476,0,0,4,1.0
476,0,0,26,0.1143
476,0,0,25,0.3309
476,0,0,41,0.0
477,0,0,1,1.0
477,0,0,3,1.0
477,0,0,4,1.0
477,0,0,26,0.1141
477,0,0,25,0.3307
477,0,0,41,0.0
478,0,0,1,1.0
478,0,0,3,1.0
478,0,0,4,1.0
478,0,0,26,0.3519
478,0,0,25,0.368
478,0,0,41,0.0
479,0,0,1,1.0
479,0,0,3,1.0
479,0,0,4,1.0
479,0,0,26,0.4389
479,0,0,25,0.3822
479,0,0,41,0.0
479,0,0,46,0.0
480,0,0,1,1.0
480,0,0,3,1.0
480,0,0,4,1.0
480,0,0,26,0.4714
480,0,0,25,0.3879
480,0,0,41,0.0
480,0,0,46,0.0
481,0,0,1,1.0
481,0,0,3,1.0
481,0,0,4,1.0
481,0,0,26,0.482
481,0,0,25,0.3915
481,0,0,41,0.0
481,0,0,46,0.0
482,0,0,1,1.0
482,0,0,3,1.0
482,0,0,4,1.0
482,0,0,26,0.4834
482,0,0,25,0.3901
482,0,0,41,0.0
482,0,0,46,0.0
483,0,0,1,1.0
483,0,0,3,1.0
483,0,0,4,1.0
483,0,0,26,0.4824
483,0,0,25,0.3893
483,0,0,41,0.0
483,0,0,46,0.0
484,0,0,1,1.0
484,0,0,3,1.0
484,0,0,4,1.0
484,0,0,26,0.4805
484,0,0,25,0.3887
484,0,0,41,0.0
484,0,0,46,0.0
485,0,0,1,1.0
485,0,0,3,1.0
485,0,0,4,1.0
485,0,0,26,0.4792
485,0,0,25,0.3908
485,0,0,41,0.0
485,0,0,46,0.0
486,0,0,1,1.0
486,0,0,3,1.0
486,0,0,4,1.0
486,0,0,26,0.4581
486,0,0,25,0.537
486,0,0,41,0.0
487,0,0,1,1.0
487,0,0,3,1.0
487,0,0,4,1.0
487,0,0,26,0.4492
487,0,0,25,0.5905
487,0,0,41,0.0
488,0,0,1,1.0
488,0,0,3,1.0
488,0,0,4,1.0
488,0,0,26,0.4449
488,0,0,25,0.6101
488,0,0,41,0.0
489,0,0,1,1.0
489,0,0,3,1.0
489,0,0,4,1.0
489,0,0,26,0.4408
489,0,0,25,0.616
489,0,0,41,0.0
490,0,0,1,1.0
490,0,0,3,1.0
490,0,0,4,1.0
490,0,0,26,0.4386
490,0,0,25,0.6161
490,0,0,41,0.0
491,0,0,1,1.0
491,0,0,3,1.0
491,0,0,4,1.0
491,0,0,26,0.4512
491,0,0,25,0.6127
491,0,0,41,0.0
492,0,0,1,1.0
492,0,0,3,1.0
492,0,0,4,1.0
492,0,0,26,0.4554
492,0,0,25,0.6108
492,0,0,41,0.0
493,0,0,1,1.0
493,0,0,3,1.0
493,0,0,4,1.0
493,0,0,26,0.4608
493,0,0,25,0.6399
493,0,0,41,0.0
494,0,0,1,1.0
494,0,0,3,1.0
494,0,0,4,1.0
494,0,0,26,0.5519
494,0,0,25,0.7115
494,0,0,41,0.0
495,0,0,1,1.0
495,0,0,3,1.0
495,0,0,4,1.0
495,0,0,26,0.5809
495,0,0,25,0.7652
495,0,0,41,0.0
496,0,0,1,1.0
496,0,0,3,1.0
496,0,0,4,1.0
496,0,0,26,0.5916
496,0,0,25,0.7848
496,0,0,41,0.0
497,0,0,1,1.0
497,0,0,3,1.0
497,0,0,4,1.0
497,0,0,26,0.5929
497,0,0,25,0.79
497,0,0,41,0.0
498,0,0,1,1.0
498,0,0,3,1.0
498,0,0,4,1.0
498,0,0,26,0.5924
498,0,0,25,0.7942
498,0,0,41,0.0
499,0,0,1,1.0
499,0,0,3,1.0
499,0,0,4,1.0
499,0,0,26,0.5916
499,0,0,25,0.7957
499,0,0,41,0.0
500,0,0,1,1.0
500,0,0,3,1.0
500,0,0,4,1.0
500,0,0,26,0.5908
500,0,0,25,0.7954
500,0,0,41,0.0
501,0,0,1,1.0
501,0,0,3,1.0
501,0,0,4,1.0
501,0,0,26,0.5901
501,0,0,25,0.7943
501,0,0,41,0.0
502,0,0,1,1.0
502,0,0,3,1.0
502,0,0,4,1.0
502,0,0,26,0.5893
502,0,0,25,0.7989
502,0,0,41,0.0
503,0,0,1,1.0
503,0,0,3,1.0
503,0,0,4,1.0
503,0,0,26,0.6065
503,0,0,25,0.7609
503,0,0,41,0.0
504,0,0,1,1.0
504,0,0,3,1.0
504,0,0,4,1.0
504,0,0,26,0.6129
504,0,0,25,0.7459
504,0,0,41,0.0
505,0,0,1,1.0
505,0,0,3,1.0
505,0,0,4,1.0
505,0,0,26,0.6151
505,0,0,25,0.7404
505,0,0,41,0.0
506,0,0,1,1.0
506,0,0,3,1.0
506,0,0,4,1.0
506,0,0,26,0.6147
506,0,0,25,0.7377
506,0,0,41,0.0
507,0,0,1,1.0
507,0,0,3,1.0
507,0,0,4,1.0
507,0,0,26,0.612
507,0,0,25,0.7409
507,0,0,41,0.0
508,0,0,1,1.0
508,0,0,3,1.0
508,0,0,4,1.0
508,0,0,26,0.6113
508,0,0,25,0.7405
508,0,0,41,0.0
509,0,0,1,1.0
509,0,0,3,1.0
509,0,0,4,1.0
509,0,0,26,0.612
509,0,0,25,0.7389
509,0,0,41,0.0
510,0,0,1,1.0
510,0,0,3,1.0
510,0,0,4,1.0
510,0,0,26,0.6143
510,0,0,25,0.7962
510,0,0,41,0.0
511,0,0,1,1.0
511,0,0,3,1.0
511,0,0,4,1.0
511,0,0,26,0.6119
511,0,0,25,0.8012
511,0,0,41,0.0
512,0,0,1,1.0
512,0,0,3,1.0
512,0,0,4,1.0
512,0,0,26,0.6111
512,0,0,25,0.8029
512,0,0,41,0.0
513,0,0,1,1.0
513,0,0,3,1.0
513,0,0,4,1.0
513,0,0,26,0.6107
513,0,0,25,0.8024
513,0,0,41,0.0
514,0,0,1,1.0
514,0,0,3,1.0
514,0,0,4,1.0
514,0,0,26,0.6102
514,0,0,25,0.8024
514,0,0,41,0.0
515,0,0,1,1.0
515,0,0,3,1.0
515,0,0,4,1.0
515,0,0,26,0.6099
515,0,0,25,0.8024
515,0,0,41,0.0
516,0,0,1,1.0
516,0,0,3,1.0
516,0,0,4,1.0
516,0,0,26,0.6094
516,0,0,25,0.8019
516,0,0,41,0.0
517,0,0,1,1.0
517,0,0,3,1.0
517,0,0,4,1.0
517,0,0,26,0.6086
517,0,0,25,0.799
517,0,0,41,0.0
518,0,0,1,1.0
518,0,0,3,1.0
518,0,0,4,1.0
518,0,0,26,0.9721
518,0,0,25,0.9253
519,0,0,1,1.0
519,0,0,3,1.0
519,0,0,4,1.0
519,0,0,26,1.0
519,0,0,25,0.9549
520,0,0,1,1.0
520,0,0,3,1.0
520,0,0,4,1.0
520,0,0,26,1.0
520,0,0,25,0.9629
521,0,0,1,1.0
521,0,0,3,1.0
521,0,0,4,1.0
521,0,0,26,1.0
521,0,0,25,0.9646
522,0,0,1,1.0
522,0,0,3,1.0
522,0,0,4,1.0
522,0,0,26,1.0
522,0,0,25,0.9654
523,0,0,1,1.0
523,0,0,3,1.0
523,0,0,4,1.0
523,0,0,26,1.0
523,0,0,25,0.966
524,0,0,1,1.0
524,0,0,3,1.0
524,0,0,4,1.0
524,0,0,26,1.0
524,0,0,25,0.9651
525,0,0,1,1.0
525,0,0,3,1.0
525,0,0,4,1.0
525,0,0,26,1.0
525,0,0,25,0.9638
526,0,0,1,1.0
526,0,0,3,1.0
526,0,0,4,1.0
526,0,0,26,1.0
526,0,0,25,0.9638
527,0,0,1,1.0
527,0,0,3,1.0
527,0,0,4,1.0
527,0,0,26,1.0
527,0,0,25,0.9647
528,0,0,1,1.0
528,0,0,3,1.0
528,0,0,4,1.0
528,0,0,26,1.0
528,0,0,25,0.9986
529,0,0,1,1.0
529,0,0,3,1.0
529,0,0,4,1.0
529,0,0,26,1.0
529,0,0,25,1.0
529,0,0,41,0.0
530,0,0,1,1.0
530,0,0,3,1.0
530,0,0,4,1.0
530,0,0,26,1.0
530,0,0,25,1.0
530,0,0,41,0.0
531,0,0,1,1.0
531,0,0,3,1.0
531,0,0,4,1.0
531,0,0,26,1.0
531,0,0,25,1.0
531,0,0,41,0.0
532,0,0,1,1.0
532,0,0,3,1.0
532,0,0,4,1.0
532,0,0,26,1.0
532,0,0,25,1.0
532,0,0,41,0.0
533,0,0,1,1.0
533,0,0,3,1.0
533,0,0,4,1.0
533,0,0,26,1.0
533,0,0,25,1.0
533,0,0,41,0.0
534,0,0,1,1.0
534,0,0,3,1.0
534,0,0,4,1.0
534,0,0,26,1.0
534,0,0,25,1.0
534,0,0,41,0.0
535,0,0,1,1.0
535,0,0,3,1.0
535,0,0,4,1.0
535,0,0,26,1.0
535,0,0,25,1.0
535,0,0,41,0.0
536,0,0,1,1.0
536,0,0,3,1.0
536,0,0,4,1.0
536,0,0,26,1.0
536,0,0,25,1.0
536,0,0,41,0.0
537,0,0,1,1.0
537,0,0,3,1.0
537,0,0,4,1.0
537,0,0,26,0.9972
537,0,0,25,1.0
538,0,0,1,1.0
538,0,0,3,1.0
538,0,0,4,1.0
538,0,0,26,0.9854
538,0,0,25,1.0
538,0,0,41,0.0
539,0,0,1,1.0
539,0,0,3,1.0
539,0,0,4,1.0
539,0,0,26,0.9782
539,0,0,25,1.0
539,0,0,41,0.0
540,0,0,1,1.0
540,0,0,3,1.0
540,0,0,4,1.0
540,0,0,26,0.9768
540,0,0,25,1.0
540,0,0,41,0.0
541,0,0,1,1.0
541,0,0,3,1.0
541,0,0,4,1.0
541,0,0,26,0.977
541,0,0,25,1.0
541,0,0,41,0.0
542,0,0,1,1.0
542,0,0,3,1.0
542,0,0,4,1.0
542,0,0,26,0.9776
542,0,0,25,1.0
542,0,0,41,0.0
543,0,0,1,1.0
543,0,0,3,1.0
543,0,0,4,1.0
543,0,0,26,0.9778
543,0,0,25,1.0
543,0,0,41,0.0
544,0,0,1,1.0
544,0,0,3,1.0
544,0,0,4,1.0
544,0,0,26,0.9779
544,0,0,25,1.0
544,0,0,41,0.0
545,0,0,1,1.0
545,0,0,3,1.0
545,0,0,4,1.0
545,0,0,26,0.9774
545,0,0,25,1.0
545,0,0,41,0.0
546,0,0,1,1.0
546,0,0,3,1.0
546,0,0,4,1.0
546,0,0,26,0.947
546,0,0,25,1.0
546,0,0,41,0.0
547,0,0,1,1.0
547,0,0,3,1.0
547,0,0,4,1.0
547,0,0,26,0.9276
547,0,0,25,1.0
547,0,0,41,0.0
548,0,0,1,1.0
548,0,0,3,1.0
548,0,0,4,1.0
548,0,0,26,0.9195
548,0,0,25,1.0
548,0,0,41,0.0
549,0,0,1,1.0
549,0,0,3,1.0
549,0,0,4,1.0
549,0,0,26,0.9183
549,0,0,25,1.0
549,0,0,41,0.0
550,0,0,1,1.0
550,0,0,3,1.0
550,0,0,4,1.0
550,0,0,26,0.9178
550,0,0,25,1.0
550,0,0,41,0.0
551,0,0,1,1.0
551,0,0,3,1.0
551,0,0,4,1.0
551,0,0,26,0.9185
551,0,0,25,1.0
551,0,0,41,0.0
552,0,0,1,1.0
552,0,0,3,1.0
552,0,0,4,1.0
552,0,0,26,0.9184
552,0,0,25,1.0
552,0,0,41,0.0
553,0,0,1,1.0
553,0,0,3,1.0
553,0,0,4,1.0
553,0,0,26,0.9184
553,0,0,25,1.0
553,0,0,41,0.0
554,0,0,1,1.0
554,0,0,3,1.0
554,0,0,4,1.0
554,0,0,26,0.9525
554,0,0,25,1.0
555,0,0,1,1.0
555,0,0,3,1.0
555,0,0,4,1.0
555,0,0,26,0.9611
555,0,0,25,1.0
556,0,0,1,1.0
556,0,0,3,1.0
556,0,0,4,1.0
556,0,0,26,0.9662
556,0,0,25,1.0
557,0,0,1,1.0
557,0,0,3,1.0
557,0,0,4,1.0
557,0,0,26,0.9702
557,0,0,25,1.0
558,0,0,1,1.0
558,0,0,3,1.0
558,0,0,4,1.0
558,0,0,26,0.9719
558,0,0,25,1.0
559,0,0,1,1.0
559,0,0,3,1.0
559,0,0,4,1.0
559,0,0,26,0.9728
559,0,0,25,1.0
560,0,0,1,1.0
560,0,0,3,1.0
560,0,0,4,1.0
560,0,0,26,0.9741
560,0,0,25,1.0
561,0,0,1,1.0
561,0,0,3,1.0
561,0,0,4,1.0
561,0,0,26,0.974
561,0,0,25,1.0
562,0,0,1,1.0
562,0,0,3,1.0
562,0,0,4,1.0
562,0,0,26,0.9801
562,0,0,25,1.0
563,0,0,1,1.0
563,0,0,3,1.0
563,0,0,4,1.0
563,0,0,26,1.0
563,0,0,25,1.0
564,0,0,1,1.0
564,0,0,3,1.0
564,0,0,4,1.0
564,0,0,26,1.0
564,0,0,25,1.0
565,0,0,1,1.0
565,0,0,3,1.0
565,0,0,4,1.0
565,0,0,26,1.0
565,0,0,25,1.0
565,0,0,41,0.0
566,0,0,1,1.0
566,0,0,3,1.0
566,0,0,4,1.0
566,0,0,26,1.0
566,0,0,25,1.0
566,0,0,41,0.0
567,0,0,1,1.0
567,0,0,3,1.0
567,0,0,4,1.0
567,0,0,26,1.0
567,0,0,25,1.0
567,0,0,41,0.0
568,0,0,1,1.0
568,0,0,3,1.0
568,0,0,4,1.0
568,0,0,26,1.0
568,0,0,25,1.0
568,0,0,41,0.0
569,0,0,1,1.0
569,0,0,3,1.0
569,0,0,4,1.0
569,0,0,26,1.0
569,0,0,25,1.0
569,0,0,41,0.0
570,0,0,1,1.0
570,0,0,3,1.0
570,0,0,4,1.0
570,0,0,26,1.0
570,0,0,25,1.0
570,0,0,41,0.0
571,0,0,1,1.0
571,0,0,3,1.0
571,0,0,4,1.0
571,0,0,26,1.0
571,0,0,25,1.0
571,0,0,41,0.0
572,0,0,1,1.0
572,0,0,3,1.0
572,0,0,4,1.0
572,0,0,26,1.0
572,0,0,25,1.0
572,0,0,41,0.0
573,0,0,1,1.0
573,0,0,3,1.0
573,0,0,4,1.0
573,0,0,26,1.0
573,0,0,25,1.0
573,0,0,41,0.0
574,0,0,1,1.0
574,0,0,3,1.0
574,0,0,4,1.0
574,0,0,26,1.0
574,0,0,25,1.0
574,0,0,41,0.0
575,0,0,1,1.0
575,0,0,3,1.0
575,0,0,4,1.0
575,0,0,26,1.0
575,0,0,25,1.0
575,0,0,41,0.0
576,0,0,1,1.0
576,0,0,3,1.0
576,0,0,4,1.0
576,0,0,26,1.0
576,0,0,25,1.0
576,0,0,41,0.0
577,0,0,1,1.0
577,0,0,3,1.0
577,0,0,4,1.0
577,0,0,26,1.0
577,0,0,25,1.0
577,0,0,41,0.0
578,0,0,1,1.0
578,0,0,3,1.0
578,0,0,4,1.0
578,0,0,26,1.0
578,0,0,25,1.0
578,0,0,41,0.0
579,0,0,1,1.0
579,0,0,3,1.0
579,0,0,4,1.0
579,0,0,26,1.0
579,0,0,25,1.0
579,0,0,41,0.0
580,0,0,1,1.0
580,0,0,3,1.0
580,0,0,4,1.0
580,0,0,26,1.0
580,0,0,25,1.0
580,0,0,41,0.0
581,0,0,1,1.0
581,0,0,3,0.996
581,0,0,4,1.0
581,0,0,26,1.0
581,0,0,25,1.0
581,0,0,41,0.0
582,0,0,1,1.0
582,0,0,3,0.9908
582,0,0,4,1.0
582,0,0,26,1.0
582,0,0,25,1.0
582,0,0,41,0.0
583,0,0,1,1.0
583,0,0,3,0.9917
583,0,0,4,1.0
583,0,0,26,1.0
583,0,0,25,1.0
584,0,0,1,1.0
584,0,0,3,0.9926
584,0,0,4,1.0
584,0,0,26,1.0
584,0,0,25,1.0
585,0,0,1,1.0
585,0,0,3,0.9933
585,0,0,4,1.0
585,0,0,26,1.0
585,0,0,25,1.0
586,0,0,1,1.0
586,0,0,3,0.9937
586,0,0,4,1.0
586,0,0,26,1.0
586,0,0,25,1.0
587,0,0,1,1.0
587,0,0,3,0.994
587,0,0,4,1.0
587,0,0,26,1.0
587,0,0,25,1.0
588,0,0,1,1.0
588,0,0,3,0.9378
588,0,0,4,1.0
588,0,0,26,1.0
588,0,0,25,1.0
589,0,0,1,1.0
589,0,0,3,0.8993
589,0,0,4,1.0
589,0,0,26,1.0
589,0,0,25,1.0
590,0,0,1,1.0
590,0,0,3,0.8851
590,0,0,4,1.0
590,0,0,26,1.0
590,0,0,25,1.0
591,0,0,1,1.0
591,0,0,3,0.8822
591,0,0,4,1.0
591,0,0,26,1.0
591,0,0,25,1.0
592,0,0,1,1.0
592,0,0,3,0.885
592,0,0,4,1.0
592,0,0,26,1.0
592,0,0,25,1.0
593,0,0,1,1.0
593,0,0,3,0.8876
593,0,0,4,1.0
593,0,0,26,1.0
593,0,0,25,1.0
594,0,0,1,1.0
594,0,0,3,0.8886
594,0,0,4,1.0
594,0,0,26,1.0
594,0,0,25,1.0
595,0,0,1,1.0
595,0,0,3,0.8881
595,0,0,4,1.0
595,0,0,26,1.0
595,0,0,25,1.0
596,0,0,1,1.0
596,0,0,3,0.8888
596,0,0,4,1.0
596,0,0,26,1.0
596,0,0,25,1.0
597,0,0,1,1.0
597,0,0,3,0.8636
597,0,0,4,1.0
597,0,0,26,1.0
597,0,0,25,1.0
598,0,0,1,1.0
598,0,0,3,0.8547
598,0,0,4,1.0
598,0,0,26,1.0
598,0,0,25,1.0
599,0,0,1,1.0
599,0,0,3,0.8512
599,0,0,4,1.0
599,0,0,26,1.0
599,0,0,25,1.0
600,0,0,1,1.0
600,0,0,3,0.8507
600,0,0,4,1.0
600,0,0,26,1.0
600,0,0,25,1.0
601,0,0,1,1.0
601,0,0,3,0.8571
601,0,0,4,1.0
601,0,0,26,1.0
601,0,0,25,1.0
602,0,0,1,1.0
602,0,0,3,0.8601
602,0,0,4,1.0
602,0,0,26,1.0
602,0,0,25,1.0
603,0,0,1,1.0
603,0,0,3,0.8619
603,0,0,4,1.0
603,0,0,26,1.0
603,0,0,25,1.0
604,0,0,1,1.0
604,0,0,3,0.8628
604,0,0,4,1.0
604,0,0,26,1.0
604,0,0,25,1.0
605,0,0,1,1.0
605,0,0,3,0.8635
605,0,0,4,1.0
605,0,0,26,1.0
605,0,0,25,1.0
606,0,0,1,1.0
606,0,0,3,0.8641
606,0,0,4,1.0
606,0,0,26,1.0
606,0,0,25,1.0
607,0,0,1,1.0
607,0,0,3,0.9205
607,0,0,4,1.0
607,0,0,26,1.0
607,0,0,25,1.0
608,0,0,1,1.0
608,0,0,3,0.9365
608,0,0,4,1.0
608,0,0,26,1.0
608,0,0,25,1.0
609,0,0,1,1.0
609,0,0,3,0.9432
609,0,0,4,1.0
609,0,0,26,1.0
609,0,0,25,1.0
610,0,0,1,1.0
610,0,0,3,0.9461
610,0,0,4,1.0
610,0,0,26,1.0
610,0,0,25,1.0
611,0,0,1,1.0
611,0,0,3,0.9482
611,0,0,4,1.0
611,0,0,26,1.0
611,0,0,25,1.0
612,0,0,1,1.0
612,0,0,3,0.9492
612,0,0,4,1.0
612,0,0,26,1.0
612,0,0,25,1.0
613,0,0,1,1.0
613,0,0,3,0.9496
613,0,0,4,1.0
613,0,0,26,1.0
613,0,0,25,1.0
614,0,0,1,1.0
614,0,0,3,0.9492
614,0,0,4,1.0
614,0,0,26,1.0
614,0,0,25,1.0
614,0,0,41,0.0
615,0,0,1,1.0
615,0,0,4,1.0
615,0,0,26,1.0
615,0,0,25,1.0
615,0,0,41,0.0
616,0,0,1,1.0
616,0,0,4,1.0
616,0,0,26,1.0
616,0,0,25,1.0
616,0,0,41,0.0
617,0,0,1,1.0
617,0,0,4,1.0
617,0,0,26,1.0
617,0,0,25,1.0
617,0,0,41,0.0
618,0,0,1,1.0
618,0,0,4,1.0
618,0,0,26,1.0
618,0,0,25,1.0
618,0,0,41,0.0
619,0,0,1,1.0
619,0,0,4,1.0
619,0,0,26,1.0
619,0,0,25,1.0
619,0,0,41,0.0
620,0,0,1,1.0
620,0,0,4,1.0
620,0,0,26,1.0
620,0,0,25,1.0
620,0,0,41,0.0
621,0,0,1,1.0
621,0,0,4,1.0
621,0,0,26,1.0
621,0,0,25,1.0
621,0,0,41,0.0
622,0,0,1,1.0
622,0,0,4,1.0
622,0,0,26,1.0
622,0,0,25,1.0
622,0,0,41,0.0
623,0,0,1,1.0
623,0,0,4,1.0
623,0,0,26,1.0
623,0,0,25,1.0
623,0,0,41,0.0
624,0,0,1,1.0
624,0,0,4,1.0
624,0,0,26,1.0
624,0,0,25,1.0
624,0,0,41,0.0
625,0,0,1,1.0
625,0,0,4,1.0
625,0,0,26,1.0
625,0,0,25,1.0
625,0,0,41,0.0
626,0,0,1,1.0
626,0,0,4,1.0
626,0,0,26,1.0
626,0,0,25,1.0
626,0,0,41,0.0
627,0,0,1,1.0
627,0,0,4,1.0
627,0,0,26,1.0
627,0,0,25,1.0
627,0,0,41,0.0
628,0,0,1,1.0
628,0,0,4,1.0
628,0,0,26,1.0
628,0,0,25,1.0
628,0,0,41,0.0
629,0,0,1,1.0
629,0,0,4,1.0
629,0,0,26,1.0
629,0,0,25,1.0
629,0,0,41,0.0
630,0,0,1,1.0
630,0,0,4,1.0
630,0,0,26,1.0
630,0,0,25,1.0
630,0,0,41,0.0
631,0,0,1,1.0
631,0,0,4,1.0
631,0,0,26,1.0
631,0,0,25,1.0
631,0,0,41,0.0
632,0,0,1,1.0
632,0,0,4,1.0
632,0,0,26,1.0
632,0,0,25,1.0
632,0,0,41,0.0
633,0,0,1,1.0
633,0,0,4,1.0
633,0,0,26,1.0
633,0,0,25,1.0
633,0,0,41,0.0
634,0,0,1,1.0
634,0,0,4,1.0
634,0,0,26,1.0
634,0,0,25,1.0
634,0,0,41,0.0
635,0,0,1,1.0
635,0,0,4,1.0
635,0,0,26,1.0
635,0,0,25,1.0
635,0,0,41,0.0
636,0,0,1,1.0
636,0,0,4,1.0
636,0,0,26,1.0
636,0,0,25,1.0
636,0,0,41,0.0
637,0,0,1,1.0
637,0,0,4,1.0
637,0,0,26,1.0
637,0,0,25,1.0
637,0,0,41,0.0
638,0,0,1,1.0
638,0,0,4,1.0
638,0,0,26,1.0
638,0,0,25,1.0
638,0,0,41,0.0
638,0,0,48,0.0
639,0,0,1,1.0
639,0,0,4,1.0
639,0,0,26,1.0
639,0,0,25,1.0
639,0,0,41,0.0
639,0,0,48,0.0
640,0,0,1,1.0
640,0,0,4,1.0
640,0,0,26,1.0
640,0,0,25,1.0
640,0,0,41,0.0
640,0,0,48,0.0
641,0,0,1,1.0
641,0,0,4,1.0
641,0,0,26,1.0
641,0,0,25,1.0
641,0,0,41,0.0
641,0,0,48,0.0
642,0,0,1,1.0
642,0,0,4,1.0
642,0,0,26,1.0
642,0,0,25,1.0
642,0,0,41,0.0
642,0,0,48,0.0
643,0,0,1,1.0
643,0,0,4,1.0
643,0,0,26,1.0
643,0,0,25,1.0
643,0,0,41,0.0
643,0,0,48,0.0
644,0,0,1,1.0
644,0,0,4,1.0
644,0,0,26,1.0
644,0,0,25,1.0
644,0,0,41,0.0
644,0,0,48,0.0
645,0,0,1,1.0
645,0,0,4,1.0
645,0,0,26,1.0
645,0,0,25,1.0
645,0,0,41,0.0
645,0,0,48,0.0
646,0,0,1,1.0
646,0,0,4,1.0
646,0,0,26,1.0
646,0,0,25,1.0
646,0,0,41,0.0
646,0,0,48,0.0
647,0,0,1,1.0
647,0,0,4,1.0
647,0,0,26,1.0
647,0,0,25,1.0
647,0,0,41,0.0
647,0,0,48,0.0
648,0,0,1,1.0
648,0,0,4,1.0
648,0,0,26,1.0
648,0,0,25,1.0
648,0,0,41,0.0
648,0,0,48,0.0
649,0,0,1,1.0
649,0,0,4,1.0
649,0,0,26,1.0
649,0,0,25,1.0
649,0,0,41,0.0
649,0,0,48,0.0
650,0,0,1,1.0
650,0,0,4,1.0
650,0,0,26,1.0
650,0,0,25,1.0
650,0,0,41,0.0
650,0,0,48,0.0
651,0,0,1,1.0
651,0,0,4,0.9831
651,0,0,26,1.0
651,0,0,25,1.0
651,0,0,41,0.0
651,0,0,48,0.0
652,0,0,1,1.0
652,0,0,4,0.9467
652,0,0,26,1.0
652,0,0,25,1.0
652,0,0,41,0.0
652,0,0,48,0.0
653,0,0,1,1.0
653,0,0,4,0.8902
653,0,0,26,1.0
653,0,0,25,1.0
653,0,0,41,0.0
653,0,0,48,0.0
654,0,0,1,1.0
654,0,0,4,0.8658
654,0,0,26,1.0
654,0,0,25,1.0
654,0,0,41,0.0
654,0,0,48,0.0
655,0,0,1,1.0
655,0,0,4,0.1583
655,0,0,26,1.0
655,0,0,25,1.0
655,0,0,41,0.0
655,0,0,48,0.0
656,0,0,1,1.0
656,0,0,4,0.999
656,0,0,26,1.0
656,0,0,25,1.0
656,0,0,41,0.0
657,0,0,1,1.0
657,0,0,4,1.0
657,0,0,26,1.0
657,0,0,25,1.0
657,0,0,41,0.0
658,0,0,1,1.0
658,0,0,4,1.0
658,0,0,26,1.0
658,0,0,25,1.0
658,0,0,41,0.0
659,0,0,1,1.0
659,0,0,4,1.0
659,0,0,26,1.0
659,0,0,25,1.0
659,0,0,41,0.0
660,0,0,1,1.0
660,0,0,4,1.0
660,0,0,26,1.0
660,0,0,25,1.0
660,0,0,41,0.0
661,0,0,1,1.0
661,0,0,4,1.0
661,0,0,26,1.0
661,0,0,25,1.0
661,0,0,41,0.0
662,0,0,1,1.0
662,0,0,4,1.0
662,0,0,26,1.0
662,0,0,25,1.0
662,0,0,41,0.0
663,0,0,1,1.0
663,0,0,4,1.0
663,0,0,26,1.0
663,0,0,25,1.0
663,0,0,41,0.0
664,0,0,1,1.0
664,0,0,4,1.0
664,0,0,26,1.0
664,0,0,25,1.0
664,0,0,41,0.0
665,0,0,1,1.0
665,0,0,4,1.0
665,0,0,26,1.0
665,0,0,25,1.0
665,0,0,41,0.0
666,0,0,1,1.0
666,0,0,4,1.0
666,0,0,26,1.0
666,0,0,25,1.0
666,0,0,41,0.0
667,0,0,1,1.0
667,0,0,4,1.0
667,0,0,26,1.0
667,0,0,25,1.0
667,0,0,41,0.0
668,0,0,1,1.0
668,0,0,4,1.0
668,0,0,26,1.0
668,0,0,25,1.0
668,0,0,41,0.0
668,0,0,52,0.0
669,0,0,1,1.0
669,0,0,4,1.0
669,0,0,26,1.0
669,0,0,25,1.0
669,0,0,41,0.0
669,0,0,52,0.0
670,0,0,1,1.0
670,0,0,4,1.0
670,0,0,26,1.0
670,0,0,25,1.0
670,0,0,41,0.0
670,0,0,52,0.0
671,0,0,1,1.0
671,0,0,4,1.0
671,0,0,26,1.0
671,0,0,25,1.0
671,0,0,41,0.0
671,0,0,52,0.0
672,0,0,1,1.0
672,0,0,4,1.0
672,0,0,26,1.0
672,0,0,25,1.0
672,0,0,41,0.0
673,0,0,1,1.0
673,0,0,4,1.0
673,0,0,26,1.0
673,0,0,25,1.0
673,0,0,41,0.0
674,0,0,1,1.0
674,0,0,26,1.0
674,0,0,25,1.0
674,0,0,41,0.0
674,0,0,52,1.0
675,0,0,1,1.0
675,0,0,26,1.0
675,0,0,25,1.0
675,0,0,41,0.0
675,0,0,52,1.0
676,0,0,1,1.0
676,0,0,26,1.0
676,0,0,25,1.0
676,0,0,41,0.0
676,0,0,52,1.0
677,0,0,1,1.0
677,0,0,26,1.0
677,0,0,25,1.0
677,0,0,41,0.0
677,0,0,52,1.0
678,0,0,1,1.0
678,0,0,26,1.0
678,0,0,25,1.0
678,0,0,41,0.0
678,0,0,52,1.0
679,0,0,1,1.0
679,0,0,26,1.0
679,0,0,25,1.0
679,0,0,41,0.0
679,0,0,52,1.0
680,0,0,1,1.0
680,0,0,26,1.0
680,0,0,25,1.0
680,0,0,41,0.0
680,0,0,52,1.0
681,0,0,1,1.0
681,0,0,26,1.0
681,0,0,25,1.0
681,0,0,41,0.0
681,0,0,52,1.0
682,0,0,1,1.0
682,0,0,26,1.0
682,0,0,25,1.0
682,0,0,41,0.0
682,0,0,52,1.0
683,0,0,1,1.0
683,0,0,26,1.0
683,0,0,25,1.0
683,0,0,41,0.0
683,0,0,52,1.0
684,0,0,1,1.0
684,0,0,26,1.0
684,0,0,25,1.0
684,0,0,41,0.0
684,0,0,52,1.0
685,0,0,1,1.0
685,0,0,26,1.0
685,0,0,25,1.0
685,0,0,41,0.0
685,0,0,52,0.0017
686,0,0,1,1.0
686,0,0,26,1.0
686,0,0,25,1.0
686,0,0,41,0.0
686,0,0,52,0.0
687,0,0,1,1.0
687,0,0,26,1.0
687,0,0,25,1.0
687,0,0,41,0.0
687,0,0,52,0.0
688,0,0,1,1.0
688,0,0,26,1.0
688,0,0,25,1.0
688,0,0,41,0.0
688,0,0,52,0.0
689,0,0,1,1.0
689,0,0,26,1.0
689,0,0,25,1.0
689,0,0,41,0.0
689,0,0,52,0.0
690,0,0,1,1.0
690,0,0,26,1.0
690,0,0,25,1.0
690,0,0,41,0.0
690,0,0,52,0.0
691,0,0,1,1.0
691,0,0,26,1.0
691,0,0,25,1.0
691,0,0,41,0.0
691,0,0,52,0.0
692,0,0,1,1.0
692,0,0,26,1.0
692,0,0,25,1.0
692,0,0,41,0.0
692,0,0,52,0.0
693,0,0,1,1.0
693,0,0,26,1.0
693,0,0,25,1.0
693,0,0,41,0.0
693,0,0,52,0.0
694,0,0,1,1.0
694,0,0,26,1.0
694,0,0,25,1.0
694,0,0,41,0.0
694,0,0,52,0.2762
695,0,0,1,1.0
695,0,0,26,1.0
695,0,0,25,1.0
695,0,0,41,0.0
695,0,0,52,0.6454
696,0,0,1,1.0
696,0,0,26,1.0
696,0,0,25,1.0
696,0,0,41,0.0
696,0,0,52,0.7857
697,0,0,1,1.0
697,0,0,26,1.0
697,0,0,25,1.0
697,0,0,41,0.0
697,0,0,52,0.8407
698,0,0,1,1.0
698,0,0,26,1.0
698,0,0,25,1.0
698,0,0,41,0.0
698,0,0,52,0.8598
699,0,0,1,1.0
699,0,0,26,1.0
699,0,0,25,1.0
699,0,0,41,0.0
699,0,0,52,0.8645
700,0,0,1,1.0
700,0,0,26,1.0
700,0,0,25,1.0
700,0,0,41,0.0
700,0,0,52,0.8593
701,0,0,1,1.0
701,0,0,26,1.0
701,0,0,25,1.0
701,0,0,41,0.0
701,0,0,52,0.8514
702,0,0,1,1.0
702,0,0,26,1.0
702,0,0,25,1.0
702,0,0,41,0.0
702,0,0,52,0.8458
703,0,0,1,1.0
703,0,0,26,1.0
703,0,0,25,1.0
703,0,0,41,0.0
703,0,0,52,0.8447
704,0,0,1,0.9874
704,0,0,26,1.0
704,0,0,25,1.0
704,0,0,41,0.0
704,0,0,52,0.9272
705,0,0,1,0.825
705,0,0,26,1.0
705,0,0,25,1.0
705,0,0,41,0.0
705,0,0,52,0.9436
705,0,0,54,0.0
706,0,0,1,0.7282
706,0,0,26,1.0
706,0,0,25,1.0
706,0,0,41,0.0
706,0,0,52,0.9481
706,0,0,54,0.0
707,0,0,1,0.7007
707,0,0,26,1.0
707,0,0,25,1.0
707,0,0,41,0.0
707,0,0,52,0.9498
707,0,0,54,0.0
708,0,0,1,0.6953
708,0,0,26,1.0
708,0,0,25,1.0
708,0,0,41,0.0
708,0,0,52,0.9498
708,0,0,54,0.0
709,0,0,1,0.6969
709,0,0,26,1.0
709,0,0,25,1.0
709,0,0,41,0.0
709,0,0,52,0.9489
709,0,0,54,0.0
710,0,0,1,0.9622
710,0,0,26,1.0
710,0,0,25,1.0
710,0,0,41,0.0
710,0,0,52,0.9402
710,0,0,54,0.0
711,0,0,1,0.9968
711,0,0,26,1.0
711,0,0,25,1.0
711,0,0,41,0.0
711,0,0,52,0.9377
711,0,0,54,0.0
712,0,0,26,1.0
712,0,0,25,1.0
712,0,0,41,0.0
712,0,0,52,0.7403
712,0,0,54,0.0
713,0,0,26,1.0
713,0,0,25,1.0
713,0,0,41,0.0
713,0,0,52,0.6478
713,0,0,54,0.0
714,0,0,26,1.0
714,0,0,25,1.0
714,0,0,41,0.0
714,0,0,52,0.6208
714,0,0,54,0.0
715,0,0,26,1.0
715,0,0,25,1.0
715,0,0,41,0.0
715,0,0,52,0.6027
715,0,0,54,0.0
716,0,0,26,1.0
716,0,0,25,1.0
716,0,0,41,0.0
716,0,0,52,0.5972
716,0,0,54,0.0
717,0,0,26,1.0
717,0,0,25,1.0
717,0,0,41,0.0
717,0,0,52,0.5973
717,0,0,54,0.0
718,0,0,26,1.0
718,0,0,25,1.0
718,0,0,41,0.0
718,0,0,52,0.5981
718,0,0,54,0.0
719,0,0,26,1.0
719,0,0,25,1.0
719,0,0,41,0.0
719,0,0,52,0.0
719,0,0,54,0.0
720,0,0,26,1.0
720,0,0,25,1.0
720,0,0,41,0.0
720,0,0,52,0.0
720,0,0,54,0.0
721,0,0,26,1.0
721,0,0,25,1.0
721,0,0,41,0.0
721,0,0,52,0.0
721,0,0,54,0.0
722,0,0,26,1.0
722,0,0,25,1.0
722,0,0,41,0.0
722,0,0,52,0.0
722,0,0,54,0.0
723,0,0,26,1.0
723,0,0,25,1.0
723,0,0,41,0.0
723,0,0,52,0.0
723,0,0,54,0.0
724,0,0,26,1.0
724,0,0,25,1.0
724,0,0,41,0.0
724,0,0,52,0.0
724,0,0,54,0.0
725,0,0,26,1.0
725,0,0,25,1.0
725,0,0,41,0.0
725,0,0,52,0.0
725,0,0,54,0.0
726,0,0,26,1.0
726,0,0,25,1.0
726,0,0,41,0.0
726,0,0,52,0.0
726,0,0,54,0.0
727,0,0,26,1.0
727,0,0,25,1.0
727,0,0,52,0.2123
727,0,0,54,0.0
728,0,0,26,1.0
728,0,0,25,1.0
728,0,0,52,0.4835
728,0,0,54,0.0
729,0,0,26,1.0
729,0,0,25,1.0
729,0,0,52,0.5863
729,0,0,54,0.0
729,0,0,56,0.0
730,0,0,26,1.0
730,0,0,25,1.0
730,0,0,52,0.6228
730,0,0,54,0.0
730,0,0,56,0.0
731,0,0,26,1.0
731,0,0,25,1.0
731,0,0,52,0.6344
731,0,0,54,0.0
731,0,0,56,0.0
732,0,0,26,1.0
732,0,0,25,1.0
732,0,0,52,0.6394
732,0,0,54,0.0
732,0,0,56,0.0
733,0,0,26,1.0
733,0,0,25,1.0
733,0,0,52,0.6363
733,0,0,54,0.0
733,0,0,56,0.0
734,0,0,26,1.0
734,0,0,25,1.0
734,0,0,52,0.6353
734,0,0,54,0.0
734,0,0,56,0.0
734,0,0,59,0.0
735,0,0,26,1.0
735,0,0,25,1.0
735,0,0,52,0.658
735,0,0,54,0.0
735,0,0,56,0.0
736,0,0,26,1.0
736,0,0,25,1.0
736,0,0,52,0.6635
736,0,0,54,0.0
736,0,0,56,0.0
737,0,0,26,1.0
737,0,0,25,1.0
737,0,0,52,0.6584
737,0,0,54,0.0
737,0,0,56,0.0
738,0,0,26,1.0
738,0,0,25,1.0
738,0,0,52,0.0
738,0,0,54,0.0
738,0,0,56,0.0
739,0,0,26,1.0
739,0,0,25,1.0
739,0,0,52,0.0
739,0,0,54,0.0
739,0,0,56,0.0
740,0,0,26,1.0
740,0,0,25,1.0
740,0,0,52,0.0
740,0,0,54,0.0
740,0,0,56,0.0
741,0,0,26,1.0
741,0,0,25,1.0
741,0,0,52,0.0
741,0,0,54,0.0
741,0,0,56,0.0
742,0,0,26,1.0
742,0,0,25,1.0
742,0,0,52,0.0
742,0,0,54,0.0
742,0,0,56,0.0
743,0,0,26,1.0
743,0,0,25,1.0
743,0,0,52,0.0
743,0,0,54,0.0
743,0,0,56,0.0
744,0,0,26,1.0
744,0,0,25,1.0
744,0,0,52,0.0
744,0,0,54,0.0
744,0,0,56,0.0
745,0,0,26,1.0
745,0,0,25,1.0
745,0,0,52,0.0
745,0,0,54,0.0
745,0,0,56,0.0
746,0,0,26,1.0
746,0,0,25,1.0
746,0,0,54,0.0
746,0,0,56,0.0
746,0,0,59,0.0
747,0,0,26,1.0
747,0,0,25,1.0
747,0,0,54,0.0
747,0,0,56,0.0
747,0,0,61,0.0
747,0,0,59,0.0
748,0,0,26,1.0
748,0,0,25,1.0
748,0,0,54,0.0
748,0,0,56,0.0
748,0,0,61,0.0
748,0,0,59,0.0
749,0,0,26,1.0
749,0,0,25,1.0
749,0,0,54,0.0
749,0,0,56,0.0
749,0,0,61,0.0
749,0,0,59,0.0
750,0,0,26,1.0
750,0,0,25,1.0
750,0,0,54,0.0
750,0,0,56,0.0
750,0,0,61,0.0
750,0,0,59,0.0
751,0,0,26,1.0
751,0,0,25,1.0
751,0,0,54,0.0
751,0,0,56,0.0
751,0,0,61,0.0
751,0,0,59,0.0
752,0,0,26,1.0
752,0,0,25,1.0
752,0,0,54,0.0
752,0,0,56,0.0
752,0,0,61,0.0
752,0,0,59,0.0
753,0,0,26,1.0
753,0,0,25,1.0
753,0,0,56,0.0
753,0,0,61,0.0
753,0,0,59,0.0
754,0,0,26,1.0
754,0,0,25,1.0
754,0,0,56,0.0
754,0,0,61,0.0
754,0,0,59,0.0
755,0,0,26,1.0
755,0,0,25,1.0
755,0,0,56,0.0
755,0,0,61,0.0
755,0,0,59,0.0
756,0,0,26,1.0
756,0,0,25,1.0
756,0,0,56,0.0
756,0,0,61,0.0
756,0,0,59,0.0
757,0,0,26,1.0
757,0,0,25,1.0
757,0,0,56,0.0
757,0,0,61,0.0
757,0,0,59,0.0
758,0,0,26,1.0
758,0,0,25,1.0
758,0,0,56,0.0
758,0,0,61,0.0
758,0,0,59,0.0
759,0,0,26,1.0
759,0,0,25,1.0
759,0,0,56,0.0
759,0,0,61,0.0
759,0,0,59,0.0
760,0,0,26,1.0
760,0,0,25,1.0
760,0,0,56,0.0
760,0,0,61,0.0
760,0,0,59,0.0
761,0,0,26,1.0
761,0,0,25,1.0
761,0,0,56,0.0
761,0,0,61,0.0
761,0,0,59,0.0
762,0,0,26,1.0
762,0,0,25,1.0
762,0,0,56,0.0
762,0,0,61,0.0
762,0,0,59,0.0
763,0,0,26,1.0
763,0,0,25,1.0
763,0,0,56,0.0
763,0,0,61,0.0
763,0,0,59,0.0
763,0,0,54,0.0
764,0,0,26,1.0
764,0,0,25,1.0
764,0,0,56,0.0
764,0,0,61,0.0
764,0,0,59,0.0
764,0,0,54,0.0
765,0,0,26,1.0
765,0,0,25,1.0
765,0,0,56,0.0
765,0,0,61,0.0
765,0,0,59,0.0
765,0,0,54,0.0
766,0,0,26,1.0
766,0,0,25,1.0
766,0,0,56,0.0
766,0,0,61,0.0
766,0,0,59,0.0
766,0,0,54,0.0
767,0,0,26,1.0
767,0,0,25,1.0
767,0,0,56,0.0
767,0,0,61,0.0
767,0,0,59,0.0
767,0,0,54,0.0
768,0,0,26,1.0
768,0,0,25,1.0
768,0,0,56,0.0
768,0,0,61,0.0
768,0,0,59,0.0
768,0,0,54,0.0
769,0,0,26,1.0
769,0,0,25,1.0
769,0,0,56,0.0
769,0,0,61,0.0
769,0,0,59,0.0
769,0,0,54,0.0
770,0,0,26,1.0
770,0,0,25,1.0
770,0,0,56,0.0
770,0,0,61,0.1893
770,0,0,59,0.0
770,0,0,54,0.0
771,0,0,26,1.0
771,0,0,25,1.0
771,0,0,56,0.0
771,0,0,61,0.5367
771,0,0,59,0.0
771,0,0,54,0.0
771,0,0,64,0.0
772,0,0,26,1.0
772,0,0,25,1.0
772,0,0,56,0.0
772,0,0,61,0.6688
772,0,0,59,0.0
772,0,0,54,0.0
772,0,0,64,0.0
773,0,0,26,1.0
773,0,0,25,1.0
773,0,0,56,0.0
773,0,0,61,0.723
773,0,0,59,0.0
773,0,0,54,0.0
773,0,0,64,0.0
774,0,0,26,1.0
774,0,0,25,1.0
774,0,0,56,0.0
774,0,0,61,0.739
774,0,0,59,0.0
774,0,0,54,0.0
774,0,0,64,0.0
775,0,0,26,1.0
775,0,0,25,1.0
775,0,0,56,0.0
775,0,0,61,0.0
775,0,0,59,0.0
775,0,0,54,0.0
775,0,0,64,0.2778
776,0,0,26,1.0
776,0,0,25,1.0
776,0,0,56,0.0
776,0,0,61,0.0
776,0,0,59,0.0
776,0,0,54,0.0
776,0,0,64,0.6361
777,0,0,26,1.0
777,0,0,25,1.0
777,0,0,56,0.0
777,0,0,61,0.0
777,0,0,59,0.0
777,0,0,54,0.0
777,0,0,64,0.7622
778,0,0,26,1.0
778,0,0,25,1.0
778,0,0,56,0.0
778,0,0,61,0.0
778,0,0,59,0.0
778,0,0,54,0.0
778,0,0,64,0.7986
779,0,0,26,1.0
779,0,0,25,1.0
779,0,0,56,0.0
779,0,0,61,0.0
779,0,0,59,0.0
779,0,0,54,0.0
779,0,0,64,0.8026
780,0,0,26,1.0
780,0,0,25,1.0
780,0,0,56,0.0
780,0,0,61,0.0
780,0,0,59,0.0
780,0,0,54,0.0
780,0,0,64,0.7962
781,0,0,26,1.0
781,0,0,25,1.0
781,0,0,56,0.0
781,0,0,61,0.0
781,0,0,59,0.0
781,0,0,54,0.0
781,0,0,64,0.7863
782,0,0,26,1.0
782,0,0,25,1.0
782,0,0,56,0.0
782,0,0,61,0.0
782,0,0,54,0.0
782,0,0,64,0.7979
783,0,0,26,1.0
783,0,0,25,1.0
783,0,0,56,0.0
783,0,0,61,0.0
783,0,0,54,0.0
783,0,0,64,0.7972
784,0,0,26,1.0
784,0,0,25,1.0
784,0,0,56,0.0
784,0,0,61,0.0
784,0,0,54,0.0
784,0,0,64,0.7904
785,0,0,26,1.0
785,0,0,25,1.0
785,0,0,54,0.0
785,0,0,64,0.6691
786,0,0,26,1.0
786,0,0,25,1.0
786,0,0,54,0.0
786,0,0,64,0.6179
786,0,0,66,0.0
787,0,0,26,1.0
787,0,0,25,1.0
787,0,0,54,0.0
787,0,0,64,0.6308
787,0,0,66,0.0
788,0,0,26,1.0
788,0,0,25,1.0
788,0,0,54,0.0
788,0,0,64,0.6327
788,0,0,66,0.0
789,0,0,26,1.0
789,0,0,25,1.0
789,0,0,54,0.0
789,0,0,64,0.631
789,0,0,66,0.0
790,0,0,26,1.0
790,0,0,25,1.0
790,0,0,54,0.0
790,0,0,64,0.6277
790,0,0,66,0.0
791,0,0,26,1.0
791,0,0,25,1.0
791,0,0,54,0.0
791,0,0,64,0.6251
791,0,0,66,0.0
792,0,0,26,1.0
792,0,0,25,1.0
792,0,0,54,0.0
792,0,0,64,0.6223
792,0,0,66,0.0
793,0,0,26,1.0
793,0,0,25,1.0
793,0,0,54,0.0
793,0,0,64,0.6198
793,0,0,66,0.0
794,0,0,26,1.0
794,0,0,25,1.0
794,0,0,54,0.0
794,0,0,64,0.6172
794,0,0,66,0.0
795,0,0,26,1.0
795,0,0,25,1.0
795,0,0,54,0.0
795,0,0,64,0.6158
795,0,0,66,0.0
796,0,0,26,1.0
796,0,0,25,1.0
796,0,0,54,0.0
796,0,0,64,0.6141
796,0,0,66,0.0
797,0,0,26,1.0
797,0,0,25,1.0
797,0,0,54,0.0
797,0,0,64,0.4668
797,0,0,66,0.0
798,0,0,26,1.0
798,0,0,25,1.0
798,0,0,54,0.0
798,0,0,64,0.4068
798,0,0,66,0.0
799,0,0,26,1.0
799,0,0,25,1.0
799,0,0,54,0.0
799,0,0,64,0.384
799,0,0,66,0.0
800,0,0,26,1.0
800,0,0,25,1.0
800,0,0,54,0.0
800,0,0,64,0.3654
800,0,0,66,0.0
800,0,0,56,0.0
801,0,0,26,1.0
801,0,0,25,1.0
801,0,0,54,0.0
801,0,0,64,0.3585
801,0,0,66,0.0
801,0,0,56,0.0
802,0,0,26,1.0
802,0,0,25,1.0
802,0,0,54,0.0
802,0,0,64,0.3568
802,0,0,66,0.0
802,0,0,56,0.0
803,0,0,26,1.0
803,0,0,25,1.0
803,0,0,54,0.0
803,0,0,64,0.3563
803,0,0,66,0.0
803,0,0,56,0.0
804,0,0,26,1.0
804,0,0,25,1.0
804,0,0,54,0.0
804,0,0,64,0.3565
804,0,0,66,0.0
804,0,0,56,0.0
805,0,0,26,1.0
805,0,0,25,1.0
805,0,0,54,0.0
805,0,0,64,0.5267
805,0,0,66,0.0
805,0,0,56,0.0
806,0,0,26,1.0
806,0,0,25,1.0
806,0,0,54,0.0
806,0,0,64,0.5892
806,0,0,66,0.0
806,0,0,56,0.0
807,0,0,26,1.0
807,0,0,25,1.0
807,0,0,54,0.0
807,0,0,64,0.6121
807,0,0,66,0.0
807,0,0,56,0.0
808,0,0,26,1.0
808,0,0,25,1.0
808,0,0,54,0.0
808,0,0,64,0.6204
808,0,0,66,0.0
808,0,0,56,0.0
809,0,0,26,1.0
809,0,0,25,1.0
809,0,0,54,0.0
809,0,0,64,0.6227
809,0,0,66,0.0
809,0,0,56,0.0
810,0,0,26,1.0
810,0,0,25,1.0
810,0,0,54,0.0
810,0,0,64,0.623
810,0,0,66,0.0
810,0,0,56,0.0
811,0,0,26,1.0
811,0,0,25,1.0
811,0,0,54,0.0
811,0,0,64,0.6223
811,0,0,66,0.0
811,0,0,56,0.0
812,0,0,26,1.0
812,0,0,25,1.0
812,0,0,54,0.0
812,0,0,64,0.6213
812,0,0,66,0.0
812,0,0,56,0.0
813,0,0,26,1.0
813,0,0,25,1.0
813,0,0,54,0.0
813,0,0,64,0.6205
813,0,0,66,0.0
813,0,0,56,0.0
814,0,0,26,1.0
814,0,0,25,1.0
814,0,0,54,0.0
814,0,0,64,0.62
814,0,0,66,0.0
814,0,0,56,0.0
815,0,0,26,1.0
815,0,0,25,1.0
815,0,0,54,0.0
815,0,0,64,0.6091
815,0,0,66,0.0
816,0,0,26,1.0
816,0,0,25,1.0
816,0,0,54,0.0
816,0,0,64,0.6037
816,0,0,66,0.0
817,0,0,26,1.0
817,0,0,25,1.0
817,0,0,54,0.0
817,0,0,64,0.6044
817,0,0,66,0.0
818,0,0,26,1.0
818,0,0,25,1.0
818,0,0,54,0.0
818,0,0,64,0.6874
818,0,0,66,0.0
819,0,0,26,1.0
819,0,0,25,1.0
819,0,0,54,0.0
819,0,0,64,0.7363
819,0,0,68,0.0
819,0,0,56,0.0
820,0,0,26,1.0
820,0,0,25,1.0
820,0,0,54,0.0
820,0,0,64,0.7545
820,0,0,68,0.0
820,0,0,56,0.0
821,0,0,26,1.0
821,0,0,25,1.0
821,0,0,54,0.0
821,0,0,64,0.7601
821,0,0,68,0.0
821,0,0,56,0.0
822,0,0,26,1.0
822,0,0,25,1.0
822,0,0,54,0.0
822,0,0,64,0.7616
822,0,0,68,0.0
822,0,0,56,0.0
823,0,0,26,1.0
823,0,0,25,1.0
823,0,0,54,0.0
823,0,0,64,0.7616
823,0,0,68,0.0
823,0,0,56,0.0
824,0,0,26,1.0
824,0,0,25,1.0
824,0,0,54,0.0
824,0,0,64,0.7619
824,0,0,68,0.0
824,0,0,56,0.0
825,0,0,26,1.0
825,0,0,25,1.0
825,0,0,54,0.0
825,0,0,64,0.5876
825,0,0,68,0.0
825,0,0,56,0.0
825,0,0,66,0.0
826,0,0,26,1.0
826,0,0,25,1.0
826,0,0,54,0.0
826,0,0,64,0.5286
826,0,0,68,0.0
826,0,0,56,0.0
826,0,0,66,0.0
827,0,0,26,1.0
827,0,0,25,1.0
827,0,0,54,0.0
827,0,0,64,0.5074
827,0,0,68,0.0
827,0,0,56,0.0
827,0,0,66,0.0
828,0,0,26,1.0
828,0,0,25,1.0
828,0,0,54,0.0
828,0,0,64,0.5101
828,0,0,68,0.0
828,0,0,56,0.0
828,0,0,66,0.0
829,0,0,26,1.0
829,0,0,25,1.0
829,0,0,54,0.0
829,0,0,64,0.5128
829,0,0,68,0.0
829,0,0,56,0.0
829,0,0,66,0.0
830,0,0,26,1.0
830,0,0,25,1.0
830,0,0,54,0.0
830,0,0,64,0.5117
830,0,0,68,0.0
830,0,0,56,0.0
830,0,0,66,0.0
831,0,0,26,1.0
831,0,0,25,1.0
831,0,0,54,0.0
831,0,0,64,0.5115
831,0,0,68,0.0
831,0,0,56,0.0
831,0,0,66,0.0
832,0,0,26,1.0
832,0,0,25,1.0
832,0,0,64,0.2525
832,0,0,68,0.0
832,0,0,56,0.0
832,0,0,66,0.0
833,0,0,26,1.0
833,0,0,25,1.0
833,0,0,64,0.1452
833,0,0,68,0.0
833,0,0,56,0.0
833,0,0,66,0.0
833,0,0,73,0.0
834,0,0,26,1.0
834,0,0,25,1.0
834,0,0,64,0.1225
834,0,0,68,0.0
834,0,0,56,0.0
834,0,0,66,0.0
834,0,0,73,0.0
835,0,0,26,1.0
835,0,0,25,1.0
835,0,0,64,0.1295
835,0,0,68,0.0
835,0,0,56,0.0
835,0,0,66,0.0
835,0,0,73,0.0
836,0,0,26,1.0
836,0,0,25,1.0
836,0,0,64,0.1343
836,0,0,68,0.0
836,0,0,56,0.0
836,0,0,66,0.0
836,0,0,73,0.0
837,0,0,26,1.0
837,0,0,25,1.0
837,0,0,64,0.0672
837,0,0,66,0.0
837,0,0,73,0.0
838,0,0,26,1.0
838,0,0,25,1.0
838,0,0,64,0.0475
838,0,0,66,0.0
838,0,0,73,0.0
839,0,0,26,1.0
839,0,0,25,1.0
839,0,0,64,0.0407
839,0,0,66,0.0
839,0,0,73,0.0
840,0,0,26,1.0
840,0,0,25,0.9997
840,0,0,64,0.0
840,0,0,66,0.0
840,0,0,73,0.0
841,0,0,26,1.0
841,0,0,25,0.9905
841,0,0,64,0.0
841,0,0,66,0.0
841,0,0,73,0.0
841,0,0,74,0.6725
842,0,0,26,1.0
842,0,0,25,0.9839
842,0,0,64,0.0
842,0,0,66,0.0
842,0,0,73,0.0
842,0,0,74,0.6718
843,0,0,26,1.0
843,0,0,25,0.9813
843,0,0,64,0.0
843,0,0,66,0.0
843,0,0,73,0.0
843,0,0,74,0.6704
844,0,0,26,1.0
844,0,0,25,0.9807
844,0,0,64,0.0
844,0,0,66,0.0
844,0,0,73,0.0
844,0,0,74,0.6704
845,0,0,26,1.0
845,0,0,25,0.9807
845,0,0,64,0.0
845,0,0,66,0.0
845,0,0,73,0.0
845,0,0,74,0.6711
846,0,0,26,1.0
846,0,0,25,0.981
846,0,0,64,0.0
846,0,0,66,0.0
846,0,0,73,0.0
846,0,0,74,0.6709
847,0,0,26,1.0
847,0,0,25,0.9812
847,0,0,64,0.0
847,0,0,66,0.0
847,0,0,73,0.0
847,0,0,74,0.6702
848,0,0,26,1.0
848,0,0,25,0.9525
848,0,0,64,0.0
848,0,0,66,0.0
848,0,0,73,0.0
849,0,0,26,1.0
849,0,0,25,0.9393
849,0,0,64,0.0
849,0,0,66,0.0
849,0,0,73,0.0
849,0,0,75,0.0
850,0,0,26,1.0
850,0,0,25,0.935
850,0,0,64,0.0
850,0,0,66,0.0
850,0,0,73,0.0
850,0,0,75,0.0
851,0,0,26,1.0
851,0,0,25,0.9338
851,0,0,64,0.0
851,0,0,66,0.0
851,0,0,73,0.0
851,0,0,75,0.0
852,0,0,26,1.0
852,0,0,25,0.934
852,0,0,64,0.0
852,0,0,73,0.0
853,0,0,26,1.0
853,0,0,25,0.9341
853,0,0,64,0.0
853,0,0,73,0.0
853,0,0,66,0.0
854,0,0,26,1.0
854,0,0,25,0.9345
854,0,0,64,0.0
854,0,0,73,0.0
854,0,0,76,0.0
854,0,0,66,0.0
855,0,0,26,1.0
855,0,0,25,0.9226
855,0,0,64,0.0
855,0,0,73,0.0
855,0,0,76,0.0
855,0,0,66,0.0
855,0,0,56,0.0
856,0,0,26,1.0
856,0,0,25,0.9185
856,0,0,64,0.0
856,0,0,73,0.0
856,0,0,76,0.0
856,0,0,66,0.0
856,0,0,56,0.0
857,0,0,26,1.0
857,0,0,25,0.917
857,0,0,64,0.0
857,0,0,73,0.0
857,0,0,76,0.0
857,0,0,66,0.0
857,0,0,56,0.0
858,0,0,26,1.0
858,0,0,25,0.9162
858,0,0,64,0.0
858,0,0,73,0.0
858,0,0,76,0.0
858,0,0,66,0.0
858,0,0,56,0.0
859,0,0,26,0.8861
859,0,0,25,0.923
859,0,0,64,0.0
859,0,0,56,0.0
860,0,0,26,0.7834
860,0,0,25,0.9256
860,0,0,64,0.0
860,0,0,56,0.0
861,0,0,26,0.7365
861,0,0,25,0.9266
861,0,0,64,0.0
861,0,0,56,0.0
862,0,0,26,0.7197
862,0,0,25,0.9272
862,0,0,64,0.0
862,0,0,56,0.0
863,0,0,26,0.714
863,0,0,25,0.9273
863,0,0,64,0.0
863,0,0,56,0.0
864,0,0,26,0.7117
864,0,0,25,0.9276
864,0,0,64,0.0
864,0,0,56,0.0
865,0,0,26,0.7124
865,0,0,25,0.9279
865,0,0,64,0.0
865,0,0,56,0.0
866,0,0,26,0.7138
866,0,0,25,0.9281
866,0,0,64,0.0
866,0,0,56,0.0
867,0,0,26,0.6573
867,0,0,25,0.7902
867,0,0,64,0.0
867,0,0,56,0.0
868,0,0,26,0.6405
868,0,0,25,0.7266
868,0,0,64,0.0
868,0,0,56,0.0
869,0,0,26,0.6353
869,0,0,25,0.6987
869,0,0,64,0.0
869,0,0,56,0.0
870,0,0,26,0.6354
870,0,0,25,0.6894
870,0,0,64,0.0
870,0,0,56,0.0
871,0,0,26,0.6365
871,0,0,25,0.6873
871,0,0,64,0.0
871,0,0,56,0.0
872,0,0,26,0.638
872,0,0,25,0.6875
872,0,0,64,0.0
872,0,0,56,0.0
873,0,0,26,0.6437
873,0,0,25,0.6957
873,0,0,64,0.0
874,0,0,26,0.6467
874,0,0,25,0.6992
874,0,0,64,0.0
875,0,0,26,0.6485
875,0,0,25,0.7004
875,0,0,64,0.0
876,0,0,26,0.6499
876,0,0,25,0.7017
876,0,0,64,0.0
877,0,0,26,0.6509
877,0,0,25,0.7031
877,0,0,64,0.0
878,0,0,26,0.6519
878,0,0,25,0.7042
878,0,0,64,0.0
879,0,0,26,0.6527
879,0,0,25,0.705
879,0,0,64,0.0
880,0,0,26,0.6535
880,0,0,25,0.7057
880,0,0,64,0.0
881,0,0,26,0.6541
881,0,0,25,0.7064
881,0,0,64,0.0
882,0,0,26,0.6547
882,0,0,25,0.7068
882,0,0,64,0.0
883,0,0,26,0.6551
883,0,0,25,0.7073
883,0,0,64,0.0
884,0,0,26,0.6556
884,0,0,25,0.7076
884,0,0,64,0.0
885,0,0,26,0.6559
885,0,0,25,0.708
885,0,0,64,0.0
886,0,0,26,0.6562
886,0,0,25,0.7083
886,0,0,64,0.0
887,0,0,26,0.6565
887,0,0,25,0.7085
887,0,0,64,0.0
888,0,0,26,0.6568
888,0,0,25,0.7088
888,0,0,64,0.0
889,0,0,26,0.657
889,0,0,25,0.709
889,0,0,64,0.0
890,0,0,26,0.6572
890,0,0,25,0.7092
890,0,0,64,0.0
891,0,0,26,0.6588
891,0,0,25,0.6943
891,0,0,64,0.0
892,0,0,26,0.6503
892,0,0,25,0.3627
892,0,0,64,0.0
892,0,0,56,0.0
893,0,0,26,0.647
893,0,0,25,0.2466
893,0,0,64,0.0
893,0,0,77,0.0
893,0,0,56,0.0
894,0,0,26,0.6466
894,0,0,25,0.2082
894,0,0,64,0.0
894,0,0,77,0.0
894,0,0,56,0.0
895,0,0,26,0.6465
895,0,0,25,0.1958
895,0,0,64,0.0
895,0,0,77,0.0
895,0,0,56,0.0
896,0,0,26,0.646
896,0,0,25,0.1932
896,0,0,64,0.0
896,0,0,77,0.0
896,0,0,56,0.0
897,0,0,26,0.6466
897,0,0,25,0.1935
897,0,0,64,0.0
897,0,0,77,0.0
897,0,0,56,0.0
898,0,0,26,0.2716
898,0,0,25,0.0788
898,0,0,64,0.0
898,0,0,77,0.0
898,0,0,56,0.0
899,0,0,26,0.1695
899,0,0,25,0.0506
899,0,0,64,0.0
899,0,0,77,0.0
899,0,0,56,0.0
900,0,0,26,0.1382
900,0,0,25,0.0406
900,0,0,64,0.0
900,0,0,77,0.0
900,0,0,56,0.0
901,0,0,26,0.1274
901,0,0,25,0.0368
901,0,0,64,0.0
901,0,0,77,0.0
901,0,0,56,0.0
902,0,0,26,0.1241
902,0,0,25,0.0363
902,0,0,64,0.0
902,0,0,77,0.0
902,0,0,56,0.0
903,0,0,26,0.1238
903,0,0,25,0.0373
903,0,0,64,0.0
903,0,0,77,0.0
903,0,0,56,0.0
904,0,0,26,0.1246
904,0,0,25,0.0384
904,0,0,64,0.0
904,0,0,77,0.0
904,0,0,56,0.0
905,0,0,26,0.0283
905,0,0,25,0.0366
905,0,0,64,0.0
905,0,0,77,0.0
905,0,0,56,0.0
906,0,0,26,0.0101
906,0,0,25,0.0361
906,0,0,64,0.0
906,0,0,77,0.0
906,0,0,56,0.0
907,0,0,26,0.0057
907,0,0,25,0.0366
907,0,0,64,0.0
907,0,0,77,0.0
907,0,0,56,0.0
908,0,0,26,0.0046
908,0,0,25,0.0369
908,0,0,64,0.0
908,0,0,77,0.0
908,0,0,56,0.0
909,0,0,26,0.0041
909,0,0,25,0.0363
909,0,0,64,0.0
909,0,0,77,0.0
909,0,0,56,0.0
910,0,0,26,0.0039
910,0,0,25,0.0362
910,0,0,64,0.0
910,0,0,77,0.0
910,0,0,56,0.0
911,0,0,26,0.0039
911,0,0,25,0.0363
911,0,0,64,0.0
911,0,0,77,0.0
911,0,0,56,0.0
912,0,0,26,0.004
912,0,0,25,0.0365
912,0,0,64,0.0
912,0,0,77,0.0
912,0,0,56,0.0
913,0,0,26,0.0043
913,0,0,25,0.0366
913,0,0,64,0.0
913,0,0,77,0.0
913,0,0,56,0.0
914,0,0,26,0.0043
914,0,0,25,0.0368
914,0,0,64,0.0
914,0,0,77,0.0
914,0,0,56,0.0
915,0,0,26,0.0042
915,0,0,25,0.0369
915,0,0,64,0.0
915,0,0,77,0.0
915,0,0,56,0.0
916,0,0,26,0.0042
916,0,0,25,0.037
916,0,0,64,0.0
916,0,0,77,0.0
916,0,0,56,0.0
917,0,0,26,0.0044
917,0,0,25,0.0371
917,0,0,64,0.0
917,0,0,77,0.0
917,0,0,56,0.0
918,0,0,26,0.0043
918,0,0,25,0.0372
918,0,0,64,0.0
918,0,0,77,0.0
918,0,0,56,0.0
919,0,0,26,0.0044
919,0,0,25,0.0373
919,0,0,64,0.0
919,0,0,77,0.0
919,0,0,56,0.0
920,0,0,26,0.0044
920,0,0,25,0.0373
920,0,0,64,0.0
920,0,0,77,0.0
920,0,0,56,0.0
921,0,0,26,0.0047
921,0,0,25,0.0373
921,0,0,64,0.0
921,0,0,77,0.0
921,0,0,56,0.0
922,0,0,26,0.0047
922,0,0,25,0.0375
922,0,0,64,0.0
922,0,0,77,0.0
922,0,0,56,0.0
923,0,0,26,0.0047
923,0,0,25,0.0376
923,0,0,64,0.0
923,0,0,77,0.0
923,0,0,56,0.0
924,0,0,26,0.0047
924,0,0,25,0.0377
924,0,0,64,0.0
924,0,0,77,0.0
924,0,0,56,0.0
925,0,0,26,0.0026
925,0,0,25,0.0233
925,0,0,64,0.0
925,0,0,77,0.0
925,0,0,56,0.0
926,0,0,26,0.002
926,0,0,25,0.0191
926,0,0,64,0.0
926,0,0,77,0.0
926,0,0,56,0.0
927,0,0,26,0.0004
927,0,0,25,0.0
927,0,0,64,0.0
928,0,0,26,0.0
928,0,0,25,0.0
928,0,0,64,0.0
929,0,0,26,0.0
929,0,0,25,0.0
929,0,0,64,0.0
930,0,0,26,0.0
930,0,0,25,0.0
930,0,0,64,0.0
931,0,0,26,0.0
931,0,0,25,0.0
931,0,0,64,0.0
932,0,0,26,0.0
932,0,0,25,0.0
932,0,0,64,0.0
933,0,0,26,0.0
933,0,0,25,0.0
933,0,0,64,0.0
934,0,0,26,0.0
934,0,0,25,0.0
934,0,0,64,0.0
935,0,0,26,0.0
935,0,0,25,0.0
935,0,0,64,0.0
936,0,0,26,0.0
936,0,0,25,0.0
936,0,0,64,0.0
937,0,0,26,0.0
937,0,0,25,0.0
937,0,0,64,0.0
938,0,0,26,0.0
938,0,0,25,0.0
938,0,0,64,0.0
939,0,0,26,0.0
939,0,0,25,0.0
939,0,0,64,0.0
940,0,0,26,0.0
940,0,0,25,0.0
940,0,0,64,0.0
941,0,0,26,0.0
941,0,0,25,0.0
941,0,0,64,0.0
942,0,0,26,0.0
942,0,0,25,0.0
942,0,0,64,0.0
943,0,0,26,0.0
943,0,0,25,0.0
943,0,0,64,0.0
944,0,0,26,0.0
944,0,0,25,0.0
944,0,0,64,0.0
945,0,0,26,0.0
945,0,0,25,0.0
945,0,0,64,0.0
946,0,0,26,0.0
946,0,0,25,0.0
946,0,0,64,0.0
947,0,0,26,0.0
947,0,0,25,0.0
947,0,0,64,0.0
948,0,0,26,0.0
948,0,0,25,0.0
948,0,0,64,0.0
949,0,0,26,0.0
949,0,0,25,0.0
949,0,0,64,0.0
950,0,0,26,0.0
950,0,0,25,0.0
950,0,0,64,0.0
951,0,0,26,0.0
951,0,0,25,0.0
951,0,0,64,0.0
952,0,0,26,0.0
952,0,0,25,0.0
952,0,0,64,0.0
953,0,0,26,0.0
953,0,0,25,0.0
953,0,0,64,0.0
954,0,0,26,0.0
954,0,0,25,0.0
954,0,0,64,0.0
955,0,0,26,0.0
955,0,0,25,0.0
955,0,0,64,0.0
956,0,0,26,0.0
956,0,0,25,0.0
956,0,0,64,0.0
957,0,0,26,0.0
957,0,0,25,0.0
957,0,0,64,0.0
958,0,0,26,0.0
958,0,0,25,0.0
958,0,0,64,0.0
959,0,0,26,0.0
959,0,0,25,0.0
959,0,0,64,0.0
960,0,0,26,0.0
960,0,0,25,0.0
960,0,0,64,0.0
961,0,0,26,0.0
961,0,0,25,0.0
961,0,0,64,0.0
962,0,0,26,0.0
962,0,0,25,0.0
962,0,0,64,0.0
963,0,0,26,0.0
963,0,0,25,0.0
963,0,0,64,0.0
964,0,0,26,0.0
964,0,0,25,0.0
964,0,0,64,0.0
965,0,0,26,0.0
965,0,0,25,0.0
965,0,0,64,0.0
966,0,0,26,0.0
966,0,0,25,0.0
966,0,0,64,0.0
967,0,0,26,0.0
967,0,0,25,0.0
967,0,0,64,0.0
968,0,0,26,0.0
968,0,0,25,0.0
968,0,0,64,0.0
969,0,0,26,0.0
969,0,0,25,0.0
969,0,0,64,0.0
970,0,0,26,0.0
970,0,0,25,0.0
970,0,0,64,0.0
971,0,0,26,0.0
971,0,0,25,0.0
971,0,0,64,0.0
972,0,0,26,0.0
972,0,0,25,0.0
972,0,0,64,0.0
973,0,0,26,0.0
973,0,0,25,0.0
973,0,0,64,0.0
974,0,0,26,0.0
974,0,0,25,0.0
974,0,0,64,0.0
975,0,0,26,0.0
975,0,0,25,0.0
975,0,0,64,0.0
976,0,0,26,0.0
976,0,0,25,0.0
976,0,0,64,0.0
977,0,0,26,0.0
977,0,0,25,0.0
977,0,0,64,0.0
978,0,0,26,0.0
978,0,0,25,0.0
978,0,0,64,0.0
979,0,0,26,0.0
979,0,0,25,0.0
979,0,0,64,0.0
980,0,0,26,0.0
980,0,0,25,0.0
980,0,0,64,0.0
981,0,0,26,0.0
981,0,0,25,0.0
981,0,0,64,0.0
982,0,0,26,0.0
982,0,0,25,0.0
982,0,0,64,0.0
983,0,0,26,0.0
983,0,0,25,0.0
983,0,0,64,0.0
983,0,0,81,0.0
984,0,0,26,0.0
984,0,0,25,0.0
984,0,0,64,0.0
984,0,0,81,0.0
985,0,0,26,0.0
985,0,0,25,0.0
985,0,0,64,0.0
985,0,0,81,0.0
986,0,0,26,0.0
986,0,0,25,0.0
986,0,0,64,0.0
986,0,0,81,0.0
987,0,0,26,0.0
987,0,0,25,0.0
987,0,0,64,0.0
987,0,0,81,0.0
988,0,0,26,0.0
988,0,0,25,0.0
988,0,0,64,0.0
988,0,0,81,0.0
989,0,0,26,0.0
989,0,0,25,0.0
989,0,0,64,0.0
989,0,0,81,0.0
990,0,0,26,0.0
990,0,0,25,0.0
990,0,0,64,0.0
990,0,0,81,0.0
991,0,0,26,0.0
991,0,0,25,0.0
991,0,0,64,0.0
991,0,0,81,0.0
992,0,0,26,0.0
992,0,0,25,0.0
992,0,0,64,0.0
992,0,0,81,0.0
993,0,0,26,0.0
993,0,0,25,0.0
993,0,0,64,0.0
993,0,0,81,0.0
994,0,0,26,0.0
994,0,0,25,0.0
994,0,0,64,0.0
994,0,0,81,0.0
995,0,0,26,0.0
995,0,0,25,0.0
995,0,0,64,0.0
995,0,0,81,0.0
996,0,0,26,0.0
996,0,0,25,0.0
996,0,0,64,0.0
996,0,0,81,0.0
997,0,0,26,0.0
997,0,0,25,0.0
997,0,0,64,0.0
997,0,0,81,0.0
998,0,0,26,0.0
998,0,0,25,0.0
998,0,0,64,0.0
998,0,0,81,0.0
999,0,0,26,0.0
999,0,0,25,0.0
999,0,0,64,0.0
999,0,0,81,0.0
1000,0,0,26,0.0
1000,0,0,25,0.0
1000,0,0,64,0.0
1001,0,0,26,0.0
1001,0,0,25,0.0
1001,0,0,64,0.0
1002,0,0,26,0.0
1002,0,0,25,0.0
1002,0,0,64,0.0
1003,0,0,26,0.0
1003,0,0,25,0.0
1003,0,0,64,0.0
1004,0,0,26,0.0
1004,0,0,25,0.0
1004,0,0,64,0.0
1004,0,0,81,0.0
1005,0,0,26,0.0
1005,0,0,25,0.0
1005,0,0,64,0.0
1005,0,0,81,0.0
1006,0,0,26,0.0
1006,0,0,25,0.0
1006,0,0,64,0.0
1006,0,0,81,0.0
1007,0,0,26,0.0
1007,0,0,25,0.0
1007,0,0,64,0.0
1007,0,0,81,0.0
1008,0,0,26,0.0
1008,0,0,25,0.0
1008,0,0,64,0.0
1008,0,0,81,0.0
1009,0,0,26,0.0
1009,0,0,25,0.0
1009,0,0,64,0.0
1009,0,0,81,0.0
1010,0,0,26,0.0
1010,0,0,25,0.0
1010,0,0,64,0.0
1010,0,0,81,0.0
1011,0,0,26,0.0
1011,0,0,25,0.0
1011,0,0,64,0.0
1011,0,0,81,0.0
1012,0,0,26,0.0
1012,0,0,25,0.0
1012,0,0,64,0.0
1012,0,0,81,0.0
1013,0,0,26,0.0
1013,0,0,25,0.0
1013,0,0,64,0.0
1013,0,0,81,0.0
1014,0,0,26,0.0
1014,0,0,25,0.0
1014,0,0,64,0.0
1014,0,0,81,0.0
1015,0,0,26,0.0
1015,0,0,25,0.0
1015,0,0,64,0.0
1015,0,0,81,0.0
1016,0,0,26,0.0
1016,0,0,25,0.0
1016,0,0,64,0.0
1016,0,0,81,0.0
1017,0,0,26,0.0
1017,0,0,25,0.0
1017,0,0,64,0.0
1017,0,0,81,0.0
1018,0,0,26,0.0
1018,0,0,25,0.0
1018,0,0,64,0.0
1019,0,0,26,0.0
1019,0,0,25,0.0
1019,0,0,64,0.0
1020,0,0,26,0.0
1020,0,0,25,0.0
1020,0,0,64,0.0
1021,0,0,26,0.0
1021,0,0,25,0.0
1021,0,0,64,0.0
1022,0,0,26,0.0
1022,0,0,25,0.0
1022,0,0,64,0.0
1023,0,0,26,0.0
1023,0,0,25,0.0
1023,0,0,64,0.0
1024,0,0,26,0.0
1024,0,0,25,0.0
1024,0,0,64,0.0
1025,0,0,26,0.0
1025,0,0,25,0.0
1025,0,0,64,0.0
1026,0,0,26,0.0
1026,0,0,25,0.0
1026,0,0,64,0.0
1027,0,0,26,0.0
1027,0,0,25,0.0
1027,0,0,64,0.0
1028,0,0,26,0.0
1028,0,0,25,0.0
1028,0,0,64,0.0
1029,0,0,26,0.0
1029,0,0,25,0.0
1029,0,0,64,0.0
1030,0,0,26,0.0
1030,0,0,25,0.0
1030,0,0,64,0.0
1031,0,0,26,0.0
1031,0,0,25,0.0
1031,0,0,64,0.0
1032,0,0,26,0.0
1032,0,0,25,0.0
1032,0,0,64,0.0
1033,0,0,26,0.0
1033,0,0,25,0.0
1033,0,0,64,0.0
1034,0,0,26,0.0
1034,0,0,25,0.0
1034,0,0,64,0.0
1035,0,0,26,0.0
1035,0,0,25,0.0
1035,0,0,64,0.0
1036,0,0,26,0.0
1036,0,0,25,0.0
1036,0,0,64,0.0
1037,0,0,26,0.0
1037,0,0,25,0.0
1037,0,0,64,0.0
1038,0,0,26,0.0
1038,0,0,25,0.0
1038,0,0,64,0.0
1039,0,0,26,0.0
1039,0,0,25,0.0
1039,0,0,64,0.0
1040,0,0,26,0.0
1040,0,0,25,0.0
1040,0,0,64,0.0
1041,0,0,26,0.0
1041,0,0,25,0.0
1041,0,0,64,0.0
1042,0,0,26,0.0
1042,0,0,25,0.0
1042,0,0,64,0.0
1043,0,0,26,0.0
1043,0,0,25,0.0
1043,0,0,64,0.0
1044,0,0,26,0.0
1044,0,0,25,0.0
1044,0,0,64,0.0
1045,0,0,26,0.0
1045,0,0,25,0.0
1045,0,0,64,0.0
1046,0,0,26,0.0
1046,0,0,25,0.0
1046,0,0,64,0.0
1047,0,0,26,0.0
1047,0,0,25,0.0
1047,0,0,64,0.0
1048,0,0,26,0.0
1048,0,0,25,0.0
1048,0,0,64,0.0
1049,0,0,26,0.0
1049,0,0,25,0.0
1049,0,0,64,0.0
1050,0,0,26,0.0
1050,0,0,25,0.0
1050,0,0,64,0.0
1051,0,0,26,0.0
1051,0,0,25,0.0
1051,0,0,64,0.0
1052,0,0,26,0.0
1052,0,0,25,0.0
1052,0,0,64,0.0
1053,0,0,26,0.0
1053,0,0,25,0.0
1053,0,0,64,0.0
1054,0,0,26,0.0
1054,0,0,25,0.0
1054,0,0,64,0.0
1055,0,0,26,0.0
1055,0,0,25,0.0
1055,0,0,64,0.0
1056,0,0,26,0.0
1056,0,0,25,0.0
1056,0,0,64,0.0
1057,0,0,26,0.0
1057,0,0,25,0.0
1057,0,0,64,0.0
1058,0,0,26,0.0
1058,0,0,25,0.0
1058,0,0,64,0.0
1059,0,0,26,0.0
1059,0,0,25,0.0
1059,0,0,64,0.0
1060,0,0,26,0.0
1060,0,0,25,0.0
1060,0,0,64,0.0
1061,0,0,26,0.0
1061,0,0,25,0.0
1061,0,0,64,0.0
1062,0,0,26,0.0
1062,0,0,25,0.0
1062,0,0,64,0.0
1063,0,0,26,0.0
1063,0,0,25,0.0
1063,0,0,64,0.0
1064,0,0,26,0.0
1064,0,0,25,0.0
1064,0,0,64,0.0
1065,0,0,26,0.0
1065,0,0,25,0.0
1065,0,0,64,0.0
1066,0,0,26,0.0
1066,0,0,25,0.0
1066,0,0,64,0.0
1067,0,0,26,0.0
1067,0,0,25,0.0
1067,0,0,64,0.0
1068,0,0,26,0.0
1068,0,0,25,0.0
1068,0,0,64,0.0
1069,0,0,26,0.0
1069,0,0,25,0.0
1069,0,0,64,0.0
1070,0,0,26,0.0
1070,0,0,25,0.0
1070,0,0,64,0.0
1071,0,0,26,0.0
1071,0,0,25,0.0
1071,0,0,64,0.0
1072,0,0,26,0.0
1072,0,0,25,0.0
1072,0,0,64,0.0
1073,0,0,26,0.0
1073,0,0,25,0.0
1073,0,0,64,0.0
1074,0,0,26,0.0
1074,0,0,25,0.0
1074,0,0,64,0.0
1075,0,0,26,0.0
1075,0,0,25,0.0
1075,0,0,64,0.0
1076,0,0,26,0.0
1076,0,0,25,0.0
1076,0,0,64,0.0
1077,0,0,26,0.0
1077,0,0,25,0.0
1077,0,0,64,0.0
1078,0,0,26,0.0
1078,0,0,25,0.0
1078,0,0,64,0.0
1079,0,0,26,0.0
1079,0,0,25,0.0
1079,0,0,64,0.0
1080,0,0,26,0.0
1080,0,0,25,0.0
1080,0,0,64,0.0
1081,0,0,26,0.0
1081,0,0,25,0.0
1081,0,0,64,0.0
1082,0,0,26,0.0
1082,0,0,25,0.0
1082,0,0,64,0.0
1083,0,0,26,0.0
1083,0,0,25,0.0
1083,0,0,64,0.0
1084,0,0,26,0.0
1084,0,0,25,0.0
1084,0,0,64,0.0
1085,0,0,26,0.0
1085,0,0,25,0.0
1085,0,0,64,0.0
1086,0,0,26,0.0
1086,0,0,25,0.0
1086,0,0,64,0.0
1087,0,0,26,0.0
1087,0,0,25,0.0
1087,0,0,64,0.0
1088,0,0,26,0.0
1088,0,0,25,0.0
1088,0,0,64,0.0
1089,0,0,26,0.0
1089,0,0,25,0.0
1089,0,0,64,0.0
1090,0,0,26,0.0
1090,0,0,25,0.0
1090,0,0,64,0.0
1091,0,0,26,0.0
1091,0,0,25,0.0
1091,0,0,64,0.0
1092,0,0,26,0.0
1092,0,0,25,0.0
1092,0,0,64,0.0
1093,0,0,26,0.0
1093,0,0,25,0.0
1093,0,0,64,0.0
1094,0,0,26,0.0
1094,0,0,25,0.0
1094,0,0,64,0.0
1095,0,0,26,0.0
1095,0,0,25,0.0
1095,0,0,64,0.0
1096,0,0,26,0.0
1096,0,0,25,0.0
1096,0,0,64,0.0
1096,0,0,82,0.0
1097,0,0,26,0.0
1097,0,0,25,0.0
1097,0,0,64,0.0
1097,0,0,82,0.0
1098,0,0,26,0.0
1098,0,0,25,0.0
1098,0,0,64,0.0
1098,0,0,82,0.0
1099,0,0,26,0.0
1099,0,0,25,0.0
1099,0,0,64,0.0
1099,0,0,82,0.0
1100,0,0,26,0.0
1100,0,0,25,0.0
1100,0,0,64,0.0
1100,0,0,82,0.0
1101,0,0,26,0.0
1101,0,0,25,0.0
1101,0,0,64,0.0
1101,0,0,82,0.0
1102,0,0,26,0.0
1102,0,0,25,0.0
1102,0,0,64,0.0
1102,0,0,82,0.0
1103,0,0,26,0.0
1103,0,0,25,0.0
1103,0,0,64,0.0
1103,0,0,82,0.0
1104,0,0,26,0.0
1104,0,0,25,0.0
1104,0,0,64,0.0
1104,0,0,82,0.0
1105,0,0,26,0.0
1105,0,0,25,0.0
1105,0,0,64,0.0
1105,0,0,82,0.0
1106,0,0,26,0.0
1106,0,0,25,0.0
1106,0,0,64,0.0
1106,0,0,82,0.0
1107,0,0,26,0.0
1107,0,0,25,0.0
1107,0,0,64,0.0
1107,0,0,82,0.0
1108,0,0,26,0.0
1108,0,0,25,0.0
1108,0,0,64,0.0
1108,0,0,82,0.0
1109,0,0,26,0.0
1109,0,0,25,0.0
1109,0,0,64,0.0
1109,0,0,82,0.0
1110,0,0,26,0.0
1110,0,0,25,0.0
1110,0,0,64,0.0
1110,0,0,82,0.0
1111,0,0,26,0.0
1111,0,0,25,0.0
1111,0,0,64,0.0
1111,0,0,82,0.0
1112,0,0,26,0.0
1112,0,0,25,0.0
1112,0,0,64,0.0
1112,0,0,82,0.0
1113,0,0,26,0.0
1113,0,0,25,0.0
1113,0,0,64,0.0
1113,0,0,82,0.0
1114,0,0,26,0.0
1114,0,0,25,0.0
1114,0,0,64,0.0
1114,0,0,82,0.0
1115,0,0,26,0.0
1115,0,0,25,0.0
1115,0,0,64,0.0
1115,0,0,82,0.0
1116,0,0,26,0.0
1116,0,0,25,0.0
1116,0,0,64,0.0
1116,0,0,82,0.0
1117,0,0,26,0.0
1117,0,0,25,0.0
1117,0,0,64,0.0
1117,0,0,82,0.0
1118,0,0,26,0.0
1118,0,0,25,0.0
1118,0,0,64,0.0
1118,0,0,82,0.0
1119,0,0,26,0.0
1119,0,0,25,0.0
1119,0,0,64,0.0
1119,0,0,82,0.0
1120,0,0,26,0.0
1120,0,0,25,0.0
1120,0,0,64,0.0
1120,0,0,82,0.0
1120,0,0,83,0.0
1121,0,0,26,0.0
1121,0,0,25,0.0
1121,0,0,64,0.0
1121,0,0,82,0.0
1121,0,0,83,0.0
1122,0,0,26,0.0
1122,0,0,25,0.0
1122,0,0,64,0.0
1122,0,0,82,0.0
1122,0,0,83,0.0
1123,0,0,26,0.0
1123,0,0,25,0.0
1123,0,0,64,0.0
1123,0,0,82,0.0
1123,0,0,83,0.0
1124,0,0,26,0.0
1124,0,0,25,0.0
1124,0,0,64,0.0
1124,0,0,82,0.0
1124,0,0,83,0.0
1125,0,0,26,0.0
1125,0,0,25,0.0
1125,0,0,64,0.0
1125,0,0,82,0.0
1125,0,0,83,0.0
1126,0,0,26,0.0
1126,0,0,25,0.0
1126,0,0,64,0.0
1127,0,0,26,0.0
1127,0,0,25,0.0
1127,0,0,64,0.0
1128,0,0,26,0.0
1128,0,0,25,0.0
1128,0,0,64,0.0
1128,0,0,82,0.0
1129,0,0,26,0.0
1129,0,0,25,0.0
1129,0,0,64,0.0
1129,0,0,84,0.0
1129,0,0,82,0.0
1130,0,0,26,0.0
1130,0,0,25,0.0
1130,0,0,64,0.0
1130,0,0,84,0.0
1130,0,0,82,0.0
1131,0,0,26,0.0
1131,0,0,25,0.0
1131,0,0,64,0.0
1131,0,0,84,0.0
1131,0,0,82,0.0
1132,0,0,26,0.0
1132,0,0,25,0.0
1132,0,0,64,0.0
1132,0,0,84,0.0
1132,0,0,82,0.0
1133,0,0,26,0.0
1133,0,0,25,0.0
1133,0,0,64,0.0
1133,0,0,84,0.0
1133,0,0,82,0.0
1134,0,0,26,0.0
1134,0,0,25,0.0
1134,0,0,64,0.0
1134,0,0,84,0.0
1134,0,0,82,0.0
1135,0,0,26,0.0
1135,0,0,25,0.0
1135,0,0,64,0.0
1135,0,0,84,0.0
1135,0,0,82,0.0
1136,0,0,26,0.0
1136,0,0,25,0.0
1136,0,0,64,0.0
1136,0,0,82,0.0
1137,0,0,26,0.0
1137,0,0,25,0.0
1137,0,0,64,0.0
1137,0,0,82,0.0
1138,0,0,26,0.0
1138,0,0,25,0.0
1138,0,0,64,0.0
1138,0,0,82,0.0
1139,0,0,26,0.0
1139,0,0,25,0.0
1139,0,0,64,0.0
1139,0,0,82,0.0
1140,0,0,26,0.0
1140,0,0,25,0.0
1140,0,0,64,0.0
1140,0,0,82,0.0
1141,0,0,26,0.0
1141,0,0,25,0.0
1141,0,0,64,0.0
1141,0,0,82,0.0
1142,0,0,26,0.0
1142,0,0,25,0.0
1142,0,0,64,0.0
1142,0,0,82,0.0
1143,0,0,26,0.0
1143,0,0,25,0.0
1143,0,0,64,0.0
1143,0,0,82,0.0
1144,0,0,26,0.0
1144,0,0,25,0.0
1144,0,0,64,0.0
1144,0,0,82,0.0
1145,0,0,26,0.0
1145,0,0,25,0.0
1145,0,0,64,0.0
1145,0,0,82,0.0
1146,0,0,26,0.0
1146,0,0,25,0.0
1146,0,0,64,0.0
1146,0,0,82,0.0
1146,0,0,86,0.0
1146,0,0,87,0.0
1147,0,0,26,0.0
1147,0,0,25,0.0
1147,0,0,64,0.0
1147,0,0,82,0.0
1147,0,0,86,0.0
1147,0,0,87,0.0
1148,0,0,26,0.0
1148,0,0,25,0.0
1148,0,0,64,0.0
1148,0,0,82,0.0
1148,0,0,86,0.0
1148,0,0,87,0.0
1149,0,0,26,0.0
1149,0,0,25,0.0
1149,0,0,64,0.0
1149,0,0,82,0.0
1149,0,0,86,0.0
1149,0,0,87,0.0
1150,0,0,26,0.0
1150,0,0,25,0.0
1150,0,0,64,0.0
1150,0,0,82,0.0
1150,0,0,86,0.0
1150,0,0,87,0.0
1151,0,0,26,0.0
1151,0,0,25,0.0
1151,0,0,64,0.0
1151,0,0,82,0.0
1151,0,0,86,0.0
1151,0,0,87,0.0
1152,0,0,26,0.0
1152,0,0,25,0.0
1152,0,0,64,0.0
1152,0,0,82,0.0
1152,0,0,86,0.0
1152,0,0,87,0.0
1153,0,0,26,0.0
1153,0,0,25,0.0
1153,0,0,64,0.0
1153,0,0,82,0.0
1153,0,0,86,0.0
1153,0,0,87,0.0
1154,0,0,26,0.0
1154,0,0,25,0.0
1154,0,0,64,0.0
1154,0,0,86,0.0
1154,0,0,87,0.0
1155,0,0,26,0.0
1155,0,0,25,0.0
1155,0,0,64,0.0
1155,0,0,86,0.0
1156,0,0,26,0.0
1156,0,0,25,0.0
1156,0,0,64,0.0
1156,0,0,86,0.0
1156,0,0,82,0.0
1157,0,0,26,0.0
1157,0,0,25,0.0
1157,0,0,64,0.0
1157,0,0,86,0.0
1157,0,0,82,0.0
1158,0,0,26,0.0
1158,0,0,25,0.0
1158,0,0,64,0.0
1158,0,0,86,0.0
1158,0,0,82,0.0
1159,0,0,26,0.0
1159,0,0,25,0.0
1159,0,0,64,0.0
1159,0,0,86,0.0
1159,0,0,82,0.0
1160,0,0,26,0.0
1160,0,0,25,0.0
1160,0,0,64,0.0
1160,0,0,86,0.0
1160,0,0,82,0.0
1161,0,0,26,0.0
1161,0,0,25,0.0
1161,0,0,64,0.0
1161,0,0,86,0.0
1161,0,0,82,0.0
1162,0,0,26,0.0
1162,0,0,25,0.0
1162,0,0,64,0.0
1162,0,0,86,0.0
1162,0,0,82,0.0
1163,0,0,26,0.0
1163,0,0,25,0.0
1163,0,0,64,0.0
1163,0,0,89,0.0
1164,0,0,26,0.0
1164,0,0,25,0.0
1164,0,0,64,0.0
1164,0,0,89,0.0
1165,0,0,26,0.0
1165,0,0,25,0.0
1165,0,0,64,0.0
1165,0,0,89,0.0
1166,0,0,26,0.0
1166,0,0,25,0.0
1166,0,0,64,0.0
1166,0,0,89,0.0
1167,0,0,26,0.0
1167,0,0,25,0.0
1167,0,0,64,0.0
1168,0,0,26,0.0
1168,0,0,25,0.0
1168,0,0,64,0.0
1168,0,0,89,0.0
1169,0,0,26,0.0
1169,0,0,25,0.0
1169,0,0,64,0.0
1169,0,0,89,0.0
1170,0,0,26,0.0
1170,0,0,25,0.0
1170,0,0,64,0.0
1170,0,0,89,0.0
1171,0,0,25,0.0
1171,0,0,64,0.0
1172,0,0,25,0.0
1172,0,0,64,0.0
1172,0,0,90,0.0
1173,0,0,25,0.0
1173,0,0,64,0.0
1173,0,0,90,0.0
1174,0,0,25,0.0
1174,0,0,64,0.0
1174,0,0,90,0.0
1175,0,0,25,0.0
1175,0,0,64,0.0
1175,0,0,90,0.0
1176,0,0,25,0.0
1176,0,0,64,0.0
1176,0,0,90,0.0
1177,0,0,25,0.0
1177,0,0,64,0.0
1177,0,0,90,0.0
1178,0,0,25,0.0
1178,0,0,64,0.0
1178,0,0,90,0.0
1179,0,0,25,0.0
1179,0,0,64,0.0
1179,0,0,90,0.0
1180,0,0,25,0.0
1180,0,0,64,0.0
1180,0,0,90,0.0
1181,0,0,25,0.0
1181,0,0,64,0.0
1181,0,0,90,0.0
1181,0,0,82,0.0
1182,0,0,25,0.0
1182,0,0,64,0.0
1182,0,0,90,0.0
1182,0,0,82,0.0
1183,0,0,25,0.0
1183,0,0,64,0.0
1183,0,0,90,0.0
1183,0,0,82,0.0
1184,0,0,25,0.0
1184,0,0,64,0.0
1184,0,0,90,0.0
1184,0,0,82,0.0
1185,0,0,25,0.0
1185,0,0,64,0.0
1185,0,0,90,0.0
1185,0,0,82,0.0
1186,0,0,25,0.0
1186,0,0,64,0.0
1186,0,0,90,0.0
1186,0,0,82,0.0
1187,0,0,25,0.0
1187,0,0,64,0.0
1187,0,0,90,0.0
1187,0,0,82,0.0
1188,0,0,25,0.0
1188,0,0,64,0.0
1188,0,0,82,0.0
1189,0,0,25,0.0
1189,0,0,64,0.0
1189,0,0,82,0.0
1189,0,0,91,0.0
1190,0,0,25,0.0
1190,0,0,64,0.0
1190,0,0,82,0.0
1190,0,0,91,0.0
1191,0,0,25,0.0
1191,0,0,64,0.0
1191,0,0,82,0.0
1191,0,0,91,0.0
1192,0,0,25,0.0
1192,0,0,64,0.0
1192,0,0,82,0.0
1192,0,0,91,0.0
1193,0,0,25,0.0
1193,0,0,64,0.0
1193,0,0,82,0.0
1193,0,0,91,0.0
1194,0,0,25,0.0
1194,0,0,64,0.0
1194,0,0,82,0.0
1194,0,0,91,0.0
1195,0,0,25,0.0
1195,0,0,64,0.0
1195,0,0,82,0.0
1195,0,0,91,0.0
1196,0,0,25,0.0
1196,0,0,64,0.0
1196,0,0,82,0.0
1196,0,0,91,0.0
1197,0,0,25,0.0
1197,0,0,64,0.0
1197,0,0,82,0.0
1197,0,0,91,0.0
1198,0,0,25,0.0
1198,0,0,64,0.0
1198,0,0,82,0.0
1198,0,0,91,0.0
1199,0,0,25,0.0
1199,0,0,64,0.0
1199,0,0,82,0.0
1199,0,0,91,0.0
1200,0,0,25,0.0
1200,0,0,64,0.0
1200,0,0,82,0.0
1200,0,0,91,0.0
1201,0,0,25,0.0
1201,0,0,64,0.0
1201,0,0,82,0.0
1201,0,0,91,0.0
1202,0,0,25,0.0
1202,0,0,64,0.0
1202,0,0,82,0.0
1202,0,0,91,0.0
1203,0,0,25,0.0
1203,0,0,64,0.0
1203,0,0,82,0.0
1203,0,0,91,0.0
1204,0,0,25,0.0
1204,0,0,64,0.0
1204,0,0,82,0.0
1204,0,0,91,0.0
1205,0,0,25,0.0
1205,0,0,64,0.0
1205,0,0,91,0.0
1206,0,0,25,0.0
1206,0,0,64,0.0
1206,0,0,91,0.0
1207,0,0,25,0.0
1207,0,0,64,0.0
1207,0,0,91,0.0
1208,0,0,25,0.0
1208,0,0,64,0.0
1208,0,0,91,0.0
1209,0,0,25,0.0
1209,0,0,64,0.0
1209,0,0,91,0.0
1210,0,0,25,0.0
1210,0,0,64,0.0
1210,0,0,91,0.0
1211,0,0,25,0.0
1211,0,0,64,0.0
1211,0,0,91,0.0
1212,0,0,25,0.0
1212,0,0,64,0.0
1212,0,0,91,0.0
1213,0,0,25,0.0
1213,0,0,64,0.0
1213,0,0,91,0.0
1214,0,0,25,0.0
1214,0,0,64,0.0
1214,0,0,82,0.0
1215,0,0,25,0.0
1215,0,0,64,0.0
1216,0,0,25,0.0
1216,0,0,64,0.0
1217,0,0,25,0.0
1217,0,0,64,0.0
1217,0,0,82,0.0
1218,0,0,25,0.0
1218,0,0,64,0.0
1218,0,0,82,0.0
1219,0,0,25,0.0
1219,0,0,64,0.0
1219,0,0,82,0.0
1220,0,0,25,0.0
1220,0,0,64,0.0
1220,0,0,82,0.0
1221,0,0,25,0.0
1221,0,0,64,0.0
1221,0,0,82,0.0
1222,0,0,25,0.0
1222,0,0,64,0.0
1222,0,0,82,0.0
1223,0,0,25,0.0
1223,0,0,64,0.0
1223,0,0,82,0.0
1224,0,0,25,0.0
1224,0,0,64,0.0
1224,0,0,82,0.0
1225,0,0,25,0.0
1225,0,0,64,0.0
1225,0,0,82,0.0
1226,0,0,25,0.0
1226,0,0,64,0.0
1226,0,0,82,0.0
1227,0,0,25,0.0
1227,0,0,64,0.0
1227,0,0,82,0.0
1228,0,0,25,0.0
1228,0,0,64,0.0
1228,0,0,82,0.0
1229,0,0,25,0.0
1229,0,0,64,0.0
1229,0,0,82,0.0
1230,0,0,25,0.0
1230,0,0,64,0.0
1230,0,0,82,0.0
1231,0,0,25,0.0
1231,0,0,64,0.0
1231,0,0,82,0.0
1232,0,0,25,0.0
1232,0,0,64,0.0
1232,0,0,82,0.0
1233,0,0,25,0.0
1233,0,0,64,0.0
1233,0,0,82,0.0
1234,0,0,25,0.0
1234,0,0,64,0.0
1234,0,0,82,0.0
1235,0,0,25,0.0
1235,0,0,64,0.0
1236,0,0,25,0.0
1236,0,0,64,0.0
1237,0,0,25,0.0
1237,0,0,64,0.0
1238,0,0,25,0.0
1238,0,0,64,0.0
1239,0,0,25,0.0
1239,0,0,64,0.0
1240,0,0,25,0.0
1240,0,0,64,0.0
1241,0,0,25,0.0
1241,0,0,64,0.0
1242,0,0,25,0.0
1242,0,0,64,0.0
1243,0,0,25,0.0
1243,0,0,64,0.0
1244,0,0,25,0.0
1244,0,0,64,0.0
1245,0,0,25,0.0
1245,0,0,64,0.0
1246,0,0,25,0.0
1246,0,0,64,0.0
1247,0,0,64,0.0
1248,0,0,64,0.0
1248,0,0,92,0.0
1249,0,0,64,0.0
1249,0,0,92,0.0
1250,0,0,64,0.0
1250,0,0,92,0.0
1251,0,0,64,0.0
1251,0,0,92,0.0
1252,0,0,64,0.0
1252,0,0,92,0.0
1253,0,0,64,0.0
1253,0,0,92,0.0
1253,0,0,82,0.0
1254,0,0,64,0.0
1254,0,0,92,0.0
1254,0,0,82,0.0
1255,0,0,64,0.0
1255,0,0,92,0.0
1255,0,0,82,0.0
1256,0,0,64,0.0
1256,0,0,92,0.0
1256,0,0,82,0.0
1257,0,0,64,0.0
1257,0,0,92,0.0
1257,0,0,82,0.0
1258,0,0,64,0.0
1258,0,0,92,0.0
1258,0,0,82,0.0
1259,0,0,64,0.0
1259,0,0,92,0.0
1259,0,0,82,0.0
1260,0,0,64,0.0
1260,0,0,92,0.0
1260,0,0,82,0.0
1261,0,0,64,0.0
1261,0,0,92,0.0
1261,0,0,82,0.0
1262,0,0,64,0.0
1262,0,0,92,0.0
1262,0,0,82,0.0
1263,0,0,64,0.0
1263,0,0,92,0.0
1263,0,0,82,0.0
1264,0,0,64,0.0
1264,0,0,92,0.0
1264,0,0,82,0.0
1265,0,0,64,0.0
1265,0,0,92,0.0
1265,0,0,82,0.0
1266,0,0,64,0.0
1266,0,0,92,0.0
1266,0,0,82,0.0
1267,0,0,64,0.0
1267,0,0,92,0.0
1267,0,0,82,0.0
1268,0,0,64,0.0
1268,0,0,92,0.0
1268,0,0,82,0.0
1269,0,0,64,0.0
1269,0,0,92,0.0
1269,0,0,82,0.0
1270,0,0,64,0.0
1270,0,0,92,0.0
1270,0,0,82,0.0
1271,0,0,64,0.0
1271,0,0,92,0.0
1271,0,0,82,0.0
1272,0,0,64,0.0
1272,0,0,92,0.0
1272,0,0,82,0.0
1273,0,0,64,0.0
1274,0,0,64,0.0
1274,0,0,93,0.0
1275,0,0,64,0.0
1275,0,0,93,0.0
1276,0,0,64,0.0
1276,0,0,93,0.0
1277,0,0,64,0.0
1277,0,0,93,0.0
1278,0,0,64,0.0
1278,0,0,93,0.0
1279,0,0,64,0.0
1279,0,0,93,0.0
1280,0,0,64,0.0
1280,0,0,93,0.0
1281,0,0,64,0.0
1281,0,0,93,0.0
1282,0,0,64,0.0
1282,0,0,93,0.0
1283,0,0,64,0.0
1283,0,0,93,0.0
1284,0,0,64,0.0
1284,0,0,93,0.0
1285,0,0,64,0.0
1285,0,0,93,0.0
1286,0,0,64,0.0
1286,0,0,93,0.0
1287,0,0,64,0.0
1287,0,0,93,0.0
1288,0,0,64,0.0
1288,0,0,93,0.0
1289,0,0,64,0.0
1289,0,0,93,0.0
1290,0,0,64,0.0
1290,0,0,93,0.0
1291,0,0,64,0.0
1291,0,0,93,0.0
1292,0,0,64,0.0
1292,0,0,93,0.0
1293,0,0,64,0.0
1293,0,0,93,0.0
1294,0,0,64,0.0
1294,0,0,93,0.0
1295,0,0,64,0.0
1295,0,0,93,0.0
1296,0,0,64,0.0
1296,0,0,93,0.0
1297,0,0,64,0.0
1297,0,0,93,0.0
1298,0,0,64,0.0
1298,0,0,93,0.0
1299,0,0,64,0.0
1299,0,0,93,0.0
1300,0,0,64,0.0
1300,0,0,93,0.0
1301,0,0,64,0.0
1301,0,0,93,0.0
1302,0,0,64,0.0
1302,0,0,93,0.0
1303,0,0,64,0.0
1303,0,0,93,0.0
1304,0,0,64,0.0
1304,0,0,93,0.0
1305,0,0,64,0.0
1305,0,0,93,0.0
1306,0,0,64,0.0
1306,0,0,93,0.0
1307,0,0,64,0.0
1307,0,0,93,0.0
1308,0,0,64,0.0
1308,0,0,93,0.0
1309,0,0,64,0.0
1310,0,0,64,0.0
1310,0,0,96,0.0
1311,0,0,64,0.0
1311,0,0,96,0.0
1312,0,0,64,0.0
1312,0,0,96,0.0
1313,0,0,64,0.0
1313,0,0,96,0.0
1314,0,0,64,0.0
1314,0,0,96,0.0
1315,0,0,64,0.0
1315,0,0,96,0.0
1316,0,0,64,0.0
1316,0,0,96,0.0
1317,0,0,64,0.0
1317,0,0,96,0.0
1318,0,0,64,0.0
1318,0,0,96,0.0
1319,0,0,64,0.0
1319,0,0,96,0.0
1320,0,0,64,0.0
1320,0,0,96,0.0
1321,0,0,64,0.0
1321,0,0,96,0.0
1322,0,0,64,0.0
1322,0,0,96,0.0
1323,0,0,64,0.0
1323,0,0,96,0.0
1324,0,0,64,0.0
1324,0,0,96,0.0
1325,0,0,64,0.0
1325,0,0,96,0.0
1326,0,0,64,0.0
1326,0,0,96,0.0
1327,0,0,64,0.0
1327,0,0,96,0.0
1328,0,0,64,0.0
1328,0,0,96,0.0
1329,0,0,64,0.0
1329,0,0,96,0.0
1330,0,0,64,0.0
1330,0,0,96,0.0
1331,0,0,64,0.0
1331,0,0,96,0.0
1332,0,0,64,0.0
1332,0,0,96,0.0
1333,0,0,64,0.0
1333,0,0,96,0.0
1334,0,0,64,0.0
1334,0,0,96,0.0
1335,0,0,64,0.0
1335,0,0,96,0.0
1336,0,0,64,0.0
1336,0,0,96,0.0
1337,0,0,64,0.0
1337,0,0,96,0.0
1338,0,0,64,0.0
1338,0,0,96,0.0
1339,0,0,64,0.0
1339,0,0,96,0.0
1340,0,0,64,0.0
1340,0,0,96,0.0
1341,0,0,64,0.0
1341,0,0,96,0.0
1342,0,0,64,0.0
1342,0,0,96,0.0
1343,0,0,64,0.0
1343,0,0,96,0.0
1344,0,0,64,0.0
1345,0,0,64,0.0
1346,0,0,64,0.0
1347,0,0,64,0.0
1348,0,0,64,0.0
1349,0,0,64,0.0
1350,0,0,64,0.0
1351,0,0,64,0.0
1352,0,0,64,0.0
1353,0,0,64,0.0
1354,0,0,64,0.0
1355,0,0,64,0.0
1356,0,0,64,0.0
1357,0,0,64,0.0
1358,0,0,64,0.0
1359,0,0,64,0.0
1360,0,0,64,0.0
1361,0,0,64,0.0
1362,0,0,64,0.0
1363,0,0,64,0.0
1364,0,0,64,0.0
1365,0,0,64,0.0
1366,0,0,64,0.0
1367,0,0,64,0.0
1368,0,0,64,0.0
1369,0,0,64,0.0
1370,0,0,64,0.0
1371,0,0,64,0.0
1372,0,0,64,0.0
1373,0,0,64,0.0
1374,0,0,64,0.0
1375,0,0,64,0.0
1376,0,0,64,0.0
1377,0,0,64,0.0
1378,0,0,64,0.0
1379,0,0,64,0.0
1380,0,0,64,0.0
1381,0,0,64,0.0
1381,0,0,98,0.0
1382,0,0,64,0.0
1382,0,0,98,0.0
1383,0,0,64,0.0
1383,0,0,98,0.0
1384,0,0,64,0.0
1384,0,0,98,0.0
1385,0,0,64,0.0
1385,0,0,98,0.0
1386,0,0,64,0.0
1386,0,0,98,0.0
1387,0,0,64,0.0
1387,0,0,98,0.0
1388,0,0,64,0.0
1388,0,0,98,0.0
1389,0,0,64,0.0
1389,0,0,98,0.0
1390,0,0,64,0.0
1390,0,0,98,0.0
1391,0,0,64,0.0
1391,0,0,98,0.0
1392,0,0,64,0.0
1392,0,0,98,0.0
1393,0,0,64,0.0
1393,0,0,98,0.0
1394,0,0,64,0.0
1394,0,0,98,0.0
1395,0,0,64,0.0
1396,0,0,64,0.0
1397,0,0,64,0.0
1398,0,0,64,0.0
1399,0,0,64,0.0
1399,0,0,99,0.0
1400,0,0,64,0.0
1400,0,0,99,0.0
1401,0,0,64,0.0
1401,0,0,99,0.0
1402,0,0,64,0.0
1402,0,0,99,0.0
1403,0,0,64,0.0
1403,0,0,99,0.0
1404,0,0,64,0.0
1404,0,0,99,0.0
1405,0,0,64,0.0
1405,0,0,99,0.0
1406,0,0,64,0.0
1406,0,0,99,0.0
1407,0,0,64,0.0
1407,0,0,99,0.0
1408,0,0,64,0.0
1408,0,0,99,0.0
1409,0,0,64,0.0
1409,0,0,99,0.0
1410,0,0,64,0.0
1410,0,0,99,0.0
1411,0,0,64,0.0
1411,0,0,99,0.0
1412,0,0,64,0.0
1412,0,0,99,0.0
1413,0,0,64,0.0
1413,0,0,99,0.0
1414,0,0,64,0.0
1414,0,0,99,0.0
1415,0,0,64,0.0
1415,0,0,99,0.0
1416,0,0,64,0.0
1417,0,0,64,0.0
1418,0,0,64,0.0
1419,0,0,64,0.0
1420,0,0,64,0.0
1421,0,0,64,0.0
1422,0,0,64,0.0
1423,0,0,64,0.0
1424,0,0,64,0.0
1425,0,0,64,0.0
1426,0,0,64,0.0
1427,0,0,64,0.0
1428,0,0,64,0.0
1428,0,0,100,0.0
1429,0,0,64,0.0
1429,0,0,100,0.0
1430,0,0,64,0.0
1430,0,0,100,0.0
1431,0,0,64,0.0
1431,0,0,100,0.0
1432,0,0,64,0.0
1432,0,0,100,0.0
1433,0,0,64,0.0
1433,0,0,100,0.0
1434,0,0,64,0.0
1434,0,0,100,0.0
1435,0,0,64,0.0
1435,0,0,100,0.0
1436,0,0,64,0.0
1436,0,0,100,0.0
1437,0,0,64,0.0
1437,0,0,100,0.0
1438,0,0,64,0.0
1438,0,0,100,0.0
1439,0,0,64,0.0
1439,0,0,100,0.0
1440,0,0,64,0.0
1440,0,0,100,0.0
1441,0,0,64,0.0
1441,0,0,100,0.0
1442,0,0,64,0.0
1442,0,0,100,0.0
1443,0,0,64,0.0
1443,0,0,100,0.0
1444,0,0,64,0.0
1444,0,0,100,0.0
1445,0,0,64,0.0
1445,0,0,100,0.0
1446,0,0,64,0.0
1446,0,0,100,0.0
1447,0,0,64,0.0
1447,0,0,100,0.0
1448,0,0,64,0.0
1448,0,0,100,0.0
1449,0,0,64,0.0
1449,0,0,100,0.0
1450,0,0,64,0.0
1450,0,0,100,0.0
1451,0,0,64,0.0
1451,0,0,100,0.0
1452,0,0,64,0.0
1452,0,0,100,0.0
1453,0,0,64,0.0
1453,0,0,100,0.0
1454,0,0,64,0.0
1454,0,0,100,0.0
1455,0,0,64,0.0
1456,0,0,64,0.0
1456,0,0,101,0.0
1456,0,0,102,0.0
1456,0,0,103,0.0
1456,0,0,100,0.0
1457,0,0,64,0.0
1457,0,0,101,0.0
1457,0,0,102,0.0
1457,0,0,103,0.0
1457,0,0,100,0.0
1458,0,0,64,0.0
1458,0,0,101,0.0
1458,0,0,102,0.0
1458,0,0,103,0.0
1458,0,0,100,0.0
1459,0,0,64,0.0
1459,0,0,101,0.0
1459,0,0,102,0.0
1459,0,0,103,0.0
1459,0,0,100,0.0
1460,0,0,64,0.0
1460,0,0,101,0.0
1460,0,0,102,0.0
1460,0,0,103,0.0
1460,0,0,100,0.0
1461,0,0,64,0.0
1461,0,0,101,0.0
1461,0,0,102,0.0
1461,0,0,103,0.0
1461,0,0,100,0.0
1462,0,0,64,0.0
1462,0,0,101,0.0
1462,0,0,102,0.0
1462,0,0,103,0.0
1462,0,0,100,0.0
1463,0,0,64,0.0
1463,0,0,101,0.0
1463,0,0,102,0.0
1463,0,0,103,0.0
1463,0,0,100,0.0
1464,0,0,64,0.0
1464,0,0,101,0.0
1464,0,0,102,0.0
1464,0,0,103,0.0
1464,0,0,100,0.0
1465,0,0,64,0.0
1465,0,0,101,0.0
1465,0,0,102,0.0
1465,0,0,103,0.0
1465,0,0,100,0.0
1466,0,0,64,0.0
1466,0,0,101,0.0
1466,0,0,102,0.0
1466,0,0,103,0.0
1466,0,0,100,0.0
1467,0,0,64,0.0
1467,0,0,101,0.0
1467,0,0,102,0.0
1467,0,0,103,0.0
1467,0,0,100,0.0
1468,0,0,64,0.0
1468,0,0,101,0.0
1468,0,0,102,0.0
1468,0,0,103,0.0
1468,0,0,100,0.0
1469,0,0,64,0.0
1469,0,0,101,0.0
1469,0,0,102,0.0
1469,0,0,103,0.0
1469,0,0,100,0.0
1470,0,0,64,0.0
1470,0,0,101,0.0
1470,0,0,102,0.0
1470,0,0,103,0.0
1471,0,0,64,0.0
1471,0,0,101,0.0
1471,0,0,102,0.0
1471,0,0,100,0.0
1472,0,0,64,0.0
1472,0,0,101,0.0
1472,0,0,102,0.0
1472,0,0,100,0.0
1473,0,0,64,0.0
1473,0,0,101,0.0
1473,0,0,102,0.0
1473,0,0,100,0.0
1474,0,0,64,0.0
1474,0,0,101,0.0
1474,0,0,102,0.0
1474,0,0,100,0.0
1475,0,0,64,0.0
1475,0,0,101,0.0
1475,0,0,102,0.0
1475,0,0,100,0.0
1476,0,0,64,0.0
1476,0,0,101,0.0
1476,0,0,102,0.0
1476,0,0,100,0.0
1477,0,0,64,0.0
1477,0,0,101,0.0
1477,0,0,102,0.0
1477,0,0,100,0.0
1478,0,0,64,0.0
1478,0,0,101,0.0
1478,0,0,102,0.0
1478,0,0,100,0.0
1479,0,0,64,0.0
1479,0,0,101,0.0
1479,0,0,102,0.0
1479,0,0,100,0.0
1480,0,0,64,0.0
1480,0,0,101,0.0
1480,0,0,102,0.0
1480,0,0,100,0.0
1481,0,0,64,0.0
1481,0,0,101,0.0
1481,0,0,102,0.0
1481,0,0,100,0.0
1482,0,0,64,0.0
1482,0,0,101,0.0
1482,0,0,102,0.0
1482,0,0,100,0.0
1483,0,0,64,0.0
1483,0,0,101,0.0
1483,0,0,102,0.0
1483,0,0,100,0.0
1484,0,0,64,0.0
1484,0,0,101,0.0
1484,0,0,102,0.0
1484,0,0,100,0.0
1485,0,0,64,0.0
1485,0,0,101,0.0
1485,0,0,102,0.0
1485,0,0,100,0.0
1486,0,0,64,0.0
1486,0,0,101,0.0
1486,0,0,102,0.0
1486,0,0,100,0.0
1487,0,0,64,0.0
1487,0,0,101,0.0
1487,0,0,102,0.0
1487,0,0,100,0.0
1488,0,0,64,0.0
1488,0,0,101,0.0
1488,0,0,102,0.0
1488,0,0,100,0.0
1489,0,0,64,0.0
1489,0,0,101,0.0
1489,0,0,102,0.0
1489,0,0,100,0.0
1490,0,0,64,0.0
1490,0,0,101,0.0
1490,0,0,102,0.0
1490,0,0,100,0.0
1491,0,0,64,0.0
1491,0,0,101,0.0
1491,0,0,102,0.0
1491,0,0,100,0.0
1492,0,0,64,0.0
1492,0,0,101,0.0
1492,0,0,102,0.0
1492,0,0,100,0.0
1493,0,0,64,0.0
1493,0,0,101,0.0
1493,0,0,102,0.0
1493,0,0,100,0.0
1494,0,0,64,0.0
1494,0,0,101,0.0
1494,0,0,102,0.0
1494,0,0,100,0.0
1495,0,0,64,0.0
1495,0,0,101,0.0
1495,0,0,102,0.0
1495,0,0,100,0.0
1496,0,0,64,0.0
1496,0,0,101,0.0
1496,0,0,102,0.0
1496,0,0,100,0.0
1497,0,0,64,0.0
1497,0,0,101,0.0
1497,0,0,100,0.0
1498,0,0,64,0.0
1498,0,0,101,0.0
1498,0,0,100,0.0
1499,0,0,64,0.0
1499,0,0,101,0.0
1499,0,0,100,0.0
1500,0,0,64,0.0
1500,0,0,101,0.0
1500,0,0,100,0.0
1501,0,0,64,0.0
1501,0,0,101,0.0
1501,0,0,100,0.0
1502,0,0,64,0.0
1502,0,0,101,0.0
1502,0,0,100,0.0
1503,0,0,64,0.0
1503,0,0,101,0.0
1503,0,0,100,0.0
1504,0,0,64,0.0
1504,0,0,101,0.0
1504,0,0,100,0.0
1505,0,0,64,0.0
1505,0,0,101,0.0
1505,0,0,100,0.0
1506,0,0,64,0.0
1506,0,0,101,0.0
1506,0,0,100,0.0
1507,0,0,64,0.0
1507,0,0,101,0.0
1507,0,0,100,0.0
1508,0,0,64,0.0
1508,0,0,101,0.0
1508,0,0,100,0.0
1509,0,0,64,0.0
1509,0,0,101,0.0
1509,0,0,100,0.0
1510,0,0,64,0.0
1510,0,0,101,0.0
1510,0,0,100,0.0
1511,0,0,64,0.0
1511,0,0,101,0.0
1511,0,0,100,0.0
1512,0,0,64,0.0
1512,0,0,101,0.0
1512,0,0,100,0.0
1513,0,0,64,0.0
1513,0,0,101,0.0
1513,0,0,100,0.0
1514,0,0,64,0.0
1514,0,0,101,0.0
1514,0,0,100,0.0
1515,0,0,64,0.0
1515,0,0,101,0.0
1515,0,0,100,0.0
1516,0,0,64,0.0
1516,0,0,101,0.0
1516,0,0,100,0.0
1517,0,0,64,0.0
1517,0,0,101,0.0
1517,0,0,100,0.0
1518,0,0,64,0.0
1518,0,0,101,0.0
1518,0,0,100,0.0
1519,0,0,64,0.0
1519,0,0,101,0.0
1520,0,0,64,0.0
1520,0,0,101,0.0
1521,0,0,64,0.0
1521,0,0,101,0.0
1522,0,0,64,0.0
1522,0,0,101,0.0
1523,0,0,64,0.0
1523,0,0,101,0.0
1524,0,0,64,0.0
1524,0,0,101,0.0
1525,0,0,64,0.0
1525,0,0,101,0.0
1526,0,0,64,0.0
1526,0,0,101,0.0
1527,0,0,64,0.0
1527,0,0,101,0.0
1528,0,0,64,0.0
1528,0,0,101,0.0
1529,0,0,64,0.0
1529,0,0,101,0.0
1530,0,0,64,0.0
1530,0,0,101,0.0
1531,0,0,64,0.0
1531,0,0,101,0.0
1532,0,0,64,0.0
1532,0,0,101,0.0
1533,0,0,64,0.0
1533,0,0,101,0.0
1534,0,0,64,0.0
1534,0,0,101,0.0
1535,0,0,64,0.0
1535,0,0,101,0.0
1536,0,0,64,0.0
1536,0,0,101,0.0
1537,0,0,64,0.0
1537,0,0,101,0.0
1538,0,0,64,0.0
1538,0,0,101,0.0
1539,0,0,64,0.0
1539,0,0,101,0.0
1540,0,0,64,0.0
1540,0,0,101,0.0
1541,0,0,64,0.0
1541,0,0,101,0.0
1542,0,0,64,0.0
1542,0,0,101,0.0
1543,0,0,64,0.0
1543,0,0,101,0.0
1544,0,0,64,0.0
1544,0,0,101,0.0
1545,0,0,64,0.0
1545,0,0,101,0.0
1546,0,0,64,0.0
1546,0,0,101,0.0
1547,0,0,64,0.0
1547,0,0,101,0.0
1548,0,0,64,0.0
1548,0,0,101,0.0
1549,0,0,64,0.0
1549,0,0,101,0.0
1550,0,0,64,0.0
1550,0,0,101,0.0
1551,0,0,101,0.0
1552,0,0,101,0.0
1553,0,0,101,0.0
1554,0,0,101,0.0
1555,0,0,101,0.0
1556,0,0,101,0.0
1557,0,0,101,0.0
1558,0,0,101,0.0
1559,0,0,101,0.0
1560,0,0,101,0.0
1561,0,0,101,0.0
1562,0,0,101,0.0
1563,0,0,101,0.0
1564,0,0,101,0.0
1565,0,0,101,0.0
1566,0,0,101,0.0
1567,0,0,101,0.0
1568,0,0,101,0.0
1569,0,0,101,0.0
1570,0,0,101,0.0
1571,0,0,101,0.0
1572,0,0,101,0.0
1573,0,0,101,0.0
1574,0,0,101,0.0
1575,0,0,,
1576,0,0,,
1577,0,0,,
1578,0,0,,
1579,0,0,,
1580,0,0,106,0.0
1580,0,0,107,0.0
1581,0,0,106,0.0
1581,0,0,107,0.0
1582,0,0,106,0.0
1582,0,0,107,0.0
1583,0,0,106,0.0
1583,0,0,107,0.0
1584,0,0,106,0.0
1584,0,0,107,0.0
1585,0,0,106,0.0
1585,0,0,107,0.0
1586,0,0,106,0.0
1586,0,0,107,0.0
1587,0,0,106,0.0
1587,0,0,107,0.0
1588,0,0,106,0.0
1588,0,0,107,0.0
1589,0,0,106,0.0
1589,0,0,107,0.0
1590,0,0,106,0.0
1590,0,0,107,0.0
1591,0,0,106,0.0
1591,0,0,107,0.0
1592,0,0,106,0.0
1592,0,0,107,0.0
1593,0,0,106,0.0
1593,0,0,107,0.0
1594,0,0,106,0.0
1594,0,0,107,0.0
1595,0,0,106,0.0
1595,0,0,107,0.0
1596,0,0,106,0.0
1596,0,0,107,0.0
1597,0,0,106,0.0
1597,0,0,107,0.0
1598,0,0,106,0.0
1598,0,0,107,0.0
1599,0,0,106,0.0
1599,0,0,107,0.0
1600,0,0,106,0.0
1600,0,0,107,0.0
1601,0,0,106,0.0
1601,0,0,107,0.0
1602,0,0,106,0.0
1602,0,0,107,0.0
1603,0,0,106,0.0
1603,0,0,107,0.0
1604,0,0,106,0.0
1604,0,0,107,0.0
1605,0,0,106,0.0
1605,0,0,107,0.0
1606,0,0,106,0.0
1606,0,0,107,0.0
1607,0,0,106,0.0
1607,0,0,107,0.0
1608,0,0,106,0.0
1608,0,0,107,0.0
1609,0,0,106,0.0
1609,0,0,107,0.0
1610,0,0,106,0.0
1611,0,0,106,0.0
1612,0,0,106,0.0
1613,0,0,106,0.0
1614,0,0,106,0.0
1615,0,0,106,0.0
1616,0,0,106,0.0
1617,0,0,106,0.0
1618,0,0,106,0.0
1619,0,0,106,0.0
1620,0,0,106,0.0
1621,0,0,106,0.0
1622,0,0,106,0.0
1623,0,0,106,0.0
1624,0,0,106,0.0
1625,0,0,106,0.0
1626,0,0,106,0.0
1627,0,0,106,0.0
1628,0,0,106,0.0
1629,0,0,106,0.0
1630,0,0,106,0.0
1631,0,0,106,0.0
1632,0,0,106,0.0
1633,0,0,,
1634,0,0,,
1635,0,0,,
1636,0,0,,
1637,0,0,107,0.0
1638,0,0,107,0.0
1639,0,0,107,0.0
1640,0,0,107,0.0
1641,0,0,107,0.0
1642,0,0,107,0.0
1643,0,0,107,0.0
1644,0,0,107,0.0
1645,0,0,107,0.0
1646,0,0,107,0.0
1647,0,0,107,0.0
1648,0,0,107,0.0
1649,0,0,107,0.0
1650,0,0,107,0.0
1651,0,0,107,0.0
1652,0,0,107,0.0
1652,0,0,106,0.0
1653,0,0,107,0.0
1653,0,0,106,0.0
1654,0,0,107,0.0
1654,0,0,106,0.0
1655,0,0,107,0.0
1655,0,0,106,0.0
1656,0,0,107,0.0
1656,0,0,106,0.0
1657,0,0,107,0.0
1657,0,0,106,0.0
1658,0,0,107,0.0
1658,0,0,106,0.0
1659,0,0,107,0.0
1659,0,0,106,0.0
1660,0,0,107,0.0
1660,0,0,106,0.0
1661,0,0,107,0.0
1661,0,0,106,0.0
1662,0,0,107,0.0
1662,0,0,106,0.0
1663,0,0,107,0.0
1663,0,0,106,0.0
1664,0,0,106,0.0
1665,0,0,106,0.0
1666,0,0,106,0.0
1667,0,0,106,0.0
1668,0,0,106,0.0
1669,0,0,106,0.0
1670,0,0,106,0.0
1671,0,0,106,0.0
1672,0,0,106,0.0
1673,0,0,106,0.0
1674,0,0,106,0.0
1674,0,0,108,0.0
1675,0,0,106,0.0
1675,0,0,108,0.0
1676,0,0,106,0.0
1676,0,0,108,0.0
1677,0,0,106,0.0
1677,0,0,108,0.0
1678,0,0,106,0.0
1678,0,0,108,0.0
1679,0,0,106,0.0
1679,0,0,108,0.0
1680,0,0,106,0.0
1680,0,0,108,0.0
1681,0,0,106,0.0
1682,0,0,106,0.0
1683,0,0,106,0.0
1684,0,0,106,0.0
1685,0,0,106,0.0
1686,0,0,106,0.0
1687,0,0,106,0.0
1688,0,0,106,0.0
1688,0,0,107,0.0
1689,0,0,106,0.0
1689,0,0,107,0.0
1690,0,0,106,0.0
1690,0,0,107,0.0
1691,0,0,106,0.0
1691,0,0,107,0.0
1692,0,0,106,0.0
1692,0,0,107,0.0
1693,0,0,106,0.0
1693,0,0,107,0.0
1694,0,0,107,0.0
1695,0,0,107,0.0
1695,0,0,106,0.0
1696,0,0,107,0.0
1696,0,0,109,0.0
1696,0,0,106,0.0
1697,0,0,107,0.0
1697,0,0,109,0.0
1697,0,0,106,0.0
1698,0,0,107,0.0
1698,0,0,109,0.0
1698,0,0,106,0.0
1699,0,0,107,0.0
1699,0,0,106,0.0
1700,0,0,107,0.0
1700,0,0,106,0.0
1701,0,0,107,0.0
1701,0,0,106,0.0
1701,0,0,110,0.0
1702,0,0,107,0.0
1702,0,0,106,0.0
1702,0,0,110,0.0
1702,0,0,108,0.0
1703,0,0,107,0.0
1703,0,0,106,0.0
1703,0,0,110,0.0
1704,0,0,107,0.0
1704,0,0,106,0.0
1704,0,0,110,0.0
1705,0,0,107,0.0
1705,0,0,106,0.0
1705,0,0,110,0.0
1706,0,0,107,0.0
1706,0,0,108,0.0
1707,0,0,107,0.0
1707,0,0,111,0.0
1707,0,0,108,0.0
1708,0,0,107,0.0
1708,0,0,111,0.0
1708,0,0,108,0.0
1708,0,0,109,0.0
1709,0,0,107,0.0
1709,0,0,111,0.0
1709,0,0,108,0.0
1709,0,0,109,0.0
1710,0,0,107,0.0
1710,0,0,111,0.0
1710,0,0,108,0.0
1710,0,0,109,0.0
1711,0,0,107,0.0
1711,0,0,111,0.0
1711,0,0,108,0.0
1711,0,0,109,0.0
1712,0,0,107,0.0
1712,0,0,111,0.0
1712,0,0,108,0.0
1712,0,0,109,0.0
1713,0,0,107,0.0
1713,0,0,111,0.0
1713,0,0,108,0.0
1713,0,0,109,0.0
1714,0,0,107,0.0
1714,0,0,111,0.0
1714,0,0,108,0.0
1714,0,0,109,0.0
1715,0,0,107,0.0
1715,0,0,111,0.0
1715,0,0,108,0.0
1715,0,0,109,0.0
1716,0,0,107,0.0
1716,0,0,111,0.0
1716,0,0,108,0.0
1716,0,0,109,0.0
1717,0,0,107,0.0
1717,0,0,111,0.0
1717,0,0,108,0.0
1717,0,0,109,0.0
1718,0,0,107,0.0
1718,0,0,111,0.0
1718,0,0,108,0.0
1718,0,0,109,0.0
1719,0,0,107,0.0
1719,0,0,111,0.0
1719,0,0,108,0.0
1719,0,0,109,0.0
1720,0,0,107,0.0
1720,0,0,111,0.0
1720,0,0,108,0.0
1720,0,0,109,0.0
1721,0,0,107,0.0
1721,0,0,111,0.0
1721,0,0,108,0.0
1721,0,0,109,0.0
1722,0,0,107,0.0
1722,0,0,111,0.0
1722,0,0,108,0.0
1722,0,0,109,0.0
1723,0,0,107,0.0
1723,0,0,111,0.0
1723,0,0,108,0.0
1723,0,0,109,0.0
1724,0,0,107,0.0
1724,0,0,108,0.0
1724,0,0,109,0.0
1724,0,0,106,0.0
1725,0,0,107,0.0
1725,0,0,108,0.0
1725,0,0,109,0.0
1725,0,0,106,0.0
1726,0,0,107,0.0
1726,0,0,108,0.0
1726,0,0,109,0.0
1726,0,0,106,0.0
1727,0,0,107,0.0
1727,0,0,108,0.0
1727,0,0,109,0.0
1727,0,0,106,0.0
1728,0,0,107,0.0
1728,0,0,108,0.0
1728,0,0,109,0.0
1728,0,0,106,0.0
1729,0,0,107,0.0
1729,0,0,108,0.0
1729,0,0,109,0.0
1729,0,0,106,0.0
1730,0,0,107,0.0
1730,0,0,108,0.0
1730,0,0,109,0.0
1730,0,0,106,0.0
1731,0,0,107,0.0
1731,0,0,108,0.0
1731,0,0,109,0.0
1731,0,0,106,0.0
1732,0,0,107,0.0
1732,0,0,108,0.0
1732,0,0,109,0.0
1732,0,0,106,0.0
1733,0,0,107,0.0
1733,0,0,108,0.0
1733,0,0,109,0.0
1733,0,0,106,0.0
1734,0,0,107,0.0
1734,0,0,108,0.0
1734,0,0,109,0.0
1734,0,0,106,0.0
1735,0,0,107,0.0
1735,0,0,108,0.0
1735,0,0,109,0.0
1735,0,0,106,0.0
1736,0,0,107,0.0
1736,0,0,108,0.0
1736,0,0,109,0.0
1736,0,0,106,0.0
1737,0,0,107,0.0
1737,0,0,108,0.0
1737,0,0,109,0.0
1737,0,0,106,0.0
1738,0,0,107,0.0
1738,0,0,108,0.0
1738,0,0,109,0.0
1738,0,0,106,0.0
1739,0,0,107,0.0
1739,0,0,108,0.0
1739,0,0,109,0.0
1739,0,0,106,0.0
1740,0,0,107,0.0
1740,0,0,108,0.0
1740,0,0,109,0.0
1740,0,0,106,0.0
1741,0,0,107,0.0
1741,0,0,108,0.0
1741,0,0,109,0.0
1741,0,0,106,0.0
1742,0,0,107,0.0
1742,0,0,108,0.0
1742,0,0,109,0.0
1742,0,0,106,0.0
1742,0,0,111,0.0
1743,0,0,107,0.0
1743,0,0,108,0.0
1743,0,0,109,0.0
1743,0,0,106,0.0
1743,0,0,111,0.0
1744,0,0,107,0.0
1744,0,0,108,0.0
1744,0,0,109,0.0
1744,0,0,106,0.0
1744,0,0,111,0.0
1745,0,0,107,0.0
1745,0,0,108,0.0
1745,0,0,109,0.0
1745,0,0,106,0.0
1745,0,0,111,0.0
1746,0,0,107,0.0
1746,0,0,108,0.0
1746,0,0,109,0.0
1746,0,0,106,0.0
1746,0,0,111,0.0
1747,0,0,107,0.0
1747,0,0,108,0.0
1747,0,0,109,0.0
1747,0,0,106,0.0
1747,0,0,111,0.0
1748,0,0,107,0.0
1748,0,0,108,0.0
1748,0,0,109,0.0
1748,0,0,106,0.0
1748,0,0,111,0.0
1749,0,0,107,0.0
1749,0,0,108,0.0
1749,0,0,109,0.0
1749,0,0,106,0.0
1749,0,0,111,0.0
1750,0,0,107,0.0
1750,0,0,108,0.0
1750,0,0,109,0.0
1750,0,0,106,0.0
1750,0,0,111,0.0
1751,0,0,107,0.0
1751,0,0,108,0.0
1751,0,0,109,0.0
1751,0,0,106,0.0
1751,0,0,111,0.0
1752,0,0,107,0.0
1752,0,0,108,0.0
1752,0,0,109,0.0
1752,0,0,106,0.0
1752,0,0,111,0.0
1753,0,0,107,0.0
1753,0,0,108,0.0
1753,0,0,109,0.0
1753,0,0,106,0.0
1753,0,0,111,0.0
1754,0,0,107,0.0
1754,0,0,108,0.0
1754,0,0,109,0.0
1754,0,0,106,0.0
1754,0,0,111,0.0
1755,0,0,107,0.0
1755,0,0,108,0.0
1755,0,0,109,0.0
1755,0,0,106,0.0
1755,0,0,111,0.0
1756,0,0,107,0.0
1756,0,0,108,0.0
1756,0,0,109,0.0
1756,0,0,106,0.0
1756,0,0,111,0.0
1757,0,0,107,0.0
1757,0,0,108,0.0
1757,0,0,109,0.0
1757,0,0,106,0.0
1757,0,0,111,0.0
1758,0,0,107,0.0
1758,0,0,108,0.0
1758,0,0,109,0.0
1758,0,0,106,0.0
1758,0,0,111,0.0
1759,0,0,107,0.0
1759,0,0,108,0.0
1759,0,0,109,0.0
1759,0,0,106,0.0
1759,0,0,111,0.0
1760,0,0,107,0.0
1760,0,0,108,0.0
1760,0,0,109,0.0
1760,0,0,106,0.0
1760,0,0,111,0.0
1761,0,0,107,0.0
1761,0,0,108,0.0
1761,0,0,109,0.0
1761,0,0,106,0.0
1761,0,0,111,0.0
1762,0,0,107,0.0
1762,0,0,108,0.0
1762,0,0,109,0.0
1762,0,0,106,0.0
1762,0,0,111,0.0
1763,0,0,107,0.0
1763,0,0,108,0.0
1763,0,0,109,0.0
1763,0,0,106,0.0
1763,0,0,111,0.0
1764,0,0,107,0.0
1764,0,0,108,0.0
1764,0,0,109,0.0
1764,0,0,106,0.0
1764,0,0,111,0.0
1765,0,0,107,0.0
1765,0,0,108,0.0
1765,0,0,109,0.0
1765,0,0,106,0.0
1765,0,0,111,0.0
1766,0,0,107,0.0
1766,0,0,108,0.0
1766,0,0,109,0.0
1766,0,0,106,0.0
1766,0,0,111,0.0
1767,0,0,107,0.0
1767,0,0,108,0.0
1767,0,0,109,0.0
1767,0,0,106,0.0
1767,0,0,111,0.0
1768,0,0,107,0.0
1768,0,0,108,0.0
1768,0,0,109,0.0
1768,0,0,106,0.0
1768,0,0,111,0.0
1769,0,0,107,0.0
1769,0,0,108,0.0
1769,0,0,109,0.0
1769,0,0,106,0.0
1769,0,0,111,0.0
1770,0,0,107,0.0
1770,0,0,108,0.0
1770,0,0,109,0.0
1770,0,0,106,0.0
1770,0,0,111,0.0
1771,0,0,107,0.0
1771,0,0,108,0.0
1771,0,0,109,0.0
1771,0,0,106,0.0
1771,0,0,111,0.0
1772,0,0,107,0.0
1772,0,0,108,0.0
1772,0,0,109,0.0
1772,0,0,106,0.0
1772,0,0,111,0.0
1773,0,0,107,0.0
1773,0,0,108,0.0
1773,0,0,109,0.0
1773,0,0,106,0.0
1773,0,0,111,0.0
1774,0,0,107,0.0
1774,0,0,108,0.0
1774,0,0,109,0.0
1774,0,0,106,0.0
1774,0,0,111,0.0
1775,0,0,107,0.0
1775,0,0,108,0.0
1775,0,0,109,0.0
1775,0,0,106,0.0
1775,0,0,111,0.0
1776,0,0,107,0.0
1776,0,0,108,0.0
1776,0,0,109,0.0
1776,0,0,106,0.0
1776,0,0,111,0.0
1777,0,0,107,0.0
1777,0,0,108,0.0
1777,0,0,109,0.0
1777,0,0,106,0.0
1777,0,0,111,0.0
1778,0,0,107,0.0
1778,0,0,108,0.0
1778,0,0,109,0.0
1778,0,0,106,0.0
1779,1,0,107,0.0
1779,1,0,108,0.0
1779,1,0,109,0.0
1779,1,0,106,0.0
1780,1,0,107,0.0
1780,1,0,108,0.0
1780,1,0,109,0.0
1780,1,0,106,0.0
1781,1,0,107,0.0
1781,1,0,108,0.0
1781,1,0,109,0.0
1781,1,0,106,0.0
1782,1,0,107,0.0
1782,1,0,108,0.0
1782,1,0,109,0.0
1782,1,0,106,0.0
1783,1,0,107,0.0
1783,1,0,108,0.0
1783,1,0,109,0.0
1783,1,0,106,0.0
1784,1,0,107,0.0
1784,1,0,108,0.0
1784,1,0,109,0.0
1784,1,0,106,0.0
1785,0,0,107,0.0
1785,0,0,108,0.0
1785,0,0,109,0.0
1785,0,0,106,0.0
1786,1,0,107,0.0
1786,1,0,108,0.0
1786,1,0,109,0.0
1786,1,0,106,0.0
1787,1,0,107,0.0
1787,1,0,108,0.0
1787,1,0,109,0.0
1787,1,0,106,0.0
1788,1,0,107,0.0
1788,1,0,108,0.0
1788,1,0,109,0.0
1788,1,0,106,0.0
1789,1,0,107,0.0
1789,1,0,108,0.0
1789,1,0,109,0.0
1789,1,0,106,0.0
1790,1,0,107,0.0
1790,1,0,108,0.0
1790,1,0,109,0.0
1790,1,0,106,0.0
1791,1,0,107,0.0
1791,1,0,108,0.0
1791,1,0,109,0.0
1791,1,0,106,0.0
1792,1,0,107,0.0
1792,1,0,108,0.0
1792,1,0,109,0.0
1792,1,0,106,0.0
1793,1,0,107,0.0
1793,1,0,108,0.0
1793,1,0,109,0.0
1793,1,0,106,0.0
1794,1,0,107,0.0
1794,1,0,108,0.0
1794,1,0,109,0.0
1794,1,0,106,0.0
1795,1,0,107,0.0
1795,1,0,108,0.0
1795,1,0,109,0.0
1795,1,0,106,0.0
1796,1,0,107,0.0
1796,1,0,108,0.0
1796,1,0,109,0.0
1797,1,0,107,0.0
1797,1,0,108,0.0
1797,1,0,109,0.0
1797,1,0,106,0.0
1798,1,0,107,0.0
1798,1,0,108,0.0
1798,1,0,109,0.0
1798,1,0,106,0.0
1799,1,0,107,0.0
1799,1,0,108,0.0
1799,1,0,109,0.0
1799,1,0,106,0.0
1800,1,0,107,0.0
1800,1,0,108,0.0
1800,1,0,109,0.0
1800,1,0,106,0.0
1801,1,0,107,0.0
1801,1,0,108,0.0
1801,1,0,109,0.0
1801,1,0,106,0.0
1802,1,0,107,0.0
1802,1,0,108,0.0
1802,1,0,109,0.0
1802,1,0,106,0.0
1803,1,0,107,0.0
1803,1,0,108,0.0
1803,1,0,109,0.0
1803,1,0,106,0.0
1804,1,0,107,0.0
1804,1,0,108,0.0
1804,1,0,109,0.0
1804,1,0,106,0.0
1805,1,0,107,0.0
1805,1,0,108,0.0
1805,1,0,109,0.0
1805,1,0,106,0.0
1806,1,0,107,0.0
1806,1,0,108,0.0
1806,1,0,109,0.0
1806,1,0,106,0.0
1807,1,0,107,0.0
1807,1,0,108,0.0
1807,1,0,109,0.0
1807,1,0,106,0.0
1808,1,0,107,0.0
1808,1,0,108,0.0
1808,1,0,109,0.0
1808,1,0,106,0.0
1809,1,0,107,0.0
1809,1,0,108,0.0
1809,1,0,109,0.0
1809,1,0,106,0.0
1810,1,0,107,0.0
1810,1,0,108,0.0
1810,1,0,109,0.0
1810,1,0,106,0.0
1811,1,0,107,0.0
1811,1,0,108,0.0
1811,1,0,109,0.0
1811,1,0,106,0.0
1812,1,0,107,0.0
1812,1,0,108,0.0
1812,1,0,109,0.0
1812,1,0,106,0.0
1813,1,0,107,0.0
1813,1,0,108,0.0
1813,1,0,109,0.0
1813,1,0,106,0.0
1814,1,0,107,0.0
1814,1,0,108,0.0
1814,1,0,109,0.0
1814,1,0,106,0.0
1815,1,0,107,0.0
1815,1,0,108,0.0
1815,1,0,109,0.0
1815,1,0,106,0.0
1816,1,0,107,0.0
1816,1,0,108,0.0
1816,1,0,109,0.0
1816,1,0,106,0.0
1816,1,0,115,0.0
1817,1,0,107,0.0
1817,1,0,108,0.0
1817,1,0,109,0.0
1817,1,0,106,0.0
1817,1,0,115,0.0
1818,1,0,107,0.0
1818,1,0,108,0.0
1818,1,0,109,0.0
1818,1,0,106,0.0
1818,1,0,115,0.0
1819,1,0,107,0.0
1819,1,0,108,0.0
1819,1,0,109,0.0
1819,1,0,106,0.0
1819,1,0,115,0.0
1820,1,0,107,0.0
1820,1,0,108,0.0
1820,1,0,106,0.0
1820,1,0,115,0.0
1821,1,0,107,0.0
1821,1,0,108,0.0
1821,1,0,106,0.0
1821,1,0,115,0.0
1822,1,0,107,0.0
1822,1,0,108,0.0
1822,1,0,106,0.0
1822,1,0,115,0.0
1823,1,0,107,0.0
1823,1,0,108,0.0
1823,1,0,106,0.0
1823,1,0,115,0.0
1824,1,0,107,0.0
1824,1,0,108,0.0
1824,1,0,106,0.0
1824,1,0,115,0.0
1825,1,0,107,0.0
1825,1,0,108,0.0
1825,1,0,106,0.0
1825,1,0,115,0.0
1826,1,0,107,0.0
1826,1,0,108,0.0
1826,1,0,106,0.0
1826,1,0,115,0.0
1827,1,0,107,0.0
1827,1,0,108,0.0
1827,1,0,106,0.0
1827,1,0,115,0.0
1828,1,0,107,0.0
1828,1,0,108,0.0
1828,1,0,106,0.0
1828,1,0,115,0.0
1829,1,0,107,0.0
1829,1,0,108,0.0
1829,1,0,106,0.0
1829,1,0,115,0.0
1830,1,0,107,0.0
1830,1,0,108,0.0
1830,1,0,106,0.0
1830,1,0,115,0.0
1830,1,0,109,0.0
1831,1,0,107,0.0
1831,1,0,108,0.0
1831,1,0,106,0.0
1831,1,0,115,0.0
1831,1,0,109,0.0
1832,1,0,107,0.0
1832,1,0,108,0.0
1832,1,0,106,0.0
1832,1,0,115,0.0
1832,1,0,109,0.0
1833,1,0,107,0.0
1833,1,0,108,0.0
1833,1,0,106,0.0
1833,1,0,109,0.0
1834,1,0,107,0.0
1834,1,0,108,0.0
1834,1,0,106,0.0
1834,1,0,109,0.0
1835,1,0,107,0.0
1835,1,0,108,0.0
1835,1,0,106,0.0
1835,1,0,109,0.0
1836,1,0,107,0.0
1836,1,0,108,0.0
1836,1,0,106,0.0
1836,1,0,109,0.0
1837,1,0,107,0.0
1837,1,0,108,0.0
1837,1,0,106,0.0
1838,1,0,107,0.0
1838,1,0,108,0.0
1838,1,0,106,0.0
1839,1,0,107,0.0
1839,1,0,108,0.0
1839,1,0,106,0.0
1840,1,0,107,0.0
1840,1,0,108,0.0
1840,1,0,106,0.0
1841,1,0,107,0.0
1841,1,0,108,0.0
1841,1,0,106,0.0
1842,1,0,107,0.0
1842,1,0,108,0.0
1842,1,0,106,0.0
1843,1,0,107,0.0
1843,1,0,108,0.0
1843,1,0,106,0.0
1844,1,0,107,0.0
1844,1,0,108,0.0
1844,1,0,106,0.0
1845,1,0,107,0.0
1845,1,0,108,0.0
1845,1,0,106,0.0
1846,1,0,107,0.0
1846,1,0,108,0.0
1846,1,0,106,0.0
1847,1,0,107,0.0
1847,1,0,108,0.0
1847,1,0,106,0.0
1848,1,0,107,0.0
1848,1,0,108,0.0
1848,1,0,106,0.0
1849,1,0,107,0.0
1849,1,0,108,0.0
1849,1,0,106,0.0
1850,1,0,107,0.0
1850,1,0,108,0.0
1850,1,0,106,0.0
1851,1,0,107,0.0
1851,1,0,108,0.0
1851,1,0,106,0.0
1851,1,0,115,0.0
1852,1,0,107,0.0
1852,1,0,108,0.0
1852,1,0,106,0.0
1852,1,0,115,0.0
1853,1,0,107,0.0
1853,1,0,108,0.0
1853,1,0,106,0.0
1853,1,0,115,0.0
1854,1,0,107,0.0
1854,1,0,108,0.0
1854,1,0,106,0.0
1854,1,0,115,0.0
1855,1,0,107,0.0
1855,1,0,108,0.0
1855,1,0,106,0.0
1855,1,0,115,0.0
1856,1,0,107,0.0
1856,1,0,108,0.0
1856,1,0,106,0.0
1856,1,0,115,0.0
1857,1,0,107,0.0
1857,1,0,108,0.0
1857,1,0,106,0.0
1857,1,0,115,0.0
1858,1,0,107,0.0
1858,1,0,108,0.0
1858,1,0,106,0.0
1858,1,0,115,0.0
1859,1,0,107,0.0
1859,1,0,108,0.0
1859,1,0,106,0.0
1859,1,0,115,0.0
1860,1,0,107,0.0
1860,1,0,108,0.0
1860,1,0,106,0.0
1860,1,0,115,0.0
1861,1,0,107,0.0
1861,1,0,108,0.0
1861,1,0,106,0.0
1861,1,0,115,0.0
1862,1,0,107,0.0
1862,1,0,108,0.0
1862,1,0,106,0.0
1862,1,0,115,0.0
1863,1,0,107,0.0
1863,1,0,108,0.0
1863,1,0,106,0.0
1863,1,0,115,0.0
1864,1,0,107,0.0
1864,1,0,108,0.0
1864,1,0,106,0.0
1864,1,0,115,0.0
1865,1,0,107,0.0
1865,1,0,108,0.0
1865,1,0,106,0.0
1865,1,0,115,0.0
1866,1,0,107,0.0
1866,1,0,108,0.0
1866,1,0,106,0.0
1866,1,0,115,0.0
1867,1,0,107,0.0
1867,1,0,108,0.0
1867,1,0,106,0.0
1867,1,0,115,0.0
1868,1,0,107,0.0
1868,1,0,108,0.0
1868,1,0,106,0.0
1868,1,0,115,0.0
1869,1,0,107,0.0
1869,1,0,108,0.0
1869,1,0,106,0.0
1869,1,0,115,0.0
1870,1,0,107,0.0
1870,1,0,108,0.0
1870,1,0,106,0.0
1870,1,0,115,0.0
1871,1,0,107,0.0
1871,1,0,108,0.0
1871,1,0,106,0.0
1871,1,0,115,0.0
1872,1,0,108,0.0
1873,1,0,108,0.0
1874,1,0,108,0.0
1875,1,0,108,0.0
1876,1,0,108,0.0
1877,1,0,108,0.0
1878,1,0,108,0.0
1879,1,0,108,0.0
1880,1,0,108,0.0
1881,1,0,108,0.0
1882,1,0,108,0.0
1883,1,0,108,0.0
1883,1,0,115,0.0
1884,1,0,108,0.0
1885,1,0,108,0.0
1886,1,0,108,0.0
1886,1,0,115,0.0
1887,1,0,108,0.0
1887,1,0,115,0.0
1887,1,0,106,0.0
1888,1,0,108,0.0
1888,1,0,115,0.0
1888,1,0,106,0.0
1889,1,0,108,0.0
1889,1,0,115,0.0
1889,1,0,106,0.0
1890,1,0,108,0.0
1890,1,0,115,0.0
1890,1,0,106,0.0
1891,1,0,108,0.0
1891,1,0,115,0.0
1891,1,0,106,0.0
1892,1,0,108,0.0
1892,1,0,115,0.0
1892,1,0,106,0.0
1893,1,0,108,0.0
1893,1,0,115,0.0
1893,1,0,106,0.0
1894,1,0,108,0.0
1894,1,0,115,0.0
1894,1,0,106,0.0
1895,1,0,108,0.0
1895,1,0,115,0.0
1895,1,0,106,0.0
1896,1,0,108,0.0
1896,1,0,115,0.0
1896,1,0,106,0.0
1897,1,0,108,0.0
1897,1,0,115,0.0
1897,1,0,106,0.0
1898,1,0,108,0.0
1898,1,0,115,0.0
1898,1,0,106,0.0
1899,1,0,108,0.0
1899,1,0,115,0.0
1899,1,0,106,0.0
1899,1,0,107,0.0
1900,1,0,108,0.0
1900,1,0,115,0.0
1900,1,0,106,0.0
1900,1,0,107,0.0
1901,1,0,108,0.0
1901,1,0,115,0.0
1901,1,0,106,0.0
1901,1,0,107,0.0
1902,1,0,108,0.0
1902,1,0,115,0.0
1902,1,0,106,0.0
1902,1,0,107,0.0
1903,1,0,108,0.0
1903,1,0,115,0.0
1903,1,0,106,0.0
1903,1,0,107,0.0
1904,1,0,108,0.0
1904,1,0,115,0.0
1904,1,0,106,0.0
1904,1,0,107,0.0
1905,1,0,108,0.0
1905,1,0,106,0.0
1906,1,0,108,0.0
1906,1,0,106,0.0
1906,1,0,107,0.0
1907,1,0,108,0.0
1907,1,0,106,0.0
1907,1,0,107,0.0
1908,1,0,108,0.0
1908,1,0,106,0.0
1908,1,0,107,0.0
1909,1,0,108,0.0
1909,1,0,106,0.0
1909,1,0,107,0.0
1910,1,0,108,0.0
1910,1,0,106,0.0
1910,1,0,107,0.0
1911,1,0,108,0.0
1911,1,0,106,0.0
1911,1,0,107,0.0
1912,1,0,108,0.0
1912,1,0,106,0.0
1912,1,0,107,0.0
1913,1,0,108,0.0
1913,1,0,106,0.0
1913,1,0,107,0.0
1914,1,0,,
1915,1,0,107,0.0
1916,1,0,,
1917,1,0,,
1918,1,0,,
1919,1,0,107,0.0
1920,1,0,107,0.0
1921,1,0,107,0.0
1922,1,0,107,0.0
1923,1,0,107,0.0
1924,1,0,107,0.0
1925,1,0,107,0.0
1926,1,0,107,0.0
1927,1,0,107,0.0
1928,1,0,107,0.0
1929,1,0,107,0.0
1930,1,0,107,0.0
1931,1,0,107,0.0
1932,1,0,107,0.0
1933,1,0,107,0.0
1934,1,0,107,0.0
1934,1,0,116,0.0
1935,1,0,107,0.0
1935,1,0,116,0.0
1936,1,0,107,0.0
1936,1,0,116,0.0
1937,1,0,107,0.0
1937,1,0,116,0.0
1938,1,0,107,0.0
1938,1,0,116,0.0
1939,1,0,107,0.0
1939,1,0,116,0.0
1940,1,0,107,0.0
1940,1,0,116,0.0
1941,1,0,107,0.0
1941,1,0,116,0.178
1942,1,0,107,0.0
1942,1,0,116,0.3755
1943,1,0,107,0.0
1943,1,0,116,0.4401
1944,1,0,107,0.0
1944,1,0,116,0.4545
1945,1,0,107,0.0
1945,1,0,116,0.4508
1946,1,0,107,0.0
1946,1,0,116,0.4402
1947,1,0,107,0.0
1947,1,0,116,0.4291
1948,1,0,107,0.0
1948,1,0,116,0.4157
1949,1,0,107,0.0
1949,1,0,116,0.4563
1950,1,0,107,0.0
1950,1,0,116,0.4671
1951,1,0,107,0.0
1951,1,0,116,0.4661
1952,1,0,107,0.0
1952,1,0,116,0.4618
1953,1,0,107,0.0
1953,1,0,116,0.4558
1954,1,0,107,0.0
1954,1,0,116,0.4504
1955,1,0,107,0.0
1955,1,0,116,0.4447
1956,1,0,107,0.0
1956,1,0,116,0.4396
1957,1,0,107,0.0
1957,1,0,116,0.4354
1958,1,0,107,0.0
1958,1,0,116,0.4315
1959,1,0,107,0.0
1959,1,0,116,0.4299
1960,1,0,107,0.0
1960,1,0,116,0.4654
1961,1,0,107,0.0
1961,1,0,116,0.4776
1962,1,0,107,0.0
1962,1,0,116,0.4801
1963,1,0,107,0.0
1963,1,0,116,0.4794
1964,1,0,107,0.0
1964,1,0,116,0.4771
1965,1,0,107,0.0
1965,1,0,116,0.4773
1966,1,0,107,0.0
1966,1,0,116,0.4765
1967,1,0,107,0.0
1967,1,0,116,0.4912
1968,1,0,107,0.0
1968,1,0,116,0.4931
1969,1,0,107,0.0
1969,1,0,116,0.4956
1970,1,0,107,0.0
1970,1,0,116,0.4955
1971,1,0,107,0.0
1971,1,0,116,0.4949
1972,1,0,107,0.0
1972,1,0,116,0.4923
1973,1,0,107,0.0
1973,1,0,116,0.491
1974,1,0,107,0.0
1974,1,0,116,0.4891
1975,1,0,116,0.4691
1976,1,0,116,0.4618
1977,1,0,116,0.4588
1978,1,0,116,0.453
1978,1,0,107,0.0
1979,1,0,116,0.451
1979,1,0,117,0.0
1979,1,0,107,0.0
1980,1,0,116,0.4503
1980,1,0,107,0.0
1981,1,0,116,0.4498
1981,1,0,107,0.0
1982,1,0,116,0.4489
1982,1,0,107,0.0
1983,1,0,116,0.4483
1983,1,0,107,0.0
1984,1,0,116,0.4477
1984,1,0,107,0.0
1985,1,0,116,0.6033
1985,1,0,107,0.0
1986,1,0,116,0.6595
1986,1,0,107,0.0
1987,1,0,116,0.6787
1987,1,0,107,0.0
1988,1,0,116,0.6847
1988,1,0,107,0.0
1988,1,0,117,0.0
1989,1,0,116,0.6852
1989,1,0,107,0.0
1989,1,0,117,0.0
1990,1,0,116,0.6849
1990,1,0,107,0.0
1990,1,0,117,0.0
1991,1,0,116,0.6801
1991,1,0,107,0.0
1991,1,0,117,0.0
1992,1,0,116,0.6778
1992,1,0,107,0.0
1992,1,0,117,0.0
1993,1,0,116,0.9485
1993,1,0,107,0.0
1993,1,0,117,0.0
1994,1,0,116,0.9902
1994,1,0,107,0.0
1994,1,0,117,0.0
1995,1,0,116,0.9973
1995,1,0,107,0.0
1995,1,0,117,0.0
1996,1,0,116,0.9959
1996,1,0,107,0.0
1996,1,0,117,0.0
1997,1,0,116,0.9947
1997,1,0,107,0.0
1997,1,0,117,0.0
1998,1,0,116,0.9937
1998,1,0,107,0.0
1998,1,0,117,0.0
1999,1,0,116,0.9934
1999,1,0,107,0.0
1999,1,0,117,0.0
2000,1,0,116,0.9931
2000,1,0,107,0.0
2000,1,0,117,0.0
2001,1,0,116,0.9922
2001,1,0,107,0.0
2001,1,0,117,0.0
2002,1,0,116,0.9721
2002,1,0,107,0.0
2003,1,0,116,0.9601
2003,1,0,107,0.0
2004,1,0,116,0.9553
2004,1,0,107,0.0
2005,1,0,116,0.9556
2005,1,0,107,0.0
2006,1,0,116,0.9544
2006,1,0,107,0.0
2007,1,0,116,0.9545
2007,1,0,107,0.0
2008,1,0,116,0.9631
2008,1,0,107,0.0
2009,1,0,116,0.9645
2010,1,0,116,0.9653
2011,1,0,116,1.0
2011,1,0,107,0.0
2012,1,0,116,1.0
2013,1,0,116,1.0
2014,1,0,116,1.0
2014,1,0,107,0.0
2015,1,0,116,1.0
2015,1,0,107,0.0
2016,1,0,116,1.0
2017,1,0,116,1.0
2017,1,0,107,0.0
2018,1,0,116,1.0
2018,1,0,107,0.0
2019,1,0,116,1.0
2020,1,0,116,1.0
2021,1,0,116,1.0
2022,1,0,116,1.0
2023,1,0,116,1.0
2024,1,0,116,1.0
2025,1,0,116,1.0
2026,1,0,116,1.0
2027,1,0,116,1.0
2028,1,0,116,1.0
2029,1,0,116,1.0
2030,1,0,116,1.0
2031,1,0,116,1.0
2032,1,0,116,1.0
2033,1,0,116,1.0
2034,1,0,116,1.0
2035,1,0,116,1.0
2036,1,0,116,1.0
2037,1,0,116,1.0
2038,1,0,116,1.0
2039,1,0,116,1.0
2040,1,0,116,1.0
2041,1,0,116,1.0
2042,1,0,116,1.0
2042,1,0,122,0.0
2043,1,0,116,1.0
2044,1,0,116,1.0
2045,1,0,116,1.0
2045,1,0,122,0.0
2046,1,0,116,1.0
2046,1,0,124,0.0
2046,1,0,122,0.0
2047,1,0,116,1.0
2047,1,0,124,0.0
2047,1,0,122,0.0
2048,1,0,116,1.0
2048,1,0,124,0.0
2048,1,0,122,0.0
2049,1,0,116,1.0
2049,1,0,124,0.0
2049,1,0,122,0.0
2050,1,0,116,1.0
2050,1,0,124,0.0
2050,1,0,122,0.0
2051,1,0,116,1.0
2051,1,0,124,0.0
2051,1,0,122,0.0
2052,1,0,116,1.0
2052,1,0,124,0.0
2052,1,0,122,0.0
2053,1,0,116,1.0
2053,1,0,124,0.0
2053,1,0,122,0.0
2054,1,0,116,1.0
2054,1,0,124,0.0
2054,1,0,122,0.0
2055,1,0,116,1.0
2055,1,0,124,0.0
2055,1,0,122,0.0
2056,1,0,116,1.0
2056,1,0,124,0.0
2056,1,0,122,0.0
2057,1,0,116,1.0
2057,1,0,124,0.0
2057,1,0,122,0.0
2058,1,0,116,1.0
2058,1,0,124,0.0
2058,1,0,122,0.0
2059,1,0,116,1.0
2059,1,0,124,0.0
2059,1,0,122,0.0
2060,1,0,116,1.0
2060,1,0,124,0.0
2060,1,0,122,0.0
2061,1,0,116,1.0
2061,1,0,124,0.0
2061,1,0,122,0.0
2062,0,0,116,1.0
2062,0,0,124,0.0
2062,0,0,122,0.0
2063,0,0,116,1.0
2063,0,0,124,0.0
2063,0,0,122,0.0
2064,0,0,116,1.0
2064,0,0,124,0.0
2064,0,0,122,0.0
2065,0,0,116,1.0
2065,0,0,124,0.0
2065,0,0,122,0.0
2066,0,0,116,1.0
2066,0,0,124,0.0
2066,0,0,122,0.0
2067,0,0,116,1.0
2067,0,0,124,0.0
2067,0,0,122,0.0
2068,0,0,116,1.0
2068,0,0,124,0.0
2068,0,0,122,0.0
2069,0,0,116,1.0
2069,0,0,124,0.0
2069,0,0,122,0.0
2069,0,0,128,0.0
2070,0,0,116,1.0
2070,0,0,124,0.0
2070,0,0,122,0.0
2070,0,0,128,0.0
2071,0,0,116,1.0
2071,0,0,124,0.0
2071,0,0,122,0.0
2071,0,0,128,0.0
2072,0,0,116,1.0
2072,0,0,124,0.0
2072,0,0,122,0.0
2072,0,0,128,0.0
2073,0,0,116,1.0
2073,0,0,124,0.0
2073,0,0,122,0.0
2073,0,0,128,0.0
2074,0,0,116,1.0
2074,0,0,124,0.0
2074,0,0,122,0.0
2074,0,0,128,0.0
2075,0,0,116,1.0
2075,0,0,124,0.0
2075,0,0,122,0.0
2075,0,0,128,0.0
2076,0,0,116,1.0
2076,0,0,124,0.0
2076,0,0,122,0.0
2076,0,0,128,0.0
2077,0,0,116,1.0
2077,0,0,124,0.0
2077,0,0,122,0.0
2077,0,0,128,0.0
2078,0,0,116,1.0
2078,0,0,124,0.0
2078,0,0,122,0.0
2078,0,0,128,0.0
2079,0,0,116,1.0
2079,0,0,124,0.0
2079,0,0,122,0.0
2079,0,0,128,0.0
2080,0,0,116,1.0
2080,0,0,124,0.0
2080,0,0,122,0.0
2081,0,0,116,1.0
2081,0,0,124,0.0
2081,0,0,122,0.0
2082,0,0,116,1.0
2082,0,0,124,0.0
2082,0,0,122,0.0
2083,0,0,116,1.0
2083,0,0,124,0.0
2083,0,0,122,0.0
2084,0,0,116,1.0
2084,0,0,124,0.0
2084,0,0,122,0.0
2085,0,0,116,1.0
2085,0,0,124,0.0
2085,0,0,122,0.0
2086,0,0,116,1.0
2086,0,0,124,0.0
2086,0,0,122,0.0
2087,0,0,116,1.0
2087,0,0,124,0.0
2087,0,0,122,0.0
2088,0,0,116,1.0
2088,0,0,124,0.0
2088,0,0,122,0.0
2089,0,0,116,1.0
2089,0,0,124,0.0
2089,0,0,122,0.0
2090,0,0,116,1.0
2090,0,0,124,0.0
2090,0,0,122,0.0
2091,0,0,116,1.0
2091,0,0,124,0.0
2091,0,0,122,0.0
2092,0,0,116,1.0
2092,0,0,124,0.0
2092,0,0,122,0.0
2093,0,0,116,1.0
2093,0,0,124,0.0
2093,0,0,122,0.0
2094,0,0,116,1.0
2094,0,0,124,0.0
2094,0,0,122,0.0
2095,0,0,116,1.0
2095,0,0,124,0.0
2095,0,0,122,0.0
2096,0,0,116,1.0
2096,0,0,124,0.0
2096,0,0,122,0.0
2097,0,0,116,1.0
2097,0,0,124,0.0
2097,0,0,122,0.0
2098,0,0,116,1.0
2098,0,0,124,0.0
2098,0,0,122,0.0
2099,0,0,116,1.0
2099,0,0,124,0.0
2099,0,0,122,0.0
2100,0,0,116,1.0
2100,0,0,124,0.0
2100,0,0,122,0.0
2101,0,0,116,1.0
2101,0,0,124,0.0
2101,0,0,122,0.0
2102,0,0,116,1.0
2102,0,0,124,0.0
2102,0,0,122,0.0
2103,0,0,116,1.0
2103,0,0,124,0.0
2103,0,0,122,0.0
2104,0,0,116,1.0
2104,0,0,124,0.0
2104,0,0,122,0.0
2105,0,0,116,1.0
2105,0,0,124,0.0
2105,0,0,122,0.0
2106,0,0,116,1.0
2106,0,0,124,0.0
2106,0,0,122,0.0
2107,0,0,116,1.0
2107,0,0,124,0.0
2107,0,0,122,0.0
2108,0,0,116,1.0
2108,0,0,124,0.0
2108,0,0,122,0.0
2109,0,0,116,1.0
2109,0,0,124,0.0
2109,0,0,122,0.0
2110,0,0,116,1.0
2110,0,0,124,0.0
2110,0,0,122,0.0
2111,0,0,116,1.0
2111,0,0,124,0.0
2111,0,0,122,0.0
2112,0,0,116,1.0
2112,0,0,124,0.0
2112,0,0,122,0.0
2113,0,0,116,1.0
2113,0,0,124,0.0
2113,0,0,122,0.0
2114,0,0,116,1.0
2114,0,0,124,0.0
2114,0,0,122,0.0
2115,0,0,116,1.0
2115,0,0,124,0.0
2115,0,0,122,0.0
2116,0,0,116,1.0
2116,0,0,124,0.0
2116,0,0,122,0.0
2117,0,0,116,1.0
2117,0,0,124,0.0
2117,0,0,122,0.0
2118,0,0,116,1.0
2118,0,0,124,0.0
2118,0,0,122,0.0
2119,0,0,116,1.0
2119,0,0,124,0.0
2119,0,0,122,0.0
2120,0,0,116,1.0
2120,0,0,124,0.0
2120,0,0,122,0.0
2121,0,0,116,1.0
2121,0,0,124,0.0
2121,0,0,122,0.0
2122,0,0,116,1.0
2122,0,0,124,0.0
2122,0,0,122,0.0
2123,0,0,116,1.0
2123,0,0,124,0.0
2123,0,0,122,0.0
2124,0,0,116,1.0
2124,0,0,124,0.0
2124,0,0,122,0.0
2125,0,0,116,1.0
2125,0,0,124,0.0
2125,0,0,122,0.0
2126,0,0,116,1.0
2126,0,0,124,0.0
2126,0,0,122,0.0
2127,0,0,116,1.0
2127,0,0,124,0.0
2127,0,0,122,0.0
2128,0,0,116,1.0
2128,0,0,124,0.0
2128,0,0,122,0.0
2129,0,0,116,1.0
2129,0,0,124,0.0
2129,0,0,122,0.0
2130,0,0,116,1.0
2130,0,0,124,0.0
2130,0,0,122,0.0
2131,0,0,116,1.0
2131,0,0,124,0.0
2131,0,0,122,0.0
2132,0,0,116,1.0
2132,0,0,124,0.0
2132,0,0,122,0.0
2133,0,0,116,1.0
2133,0,0,124,0.0
2133,0,0,122,0.0
2134,0,0,116,1.0
2134,0,0,124,0.0
2134,0,0,122,0.0
2135,0,0,116,1.0
2135,0,0,124,0.0
2135,0,0,122,0.0
2136,0,0,116,1.0
2136,0,0,124,0.0
2136,0,0,122,0.0
2137,0,0,116,1.0
2137,0,0,124,0.0
2137,0,0,122,0.0
2138,0,0,116,1.0
2138,0,0,124,0.0
2138,0,0,122,0.0
2139,0,0,116,1.0
2139,0,0,124,0.0
2139,0,0,122,0.0
2140,0,0,116,1.0
2140,0,0,124,0.0
2140,0,0,122,0.0
2141,0,0,116,1.0
2141,0,0,124,0.0
2141,0,0,122,0.0
2142,0,0,116,1.0
2142,0,0,124,0.0
2142,0,0,122,0.0
2143,0,0,116,1.0
2143,0,0,124,0.0
2143,0,0,122,0.0
2144,0,0,116,1.0
2144,0,0,124,0.0
2144,0,0,122,0.0
2145,0,0,116,1.0
2145,0,0,124,0.0
2145,0,0,122,0.0
2146,0,0,116,1.0
2146,0,0,124,0.0
2146,0,0,122,0.0
2147,0,0,116,1.0
2147,0,0,124,0.0
2147,0,0,122,0.0
2148,0,0,116,1.0
2148,0,0,124,0.0
2148,0,0,122,0.0
2149,0,0,116,1.0
2149,0,0,124,0.0
2149,0,0,122,0.0
2150,0,0,116,1.0
2150,0,0,124,0.0
2150,0,0,122,0.0
2151,0,0,116,1.0
2151,0,0,124,0.0
2151,0,0,122,0.0
2152,0,0,116,1.0
2152,0,0,124,0.0
2152,0,0,122,0.0
2153,0,0,116,1.0
2153,0,0,124,0.0
2153,0,0,122,0.0
2154,0,0,116,1.0
2154,0,0,124,0.0
2154,0,0,122,0.0
2155,0,0,116,1.0
2155,0,0,124,0.0
2155,0,0,122,0.0
2156,0,0,116,1.0
2156,0,0,124,0.0
2156,0,0,122,0.0
2157,0,0,116,1.0
2157,0,0,124,0.0
2157,0,0,122,0.0
2158,0,0,116,1.0
2158,0,0,124,0.0
2158,0,0,122,0.0
2159,0,0,116,1.0
2159,0,0,124,0.0
2159,0,0,122,0.0
2160,0,0,116,1.0
2160,0,0,124,0.0
2160,0,0,122,0.0
2161,0,0,116,1.0
2161,0,0,124,0.0
2161,0,0,122,0.0
2162,0,0,116,1.0
2162,0,0,124,0.0
2162,0,0,122,0.0
2163,0,0,116,1.0
2163,0,0,124,0.0
2163,0,0,122,0.0
2164,0,0,116,1.0
2164,0,0,124,0.0
2164,0,0,122,0.0
2165,0,0,116,1.0
2165,0,0,124,0.0
2165,0,0,122,0.0
2166,0,0,116,1.0
2166,0,0,124,0.0
2166,0,0,122,0.0
2167,0,0,116,1.0
2167,0,0,124,0.0
2167,0,0,122,0.0
2168,0,0,116,1.0
2168,0,0,124,0.0
2168,0,0,122,0.0
2169,0,0,116,1.0
2169,0,0,124,0.0
2169,0,0,122,0.0
2170,0,0,116,1.0
2170,0,0,124,0.0
2170,0,0,122,0.0
2171,0,0,116,1.0
2171,0,0,124,0.0
2171,0,0,122,0.0
2172,0,0,116,1.0
2172,0,0,124,0.0
2172,0,0,122,0.0
2173,0,0,116,1.0
2173,0,0,124,0.0
2173,0,0,122,0.0
2174,0,0,116,1.0
2174,0,0,124,0.0
2174,0,0,122,0.0
2175,0,0,116,1.0
2175,0,0,124,0.0
2175,0,0,122,0.0
2176,0,0,116,1.0
2176,0,0,124,0.0
2176,0,0,122,0.0
2177,0,0,116,1.0
2177,0,0,124,0.0
2177,0,0,122,0.0
2178,0,0,116,1.0
2178,0,0,124,0.0
2178,0,0,122,0.0
2179,0,0,116,1.0
2179,0,0,124,0.0
2179,0,0,122,0.0
2180,0,0,116,1.0
2180,0,0,124,0.0
2180,0,0,122,0.0
2181,0,0,116,1.0
2181,0,0,124,0.0
2181,0,0,122,0.0
2182,0,0,116,1.0
2182,0,0,124,0.0
2182,0,0,122,0.0
2183,0,0,116,1.0
2183,0,0,124,0.0
2183,0,0,122,0.0
2184,0,0,116,1.0
2184,0,0,124,0.0
2184,0,0,122,0.0
2185,0,0,116,1.0
2185,0,0,124,0.0
2185,0,0,122,0.0
2186,0,0,116,1.0
2186,0,0,124,0.0
2186,0,0,122,0.0
2187,0,0,116,1.0
2187,0,0,124,0.0
2187,0,0,122,0.0
2188,0,0,116,1.0
2188,0,0,124,0.0
2188,0,0,122,0.0
2189,0,0,116,1.0
2189,0,0,124,0.0
2189,0,0,122,0.0
2190,0,0,116,1.0
2190,0,0,124,0.0
2190,0,0,122,0.0
2191,0,0,116,1.0
2191,0,0,124,0.0
2191,0,0,122,0.0
2192,0,0,116,1.0
2192,0,0,124,0.0
2192,0,0,122,0.0
2193,0,0,116,1.0
2193,0,0,124,0.0
2193,0,0,122,0.0
2194,0,0,116,1.0
2194,0,0,124,0.0
2194,0,0,122,0.0
2195,0,0,116,1.0
2195,0,0,124,0.0
2195,0,0,122,0.0
2196,0,0,116,1.0
2196,0,0,124,0.0
2196,0,0,122,0.0
2197,0,0,116,1.0
2197,0,0,124,0.0
2197,0,0,122,0.0
2198,0,0,116,1.0
2198,0,0,124,0.0
2198,0,0,122,0.0
2199,0,0,116,1.0
2199,0,0,124,0.0
2199,0,0,122,0.0
2200,0,0,116,1.0
2200,0,0,124,0.0
2200,0,0,122,0.0
2201,0,0,116,1.0
2201,0,0,124,0.0
2201,0,0,122,0.0
2202,0,0,116,1.0
2202,0,0,124,0.0
2202,0,0,122,0.0
2203,0,0,116,1.0
2203,0,0,124,0.0
2203,0,0,122,0.0
2204,0,0,116,1.0
2204,0,0,124,0.0
2204,0,0,122,0.0
2205,0,0,116,1.0
2205,0,0,124,0.0
2205,0,0,122,0.0
2206,0,0,116,1.0
2206,0,0,124,0.0
2206,0,0,122,0.0
2207,0,0,116,1.0
2207,0,0,124,0.0
2207,0,0,122,0.0
2208,0,0,116,1.0
2208,0,0,124,0.0
2208,0,0,122,0.0
2209,0,0,116,1.0
2209,0,0,124,0.0
2209,0,0,122,0.0
2210,0,0,116,1.0
2210,0,0,124,0.0
2210,0,0,122,0.0
2211,0,0,116,1.0
2211,0,0,124,0.0
2211,0,0,122,0.0
2212,0,0,116,1.0
2212,0,0,124,0.0
2212,0,0,122,0.0
2213,0,0,116,1.0
2213,0,0,124,0.0
2213,0,0,122,0.0
2214,0,0,116,1.0
2214,0,0,124,0.0
2214,0,0,122,0.0
2215,0,0,116,1.0
2215,0,0,124,0.0
2215,0,0,122,0.0
2216,0,0,116,1.0
2216,0,0,124,0.0
2216,0,0,122,0.0
2217,0,0,116,1.0
2217,0,0,124,0.0
2217,0,0,122,0.0
2218,0,0,116,1.0
2218,0,0,124,0.0
2218,0,0,122,0.0
2219,0,0,116,1.0
2219,0,0,124,0.0
2219,0,0,122,0.0
2220,0,0,116,0.9996
2220,0,0,124,0.0
2220,0,0,122,0.0
2221,0,0,116,0.9975
2221,0,0,124,0.0
2221,0,0,122,0.0
2222,0,0,116,0.9966
2222,0,0,124,0.0
2222,0,0,122,0.0
2223,0,0,116,0.9964
2223,0,0,124,0.0
2223,0,0,122,0.0
2224,0,0,116,0.9966
2224,0,0,124,0.0
2224,0,0,122,0.0
2225,0,0,116,0.9968
2225,0,0,124,0.0
2225,0,0,122,0.0
2226,0,0,116,0.9376
2226,0,0,124,0.0
2226,0,0,122,0.0
2227,0,0,116,0.8979
2227,0,0,124,0.0
2227,0,0,122,0.0
2228,0,0,116,0.8819
2228,0,0,124,0.0
2228,0,0,122,0.0
2229,0,0,116,0.8778
2229,0,0,124,0.0
2229,0,0,122,0.0
2230,0,0,116,0.8775
2230,0,0,124,0.0
2230,0,0,122,0.0
2231,0,0,116,0.8844
2231,0,0,124,0.0
2231,0,0,122,0.0
2232,0,0,116,0.8874
2232,0,0,124,0.0
2232,0,0,122,0.0
2233,0,0,116,0.8888
2233,0,0,124,0.0
2233,0,0,122,0.0
2234,0,0,116,0.8892
2234,0,0,124,0.0
2234,0,0,122,0.0
2235,0,0,116,0.6533
2235,0,0,124,0.0
2235,0,0,122,0.0
2236,0,0,116,0.548
2236,0,0,124,0.0
2236,0,0,122,0.0
2237,0,0,116,0.5103
2237,0,0,124,0.0
2237,0,0,122,0.0
2238,0,0,116,0.4979
2238,0,0,124,0.0
2238,0,0,122,0.0
2239,0,0,116,0.4954
2239,0,0,124,0.0
2239,0,0,122,0.0
2240,0,0,116,0.4961
2240,0,0,124,0.0
2240,0,0,122,0.0
2241,0,0,116,0.4976
2241,0,0,124,0.0
2241,0,0,122,0.0
2242,0,0,116,0.4996
2242,0,0,124,0.0
2242,0,0,122,0.0
2243,0,0,116,0.5013
2243,0,0,124,0.0
2243,0,0,122,0.0
2244,0,0,116,0.504
2244,0,0,124,0.0
2244,0,0,122,0.0
2245,0,0,116,0.4486
2245,0,0,124,0.0
2245,0,0,122,0.0
2246,0,0,116,0.4231
2246,0,0,124,0.0
2246,0,0,122,0.0
2247,0,0,116,0.4194
2247,0,0,124,0.0
2247,0,0,122,0.0
2248,0,0,116,0.4135
2248,0,0,124,0.0
2248,0,0,122,0.0
2249,0,0,116,0.4065
2249,0,0,124,0.0
2249,0,0,122,0.0
2250,0,0,116,0.4033
2250,0,0,124,0.0
2250,0,0,122,0.0
2251,0,0,116,0.4022
2251,0,0,124,0.0
2251,0,0,122,0.0
2252,0,0,116,0.4066
2252,0,0,124,0.0
2252,0,0,122,0.0
2253,0,0,116,0.4076
2253,0,0,124,0.0
2253,0,0,122,0.0
2254,0,0,116,0.4105
2254,0,0,124,0.0
2254,0,0,122,0.0
2255,0,0,116,0.4127
2255,0,0,124,0.0
2255,0,0,122,0.0
2256,0,0,116,0.4141
2256,0,0,124,0.0
2256,0,0,122,0.0
2257,0,0,116,0.4161
2257,0,0,124,0.0
2257,0,0,122,0.0
2258,0,0,116,0.4172
2258,0,0,124,0.0
2258,0,0,122,0.0
2259,0,0,116,0.4182
2259,0,0,124,0.0
2259,0,0,122,0.0
2260,0,0,116,0.4186
2260,0,0,124,0.0
2260,0,0,122,0.0
2261,0,0,116,0.2103
2261,0,0,124,0.0
2261,0,0,122,0.0
2262,0,0,116,0.1518
2262,0,0,124,0.0
2262,0,0,122,0.0
2263,0,0,116,0.1339
2263,0,0,124,0.0
2263,0,0,122,0.0
2264,0,0,116,0.129
2264,0,0,124,0.0
2264,0,0,122,0.0
2265,0,0,116,0.1286
2265,0,0,124,0.0
2265,0,0,122,0.0
2266,0,0,116,0.1298
2266,0,0,124,0.0
2266,0,0,122,0.0
2267,0,0,116,0.1277
2267,0,0,124,0.0
2267,0,0,122,0.0
2268,0,0,116,0.1281
2268,0,0,124,0.0
2268,0,0,122,0.0
2269,0,0,116,0.1292
2269,0,0,124,0.0
2269,0,0,122,0.0
2270,0,0,116,0.1032
2270,0,0,124,0.0
2270,0,0,122,0.0
2271,0,0,116,0.0945
2271,0,0,124,0.0
2271,0,0,122,0.0
2272,0,0,116,0.0925
2272,0,0,124,0.0
2272,0,0,122,0.0
2273,0,0,116,0.0927
2273,0,0,124,0.0
2273,0,0,122,0.0
2274,0,0,116,0.0937
2274,0,0,124,0.0
2274,0,0,122,0.0
2275,0,0,116,0.0948
2275,0,0,124,0.0
2275,0,0,122,0.0
2276,0,0,116,0.0966
2276,0,0,124,0.0
2276,0,0,122,0.0
2277,0,0,116,0.0985
2277,0,0,124,0.0
2277,0,0,122,0.0
2278,0,0,116,0.0997
2278,0,0,124,0.0
2278,0,0,122,0.0
2279,0,0,116,0.0885
2279,0,0,124,0.0
2279,0,0,122,0.0
2280,0,0,116,0.0842
2280,0,0,124,0.0
2280,0,0,122,0.0
2281,0,0,116,0.0829
2281,0,0,124,0.0
2281,0,0,122,0.0
2282,0,0,116,0.0827
2282,0,0,124,0.0
2282,0,0,122,0.0
2283,0,0,116,0.0829
2283,0,0,124,0.0
2283,0,0,122,0.0
2284,0,0,116,0.0822
2284,0,0,124,0.0
2284,0,0,122,0.0
2285,0,0,116,0.0724
2285,0,0,124,0.0
2285,0,0,122,0.0
2286,0,0,116,0.0063
2286,0,0,124,0.0
2286,0,0,122,0.0
2287,0,0,116,0.0
2287,0,0,124,0.0
2287,0,0,122,0.0
2288,0,0,116,0.0
2288,0,0,124,0.0
2288,0,0,122,0.0
2289,0,0,116,0.0
2289,0,0,124,0.0
2289,0,0,122,0.0
2290,0,0,116,0.0
2290,0,0,124,0.0
2290,0,0,122,0.0
2291,0,0,116,0.0
2291,0,0,124,0.0
2291,0,0,122,0.0
2292,0,0,116,0.0
2292,0,0,124,0.0
2292,0,0,122,0.0
2293,0,0,116,0.0
2293,0,0,124,0.0
2293,0,0,122,0.0
2294,0,0,116,0.0
2294,0,0,124,0.0
2294,0,0,122,0.0
2295,0,0,116,0.0
2295,0,0,124,0.0
2296,0,0,116,0.0
2296,0,0,124,0.0
2297,0,0,116,0.0
2297,0,0,124,0.0
2298,0,0,116,0.0008
2298,0,0,124,0.0
2298,0,0,122,0.0
2299,0,0,116,0.0066
2299,0,0,124,0.0
2299,0,0,122,0.0
2300,0,0,116,0.0128
2300,0,0,124,0.0
2300,0,0,122,0.0
2301,0,0,116,0.0156
2301,0,0,124,0.0
2301,0,0,122,0.0
2302,0,0,116,0.0167
2302,0,0,124,0.0
2302,0,0,122,0.0
2303,0,0,116,0.017
2303,0,0,124,0.0
2303,0,0,122,0.0
2304,0,0,116,0.014
2304,0,0,124,0.0
2304,0,0,122,0.0
2305,0,0,116,0.0815
2306,0,0,116,0.1278
2307,0,0,116,0.1459
2308,0,0,116,0.1527
2309,0,0,116,0.1522
2310,0,0,116,0.1515
2311,0,0,116,0.1483
2312,0,0,116,0.1455
2313,0,0,116,0.123
2314,0,0,116,0.1152
2315,0,0,116,0.1122
2316,0,0,116,0.1118
2317,0,0,116,0.1123
2318,0,0,116,0.1145
2319,0,0,116,0.1149
2320,0,0,116,0.1169
2321,0,0,116,0.1175
2322,0,0,116,0.0
2323,0,0,116,0.0
2324,0,0,116,0.0
2325,0,0,116,0.0
2326,0,0,116,0.0
2327,0,0,116,0.0
2328,0,0,116,0.0
2329,0,0,116,0.0
2330,0,0,116,0.0
2331,0,0,116,0.0
2332,0,0,116,0.0
2333,0,0,116,0.0
2334,0,0,116,0.0
2335,0,0,116,0.0
2336,0,0,116,0.0
2337,0,0,116,0.0
2338,0,0,116,0.0
2339,0,0,116,0.0
2340,0,0,116,0.0
2341,0,0,116,0.0
2342,0,0,116,0.0
2343,0,0,116,0.0
2344,0,0,116,0.0
2345,0,0,116,0.0
2346,0,0,116,0.0
2347,0,0,116,0.0
2348,0,0,116,0.0
2349,0,0,116,0.0
2350,0,0,116,0.0
2351,0,0,116,0.0
2352,0,0,116,0.0
2353,0,0,116,0.0
2354,0,0,116,0.0
2355,0,0,116,0.0
2356,0,0,116,0.0
2357,0,0,116,0.0
2358,0,0,116,0.0
2359,0,0,116,0.0
2359,0,0,139,0.0
2360,0,0,116,0.0
2360,0,0,139,0.0
2361,0,0,116,0.0
2361,0,0,139,0.0
2362,0,0,116,0.0
2362,0,0,139,0.0
2363,0,0,116,0.0
2363,0,0,139,0.0
2364,0,0,116,0.0
2364,0,0,139,0.0
2365,0,0,116,0.0
2365,0,0,139,0.0
2366,0,0,116,0.0
2366,0,0,139,0.0
2366,0,0,141,0.0
2367,0,0,116,0.0
2367,0,0,139,0.0
2367,0,0,141,0.0
2368,0,0,116,0.0
2368,0,0,139,0.0
2368,0,0,141,0.0
2369,0,0,116,0.0
2369,0,0,139,0.0
2369,0,0,141,0.0
2370,0,0,116,0.0
2370,0,0,139,0.0
2370,0,0,141,0.0
2371,0,0,116,0.0
2371,0,0,139,0.0
2371,0,0,141,0.0
2372,0,0,116,0.0
2372,0,0,139,0.0
2372,0,0,141,0.0
2373,0,0,116,0.0
2373,0,0,139,0.0
2373,0,0,141,0.0
2374,0,0,116,0.0
2374,0,0,139,0.0
2374,0,0,141,0.0
2375,0,0,116,0.0
2375,0,0,139,0.0
2375,0,0,141,0.0
2376,0,0,116,0.0
2376,0,0,141,0.0
2377,0,0,116,0.0
2377,0,0,141,0.0
2378,0,0,116,0.0
2378,0,0,141,0.0
2379,0,0,116,0.0
2379,0,0,141,0.0
2380,0,0,116,0.0
2380,0,0,141,0.0
2381,0,0,116,0.0
2381,0,0,141,0.0
2382,0,0,116,0.0
2382,0,0,141,0.0
2383,0,0,116,0.0
2383,0,0,141,0.0
2384,0,0,116,0.0
2384,0,0,141,0.0
2384,0,0,139,0.0
2385,0,0,116,0.0
2385,0,0,141,0.0
2385,0,0,139,0.0
2386,0,0,116,0.0
2386,0,0,141,0.0
2386,0,0,139,0.0
2387,0,0,116,0.0
2387,0,0,141,0.0
2387,0,0,139,0.0
2388,0,0,116,0.0
2388,0,0,141,0.0
2388,0,0,139,0.0
2389,0,0,116,0.0
2389,0,0,141,0.0
2389,0,0,139,0.0
2390,0,0,116,0.0
2390,0,0,141,0.0
2390,0,0,139,0.0
2391,0,0,116,0.0
2391,0,0,141,0.0
2391,0,0,139,0.0
2392,0,0,116,0.0
2392,0,0,141,0.0
2392,0,0,139,0.0
2393,0,0,116,0.0
2393,0,0,141,0.0
2393,0,0,139,0.0
2394,0,0,116,0.0
2394,0,0,141,0.0
2394,0,0,139,0.0
2395,0,0,116,0.0
2395,0,0,141,0.0
2395,0,0,139,0.0
2396,0,0,116,0.0
2396,0,0,141,0.0
2396,0,0,139,0.0
2397,0,0,116,0.0
2397,0,0,141,0.0
2397,0,0,139,0.0
2398,0,0,116,0.0
2398,0,0,141,0.0
2398,0,0,139,0.0
2399,0,0,116,0.0
2399,0,0,141,0.0
2399,0,0,139,0.0
2400,0,0,116,0.0
2400,0,0,141,0.0
2400,0,0,139,0.0
2401,0,0,116,0.0
2401,0,0,141,0.0
2401,0,0,139,0.0
2401,0,0,142,0.0
2401,0,0,143,0.0
2402,0,0,116,0.0
2402,0,0,141,0.0
2402,0,0,139,0.0
2402,0,0,142,0.0
2402,0,0,143,0.0
2403,0,0,116,0.0
2403,0,0,141,0.0
2403,0,0,139,0.0
2403,0,0,142,0.0
2403,0,0,143,0.0
2404,0,0,116,0.0
2404,0,0,141,0.0
2404,0,0,139,0.0
2404,0,0,142,0.0
2404,0,0,143,0.0
2405,0,0,116,0.0
2405,0,0,141,0.0
2405,0,0,139,0.0
2405,0,0,142,0.0
2405,0,0,143,0.0
2406,0,0,116,0.0
2406,0,0,141,0.0
2406,0,0,139,0.0
2406,0,0,142,0.0
2406,0,0,143,0.0
2407,0,0,116,0.0
2407,0,0,141,0.0
2407,0,0,139,0.0
2407,0,0,142,0.0
2407,0,0,143,0.0
2408,0,0,116,0.0
2408,0,0,141,0.0
2408,0,0,139,0.0
2408,0,0,142,0.0
2408,0,0,143,0.0
2409,0,0,116,0.0
2409,0,0,141,0.0
2409,0,0,139,0.0
2409,0,0,142,0.0
2409,0,0,143,0.0
2410,0,0,116,0.0
2410,0,0,141,0.0
2410,0,0,139,0.0
2410,0,0,142,0.0
2410,0,0,143,0.0
2411,0,0,116,0.0
2411,0,0,141,0.0
2411,0,0,139,0.0
2411,0,0,142,0.0
2411,0,0,143,0.0
2412,0,0,116,0.0
2412,0,0,141,0.0
2412,0,0,139,0.0
2412,0,0,142,0.0
2412,0,0,143,0.0
2413,0,0,116,0.0
2413,0,0,141,0.0
2413,0,0,139,0.0
2413,0,0,142,0.0
2413,0,0,143,0.0
2414,0,0,116,0.0
2414,0,0,141,0.0
2414,0,0,139,0.0
2414,0,0,142,0.0
2414,0,0,143,0.0
2415,0,0,116,0.0
2415,0,0,141,0.0
2415,0,0,139,0.0
2415,0,0,143,0.0
2416,0,0,116,0.0
2416,0,0,141,0.0
2416,0,0,139,0.0
2416,0,0,143,0.0
2417,0,0,116,0.0
2417,0,0,141,0.0
2417,0,0,139,0.0
2417,0,0,143,0.0
2418,0,0,116,0.0
2418,0,0,141,0.0
2418,0,0,139,0.0
2418,0,0,143,0.0
2419,0,0,116,0.0
2419,0,0,141,0.0
2419,0,0,139,0.0
2419,0,0,143,0.0
2420,0,0,116,0.0
2420,0,0,141,0.0
2420,0,0,139,0.0
2420,0,0,143,0.0
2420,0,0,142,0.0
2421,0,0,116,0.0
2421,0,0,141,0.0
2421,0,0,139,0.0
2421,0,0,143,0.0
2421,0,0,142,0.0
2422,0,0,116,0.0
2422,0,0,141,0.0
2422,0,0,139,0.0
2422,0,0,143,0.0
2423,0,0,116,0.0
2423,0,0,141,0.0
2423,0,0,139,0.0
2423,0,0,143,0.0
2424,0,0,116,0.0
2424,0,0,141,0.0
2424,0,0,139,0.0
2424,0,0,143,0.0
2424,0,0,142,0.0
2425,0,0,116,0.0
2425,0,0,141,0.0
2425,0,0,139,0.0
2425,0,0,143,0.0
2425,0,0,142,0.0
2426,0,0,116,0.0
2426,0,0,141,0.0
2426,0,0,139,0.0
2426,0,0,143,0.0
2426,0,0,142,0.0
2427,0,0,116,0.0
2427,0,0,141,0.0
2427,0,0,139,0.0
2427,0,0,143,0.0
2427,0,0,142,0.0
2428,0,0,116,0.0
2428,0,0,141,0.0
2428,0,0,139,0.0
2429,0,0,116,0.0
2429,0,0,141,0.0
2429,0,0,139,0.0
2430,0,0,116,0.0
2430,0,0,141,0.0
2430,0,0,139,0.0
2431,0,0,116,0.0
2431,0,0,141,0.0
2431,0,0,139,0.0
2432,0,0,116,0.0
2432,0,0,141,0.0
2432,0,0,139,0.0
2433,0,0,116,0.0
2433,0,0,141,0.0
2433,0,0,139,0.0
2434,0,0,116,0.0
2434,0,0,141,0.0
2434,0,0,139,0.0
2435,0,0,116,0.0
2435,0,0,141,0.0
2435,0,0,139,0.0
2436,0,0,116,0.0
2436,0,0,141,0.0
2436,0,0,139,0.0
2437,0,0,116,0.0
2437,0,0,141,0.0
2437,0,0,139,0.0
2438,0,0,116,0.0
2438,0,0,141,0.0
2438,0,0,139,0.0
2439,0,0,116,0.0
2439,0,0,141,0.0
2439,0,0,139,0.0
2440,0,0,116,0.0
2440,0,0,141,0.0
2440,0,0,139,0.0
2441,0,0,116,0.0
2441,0,0,141,0.0
2441,0,0,139,0.0
2442,0,0,116,0.0
2442,0,0,141,0.0
2442,0,0,139,0.0
2443,0,0,116,0.0
2443,0,0,141,0.0
2443,0,0,139,0.0
2444,0,0,116,0.0
2444,0,0,141,0.0
2444,0,0,139,0.0
2445,0,0,116,0.0
2445,0,0,141,0.0
2445,0,0,139,0.0
2446,0,0,116,0.0
2446,0,0,141,0.0
2446,0,0,139,0.0
2447,0,0,116,0.0
2447,0,0,141,0.0
2447,0,0,139,0.0
2448,0,0,116,0.0
2448,0,0,141,0.0
2448,0,0,139,0.0
2449,0,0,116,0.0
2449,0,0,141,0.0
2449,0,0,139,0.0
2450,0,0,116,0.0
2450,0,0,141,0.0
2450,0,0,139,0.0
2451,0,0,116,0.0
2451,0,0,141,0.0
2451,0,0,139,0.0
2452,0,0,116,0.0
2452,0,0,141,0.0
2452,0,0,139,0.0
2453,0,0,116,0.0
2453,0,0,141,0.0
2453,0,0,139,0.0
2454,0,0,116,0.0
2454,0,0,141,0.0
2454,0,0,139,0.0
2455,0,0,116,0.0
2455,0,0,141,0.0
2455,0,0,139,0.0
2456,0,0,116,0.0
2456,0,0,141,0.0
2456,0,0,139,0.0
2457,0,0,116,0.0
2457,0,0,141,0.0
2457,0,0,139,0.0
2458,0,0,116,0.0
2458,0,0,141,0.0
2458,0,0,139,0.0
2459,0,0,116,0.0
2459,0,0,141,0.0
2459,0,0,139,0.0
2460,0,0,116,0.0
2460,0,0,141,0.0
2460,0,0,139,0.0
2461,0,0,116,0.0
2461,0,0,141,0.0
2461,0,0,139,0.0
2462,0,0,116,0.0
2462,0,0,141,0.0
2462,0,0,139,0.0
2463,0,0,116,0.0
2463,0,0,141,0.0
2463,0,0,139,0.0
2464,0,0,116,0.0
2464,0,0,141,0.0
2464,0,0,139,0.0
2465,0,0,116,0.0
2465,0,0,141,0.0
2465,0,0,139,0.0
2466,0,0,116,0.0
2466,0,0,141,0.0
2466,0,0,139,0.0
2467,0,0,116,0.0
2467,0,0,141,0.0
2467,0,0,139,0.0
2468,0,0,116,0.0
2468,0,0,141,0.0
2468,0,0,139,0.0
2468,0,0,146,0.0
2469,0,0,116,0.0
2469,0,0,141,0.0
2469,0,0,139,0.0
2469,0,0,146,0.0
2470,0,0,116,0.0
2470,0,0,141,0.0
2470,0,0,139,0.0
2470,0,0,146,0.0
2471,0,0,116,0.0
2471,0,0,141,0.0
2471,0,0,139,0.0
2471,0,0,146,0.0
2472,0,0,116,0.0
2472,0,0,141,0.0
2472,0,0,139,0.0
2472,0,0,146,0.0
2473,0,0,116,0.0
2473,0,0,141,0.0
2473,0,0,139,0.0
2473,0,0,146,0.0
2473,0,0,147,0.0
2474,0,0,116,0.0
2474,0,0,141,0.0
2474,0,0,139,0.0
2474,0,0,146,0.0
2474,0,0,147,0.0
2475,0,0,116,0.0
2475,0,0,141,0.0
2475,0,0,139,0.0
2475,0,0,146,0.0
2475,0,0,147,0.0
2476,0,0,116,0.0
2476,0,0,141,0.0
2476,0,0,139,0.0
2476,0,0,146,0.0
2476,0,0,147,0.0
2477,0,0,116,0.0
2477,0,0,141,0.0
2477,0,0,139,0.0
2477,0,0,146,0.0
2477,0,0,147,0.0
2478,0,0,116,0.0
2478,0,0,141,0.0
2478,0,0,139,0.0
2478,0,0,146,0.0
2479,0,0,116,0.0
2479,0,0,141,0.0
2479,0,0,139,0.0
2479,0,0,146,0.0
2479,0,0,147,0.0
2480,0,0,116,0.0
2480,0,0,141,0.0
2480,0,0,139,0.0
2480,0,0,146,0.0
2481,0,0,116,0.0
2481,0,0,141,0.0
2481,0,0,139,0.0
2481,0,0,146,0.0
2482,0,0,116,0.0
2482,0,0,141,0.0
2482,0,0,139,0.0
2482,0,0,146,0.0
2483,0,0,116,0.0
2483,0,0,141,0.0
2483,0,0,139,0.0
2483,0,0,146,0.0
2484,0,0,116,0.0
2484,0,0,141,0.0
2484,0,0,139,0.0
2484,0,0,146,0.0
2485,0,0,116,0.0
2485,0,0,141,0.0
2485,0,0,139,0.0
2485,0,0,146,0.0
2486,0,0,116,0.0
2486,0,0,141,0.0
2486,0,0,139,0.0
2486,0,0,146,0.0
2487,0,0,116,0.0
2487,0,0,141,0.0
2487,0,0,139,0.0
2487,0,0,146,0.0
2488,0,0,116,0.0
2488,0,0,141,0.0
2488,0,0,139,0.0
2488,0,0,146,0.0
2489,0,0,116,0.0
2489,0,0,141,0.0
2489,0,0,139,0.0
2489,0,0,146,0.0
2490,0,0,116,0.0
2490,0,0,141,0.0
2490,0,0,139,0.0
2490,0,0,146,0.0
2491,0,0,116,0.0
2491,0,0,141,0.0
2491,0,0,139,0.0
2491,0,0,146,0.0
2492,0,0,116,0.0
2492,0,0,141,0.0
2492,0,0,139,0.0
2492,0,0,146,0.0
2493,0,0,116,0.0
2493,0,0,141,0.0
2493,0,0,139,0.0
2493,0,0,146,0.0
2494,0,0,116,0.0
2494,0,0,141,0.0
2494,0,0,139,0.0
2494,0,0,146,0.0
2495,0,0,116,0.0
2495,0,0,141,0.0
2495,0,0,139,0.0
2495,0,0,146,0.0
2496,0,0,116,0.0
2496,0,0,141,0.0
2496,0,0,139,0.0
2496,0,0,146,0.0
2497,0,0,116,0.0
2497,0,0,141,0.0
2497,0,0,139,0.0
2497,0,0,146,0.0
2498,0,0,116,0.0
2498,0,0,141,0.0
2498,0,0,139,0.0
2498,0,0,146,0.0
2499,0,0,116,0.0
2499,0,0,141,0.0
2499,0,0,139,0.0
2499,0,0,146,0.0
2500,0,0,116,0.0
2500,0,0,141,0.0
2500,0,0,139,0.0
2500,0,0,146,0.0
2501,0,0,116,0.0
2501,0,0,141,0.0
2501,0,0,139,0.0
2501,0,0,146,0.0
2502,0,0,116,0.0
2502,0,0,141,0.0
2502,0,0,139,0.0
2502,0,0,146,0.0
2503,0,0,116,0.0
2503,0,0,141,0.0
2503,0,0,139,0.0
2503,0,0,146,0.0
2504,0,0,116,0.0
2504,0,0,141,0.0
2504,0,0,139,0.0
2504,0,0,146,0.0
2505,0,0,116,0.0
2505,0,0,141,0.0
2505,0,0,139,0.0
2505,0,0,146,0.0
2506,0,0,116,0.0
2506,0,0,141,0.0
2506,0,0,139,0.0
2506,0,0,146,0.0
2507,0,0,116,0.0
2507,0,0,141,0.0
2507,0,0,139,0.0
2507,0,0,146,0.0
2508,0,0,116,0.0
2508,0,0,141,0.0
2508,0,0,139,0.0
2508,0,0,146,0.0
2509,0,0,116,0.0
2509,0,0,141,0.0
2509,0,0,139,0.0
2509,0,0,146,0.0
2510,0,0,116,0.0
2510,0,0,141,0.0
2510,0,0,139,0.0
2510,0,0,146,0.0
2511,0,0,116,0.0
2511,0,0,141,0.0
2511,0,0,139,0.0
2511,0,0,146,0.0
2512,0,0,116,0.0
2512,0,0,141,0.0
2512,0,0,139,0.0
2512,0,0,146,0.0
2513,0,0,116,0.0
2513,0,0,141,0.0
2513,0,0,139,0.0
2513,0,0,146,0.0
2514,0,0,116,0.0
2514,0,0,141,0.0
2514,0,0,139,0.0
2514,0,0,146,0.0
2515,0,0,116,0.0
2515,0,0,141,0.0
2515,0,0,139,0.0
2515,0,0,146,0.0
2516,0,0,116,0.0
2516,0,0,141,0.0
2516,0,0,139,0.0
2516,0,0,146,0.0
2517,0,0,116,0.0
2517,0,0,141,0.0
2517,0,0,139,0.0
2517,0,0,146,0.0
2518,0,0,116,0.0
2518,0,0,141,0.0
2518,0,0,139,0.0
2518,0,0,146,0.0
2519,0,0,116,0.0
2519,0,0,141,0.0
2519,0,0,139,0.0
2519,0,0,146,0.0
2520,0,0,116,0.0
2520,0,0,141,0.0
2520,0,0,139,0.0
2520,0,0,146,0.0
2521,0,0,116,0.0
2521,0,0,141,0.0
2521,0,0,139,0.0
2521,0,0,146,0.0
2522,0,0,116,0.0
2522,0,0,141,0.0
2522,0,0,139,0.0
2522,0,0,146,0.0
2523,0,0,116,0.0
2523,0,0,141,0.0
2523,0,0,139,0.0
2523,0,0,146,0.0
2524,0,0,116,0.0
2524,0,0,141,0.0
2524,0,0,139,0.0
2524,0,0,146,0.0
2525,0,0,116,0.0
2525,0,0,141,0.0
2525,0,0,139,0.0
2525,0,0,146,0.0
2526,0,0,116,0.0
2526,0,0,141,0.0
2526,0,0,139,0.0
2526,0,0,146,0.0
2527,0,0,116,0.0
2527,0,0,141,0.0
2527,0,0,139,0.0
2527,0,0,146,0.0
2528,0,0,116,0.0
2528,0,0,141,0.0
2528,0,0,139,0.0
2528,0,0,146,0.0
2529,0,0,116,0.0
2529,0,0,141,0.0
2529,0,0,139,0.0
2529,0,0,146,0.0
2530,0,0,116,0.0
2530,0,0,141,0.0
2530,0,0,139,0.0
2530,0,0,146,0.0
2531,0,0,116,0.0
2531,0,0,141,0.0
2531,0,0,139,0.0
2531,0,0,146,0.0
2532,0,0,116,0.0
2532,0,0,141,0.0
2532,0,0,139,0.0
2532,0,0,146,0.0
2533,0,0,116,0.0
2533,0,0,141,0.0
2533,0,0,139,0.0
2533,0,0,146,0.0
2534,0,0,116,0.0
2534,0,0,141,0.0
2534,0,0,139,0.0
2534,0,0,146,0.0
2535,0,0,116,0.0
2535,0,0,141,0.0
2535,0,0,139,0.0
2536,0,0,116,0.0
2536,0,0,141,0.0
2536,0,0,139,0.0
2537,0,0,116,0.0
2537,0,0,141,0.0
2537,0,0,139,0.0
2538,0,0,116,0.0
2538,0,0,141,0.0
2538,0,0,139,0.0
2539,0,0,116,0.0
2539,0,0,141,0.0
2539,0,0,139,0.0
2540,0,0,116,0.0
2540,0,0,141,0.0
2540,0,0,139,0.0
2541,0,0,116,0.0
2541,0,0,141,0.0
2541,0,0,139,0.0
2542,0,0,116,0.0
2542,0,0,141,0.0
2542,0,0,139,0.0
2543,0,0,116,0.0
2543,0,0,141,0.0
2543,0,0,139,0.0
2544,0,0,116,0.0
2544,0,0,141,0.0
2544,0,0,139,0.0
2545,0,0,116,0.0
2545,0,0,141,0.0
2545,0,0,139,0.0
2546,0,0,116,0.0
2546,0,0,141,0.0
2546,0,0,139,0.0
2547,0,0,116,0.0
2547,0,0,141,0.0
2547,0,0,139,0.0
2548,0,0,116,0.0
2548,0,0,141,0.0
2548,0,0,139,0.0
2549,0,0,116,0.0
2549,0,0,141,0.0
2549,0,0,139,0.0
2550,0,0,116,0.0
2550,0,0,141,0.0
2550,0,0,139,0.0
2551,0,0,116,0.0
2551,0,0,141,0.0
2551,0,0,139,0.0
2552,0,0,116,0.0
2552,0,0,141,0.0
2552,0,0,139,0.0
2553,0,0,116,0.0
2553,0,0,141,0.0
2553,0,0,139,0.0
2554,0,0,116,0.0
2554,0,0,141,0.0
2554,0,0,139,0.0
2555,0,0,116,0.0
2555,0,0,141,0.0
2555,0,0,139,0.0
2556,0,0,116,0.0
2556,0,0,141,0.0
2556,0,0,139,0.0
2557,0,0,141,0.0
2558,0,0,141,0.0
2559,0,0,141,0.0
2560,0,0,141,0.0
2561,0,0,141,0.0
2562,0,0,141,0.0
2563,0,0,141,0.0
2564,0,0,141,0.0
2565,0,0,141,0.0
2565,0,0,139,0.0
2566,0,0,141,0.0
2566,0,0,139,0.0
2567,0,0,141,0.0
2567,0,0,139,0.0
2568,0,0,141,0.0
2568,0,0,139,0.0
2569,0,0,141,0.0
2569,0,0,139,0.0
2570,0,0,141,0.0
2570,0,0,139,0.0
2571,0,0,141,0.0
2571,0,0,139,0.0
2572,0,0,141,0.0
2572,0,0,139,0.0
2573,0,0,141,0.0
2574,0,0,141,0.0
2574,0,0,149,0.0
2575,0,0,141,0.0
2575,0,0,149,0.0
2575,0,0,139,0.0
2576,0,0,141,0.0
2576,0,0,149,0.0
2576,0,0,139,0.0
2577,0,0,141,0.0
2577,0,0,149,0.0
2577,0,0,139,0.0
2578,0,0,141,0.0
2578,0,0,149,0.0
2578,0,0,139,0.0
2579,0,0,141,0.0
2579,0,0,149,0.0
2579,0,0,139,0.0
2580,0,0,141,0.0
2580,0,0,149,0.0
2580,0,0,139,0.0
2581,0,0,141,0.0
2581,0,0,149,0.0
2581,0,0,139,0.0
2582,0,0,141,0.0
2582,0,0,149,0.0
2582,0,0,139,0.0
2583,0,0,141,0.0
2583,0,0,149,0.0
2583,0,0,139,0.0
2584,0,0,141,0.0
2584,0,0,149,0.0
2584,0,0,139,0.0
2585,0,0,141,0.0
2585,0,0,149,0.0
2585,0,0,139,0.0
2586,0,0,141,0.0
2586,0,0,149,0.0
2586,0,0,139,0.0
2587,0,0,141,0.0
2587,0,0,149,0.0
2587,0,0,139,0.0
2588,0,0,141,0.0
2588,0,0,149,0.0
2588,0,0,139,0.0
2589,0,0,141,0.0
2589,0,0,149,0.0
2589,0,0,139,0.0
2590,0,0,141,0.0
2590,0,0,149,0.0
2590,0,0,139,0.0
2591,0,0,141,0.0
2591,0,0,149,0.0
2591,0,0,139,0.0
2592,0,0,141,0.0
2592,0,0,149,0.0
2592,0,0,139,0.0
2593,0,0,141,0.0
2593,0,0,139,0.0
2594,0,0,141,0.0
2594,0,0,139,0.0
2594,0,0,150,0.0
2595,0,0,141,0.0
2595,0,0,139,0.0
2595,0,0,150,0.0
2596,0,0,141,0.0
2596,0,0,139,0.0
2596,0,0,150,0.0
2597,0,0,141,0.0
2597,0,0,139,0.0
2597,0,0,150,0.0
2598,0,0,141,0.0
2598,0,0,139,0.0
2598,0,0,150,0.0
2599,0,0,141,0.0
2599,0,0,139,0.0
2599,0,0,150,0.0
2600,0,0,141,0.0
2600,0,0,139,0.0
2600,0,0,150,0.0
2601,0,0,141,0.0
2601,0,0,139,0.0
2601,0,0,150,0.0
2601,0,0,149,0.0
2602,0,0,141,0.0
2602,0,0,139,0.0
2602,0,0,150,0.0
2602,0,0,149,0.0
2603,0,0,141,0.0
2603,0,0,139,0.0
2603,0,0,150,0.0
2603,0,0,149,0.0
2604,0,0,141,0.0
2604,0,0,139,0.0
2604,0,0,150,0.0
2604,0,0,149,0.0
2605,0,0,141,0.0
2605,0,0,139,0.0
2605,0,0,150,0.0
2605,0,0,149,0.0
2606,0,0,141,0.0
2606,0,0,139,0.0
2606,0,0,150,0.0
2606,0,0,149,0.0
2607,0,0,141,0.0
2607,0,0,139,0.0
2607,0,0,150,0.0
2607,0,0,149,0.0
2608,0,0,141,0.0
2608,0,0,139,0.0
2608,0,0,150,0.0
2608,0,0,149,0.0
2609,0,0,141,0.0
2609,0,0,139,0.0
2609,0,0,150,0.0
2609,0,0,149,0.0
2610,0,0,141,0.0
2610,0,0,139,0.0
2610,0,0,150,0.0
2610,0,0,149,0.0
2611,0,0,141,0.0
2611,0,0,139,0.0
2611,0,0,150,0.0
2611,0,0,149,0.0
2612,0,0,141,0.0
2612,0,0,150,0.0
2613,0,0,141,0.0
2613,0,0,150,0.0
2614,0,0,141,0.0
2614,0,0,150,0.0
2615,0,0,141,0.0
2615,0,0,150,0.0
2616,0,0,141,0.0
2616,0,0,150,0.0
2617,0,0,141,0.0
2617,0,0,150,0.0
2617,0,0,149,0.0
2618,0,0,141,0.0
2618,0,0,150,0.0
2618,0,0,151,0.0
2618,0,0,149,0.0
2619,0,0,141,0.0
2619,0,0,150,0.0
2619,0,0,151,0.0
2619,0,0,149,0.0
2620,0,0,141,0.0
2620,0,0,150,0.0
2620,0,0,151,0.0
2620,0,0,149,0.0
2621,0,0,141,0.0
2621,0,0,150,0.0
2621,0,0,151,0.0
2621,0,0,149,0.0
2622,0,0,141,0.0
2622,0,0,150,0.0
2622,0,0,151,0.0
2622,0,0,149,0.0
2623,0,0,141,0.0
2623,0,0,150,0.0
2623,0,0,151,0.0
2623,0,0,149,0.0
2624,0,0,141,0.0
2624,0,0,150,0.0
2624,0,0,151,0.0
2624,0,0,149,0.0
2625,0,0,141,0.0
2625,0,0,150,0.0
2625,0,0,151,0.0
2625,0,0,149,0.0
2626,0,0,141,0.0
2626,0,0,150,0.0
2626,0,0,151,0.0
2626,0,0,149,0.0
2627,0,0,141,0.0
2627,0,0,150,0.0
2627,0,0,151,0.0
2627,0,0,149,0.0
2628,0,0,141,0.0
2628,0,0,150,0.0
2628,0,0,151,0.0
2628,0,0,149,0.0
2629,0,0,141,0.0
2629,0,0,150,0.0
2629,0,0,151,0.0
2629,0,0,149,0.0
2630,0,0,141,0.0
2630,0,0,150,0.0
2630,0,0,151,0.0
2630,0,0,149,0.0
2630,0,0,139,0.0
2631,0,0,141,0.0
2631,0,0,150,0.0
2631,0,0,151,0.0
2631,0,0,149,0.0
2631,0,0,139,0.0
2632,0,0,141,0.0
2632,0,0,150,0.0
2632,0,0,151,0.0
2632,0,0,149,0.0
2632,0,0,139,0.0
2633,0,0,141,0.0
2633,0,0,150,0.0
2633,0,0,151,0.0
2633,0,0,149,0.0
2633,0,0,139,0.0
2634,0,0,141,0.0
2634,0,0,150,0.0
2634,0,0,151,0.0
2634,0,0,149,0.0
2634,0,0,139,0.0
2635,0,0,141,0.0
2635,0,0,150,0.0
2635,0,0,151,0.0
2635,0,0,149,0.0
2635,0,0,139,0.0
2636,0,0,141,0.0
2636,0,0,150,0.0
2636,0,0,151,0.0
2636,0,0,149,0.0
2636,0,0,139,0.0
2637,0,0,141,0.0
2637,0,0,150,0.0
2637,0,0,151,0.0
2637,0,0,149,0.0
2637,0,0,139,0.0
2638,0,0,141,0.0
2638,0,0,150,0.0
2638,0,0,151,0.0
2638,0,0,149,0.0
2638,0,0,139,0.0
2639,0,0,141,0.0
2639,0,0,150,0.0
2639,0,0,151,0.0
2639,0,0,149,0.0
2639,0,0,139,0.0
2640,0,0,141,0.0
2640,0,0,150,0.0
2640,0,0,151,0.0
2640,0,0,149,0.0
2640,0,0,139,0.0
2641,0,0,141,0.0
2641,0,0,150,0.0
2641,0,0,151,0.0
2641,0,0,149,0.0
2641,0,0,139,0.0
2642,0,0,141,0.0
2642,0,0,150,0.0
2642,0,0,151,0.0
2642,0,0,149,0.0
2642,0,0,139,0.0
2643,0,0,141,0.0
2643,0,0,150,0.0
2643,0,0,151,0.0
2643,0,0,149,0.0
2643,0,0,139,0.0
2644,0,0,141,0.0
2644,0,0,150,0.0
2644,0,0,151,0.0
2644,0,0,149,0.0
2644,0,0,139,0.0
2645,0,0,141,0.0
2645,0,0,150,0.0
2645,0,0,151,0.0
2645,0,0,149,0.0
2645,0,0,139,0.0
2646,0,0,141,0.0
2646,0,0,150,0.0
2646,0,0,151,0.0
2646,0,0,149,0.0
2646,0,0,139,0.0
2646,0,0,154,0.0
2647,0,0,141,0.0
2647,0,0,150,0.0
2647,0,0,151,0.0
2647,0,0,149,0.0
2647,0,0,139,0.0
2647,0,0,154,0.0
2648,0,0,141,0.0
2648,0,0,151,0.0
2648,0,0,149,0.0
2648,0,0,139,0.0
2648,0,0,154,0.0
2649,0,0,141,0.0
2649,0,0,151,0.0
2649,0,0,149,0.0
2649,0,0,139,0.0
2649,0,0,154,0.0
2650,0,0,141,0.0
2650,0,0,151,0.0
2650,0,0,149,0.0
2650,0,0,139,0.0
2650,0,0,154,0.0
2651,0,0,141,0.0
2651,0,0,151,0.0
2651,0,0,149,0.0
2651,0,0,139,0.0
2651,0,0,154,0.0
2652,0,0,141,0.0
2652,0,0,151,0.0
2652,0,0,149,0.0
2652,0,0,139,0.0
2652,0,0,154,0.0
2653,0,0,141,0.0
2653,0,0,151,0.0
2653,0,0,149,0.0
2653,0,0,139,0.0
2653,0,0,154,0.0
2653,0,0,150,0.0
2654,0,0,141,0.0
2654,0,0,151,0.0
2654,0,0,149,0.0
2654,0,0,139,0.0
2654,0,0,154,0.0
2654,0,0,150,0.0
2655,0,0,141,0.0
2655,0,0,151,0.0
2655,0,0,149,0.0
2655,0,0,154,0.0
2656,0,0,141,0.0
2656,0,0,151,0.0
2656,0,0,149,0.0
2656,0,0,154,0.0
2657,0,0,141,0.0
2657,0,0,151,0.0
2657,0,0,149,0.0
2658,0,0,141,0.0
2658,0,0,151,0.0
2658,0,0,149,0.0
2659,0,0,141,0.0
2659,0,0,151,0.0
2659,0,0,149,0.0
2660,0,0,141,0.0
2660,0,0,151,0.0
2660,0,0,149,0.0
2660,0,0,154,0.0
2661,0,0,141,0.0
2661,0,0,151,0.0
2661,0,0,149,0.0
2662,0,0,141,0.0
2662,0,0,151,0.0
2662,0,0,149,0.0
2663,0,0,141,0.0
2663,0,0,151,0.0
2663,0,0,149,0.0
2664,0,0,141,0.0
2664,0,0,151,0.0
2664,0,0,149,0.0
2664,0,0,154,0.0
2665,0,0,141,0.0
2665,0,0,151,0.0
2665,0,0,149,0.0
2665,0,0,154,0.0
2666,0,0,141,0.0
2666,0,0,151,0.0
2666,0,0,149,0.0
2666,0,0,154,0.0
2666,0,0,139,0.0
2667,0,0,141,0.0
2667,0,0,151,0.0
2667,0,0,149,0.0
2667,0,0,154,0.0
2667,0,0,139,0.0
2668,0,0,141,0.0
2668,0,0,151,0.0
2668,0,0,149,0.0
2668,0,0,154,0.0
2668,0,0,139,0.0
2669,0,0,141,0.0
2669,0,0,151,0.0
2669,0,0,149,0.0
2669,0,0,154,0.0
2669,0,0,139,0.0
2670,0,0,141,0.0
2670,0,0,151,0.0
2670,0,0,149,0.0
2670,0,0,154,0.0
2670,0,0,139,0.0
2671,0,0,141,0.0
2671,0,0,151,0.0
2671,0,0,149,0.0
2671,0,0,154,0.0
2671,0,0,139,0.0
2672,0,0,141,0.0
2672,0,0,151,0.0
2672,0,0,149,0.0
2672,0,0,154,0.0
2672,0,0,139,0.0
2673,0,0,141,0.0
2673,0,0,151,0.0
2673,0,0,149,0.0
2673,0,0,154,0.0
2673,0,0,139,0.0
2674,0,0,141,0.0
2674,0,0,151,0.0
2674,0,0,149,0.0
2674,0,0,139,0.0
2675,0,0,141,0.0
2675,0,0,151,0.0
2675,0,0,149,0.0
2675,0,0,139,0.0
2676,0,0,141,0.0
2676,0,0,151,0.0
2676,0,0,149,0.0
2676,0,0,139,0.0
2677,0,0,141,0.0
2677,0,0,151,0.0
2677,0,0,149,0.0
2677,0,0,139,0.0
2678,0,0,141,0.0
2678,0,0,151,0.0
2678,0,0,149,0.0
2678,0,0,139,0.0
2679,0,0,141,0.0
2679,0,0,151,0.0
2679,0,0,149,0.0
2679,0,0,139,0.0
2680,0,0,141,0.0
2680,0,0,151,0.0
2680,0,0,149,0.0
2680,0,0,139,0.0
2681,0,0,141,0.0
2681,0,0,151,0.0
2681,0,0,149,0.0
2681,0,0,139,0.0
2682,0,0,141,0.0
2682,0,0,151,0.0
2682,0,0,149,0.0
2682,0,0,139,0.0
2683,0,0,141,0.0
2683,0,0,151,0.0
2683,0,0,149,0.0
2683,0,0,139,0.0
2684,0,0,141,0.0
2684,0,0,151,0.0
2684,0,0,149,0.0
2684,0,0,154,0.0
2685,0,0,141,0.0
2685,0,0,151,0.0
2685,0,0,149,0.0
2685,0,0,154,0.0
2686,0,0,141,0.0
2686,0,0,151,0.0
2686,0,0,149,0.0
2686,0,0,154,0.0
2687,0,0,141,0.0
2687,0,0,151,0.0
2687,0,0,149,0.0
2687,0,0,154,0.0
2688,0,0,141,0.0
2688,0,0,151,0.0
2688,0,0,149,0.0
2688,0,0,154,0.0
2689,0,0,141,0.0
2689,0,0,151,0.0
2689,0,0,149,0.0
2689,0,0,154,0.0
2690,0,0,141,0.0
2690,0,0,151,0.0
2690,0,0,149,0.0
2690,0,0,154,0.0
2691,0,0,141,0.0
2691,0,0,151,0.0
2691,0,0,149,0.0
2691,0,0,154,0.0
2692,0,0,141,0.0
2692,0,0,151,0.0
2692,0,0,149,0.0
2692,0,0,154,0.0
2693,0,0,141,0.0
2693,0,0,151,0.0
2693,0,0,149,0.0
2693,0,0,154,0.0
2694,0,0,141,0.0
2694,0,0,151,0.0
2694,0,0,149,0.0
2695,0,0,141,0.0
2695,0,0,151,0.0
2695,0,0,149,0.0
2696,0,0,141,0.0
2696,0,0,151,0.0
2696,0,0,149,0.0
2697,0,0,141,0.0
2697,0,0,151,0.0
2697,0,0,149,0.0
2698,0,0,141,0.0
2698,0,0,151,0.0
2698,0,0,149,0.0
2699,0,0,141,0.0
2699,0,0,151,0.0
2699,0,0,149,0.0
2700,0,0,141,0.0
2700,0,0,151,0.0
2700,0,0,149,0.0
2701,0,0,141,0.0
2701,0,0,151,0.0
2701,0,0,149,0.0
2702,0,0,141,0.0
2702,0,0,151,0.0
2702,0,0,149,0.0
2702,0,0,154,0.0
2703,0,0,141,0.0
2703,0,0,151,0.0
2703,0,0,149,0.0
2703,0,0,156,0.0
2703,0,0,154,0.0
2704,0,0,141,0.0
2704,0,0,151,0.0
2704,0,0,149,0.0
2704,0,0,156,0.0
2704,0,0,154,0.0
2704,0,0,139,0.0
2705,0,0,141,0.0
2705,0,0,151,0.0
2705,0,0,149,0.0
2705,0,0,156,0.0
2705,0,0,154,0.0
2706,0,0,141,0.0
2706,0,0,151,0.0
2706,0,0,154,0.0
2707,0,0,141,0.0
2707,0,0,151,0.0
2707,0,0,154,0.0
2707,0,0,149,0.0
2708,0,0,151,0.0
2708,0,0,154,0.0
2708,0,0,149,0.0
2709,0,0,151,0.0
2709,0,0,154,0.0
2709,0,0,149,0.0
2710,0,0,151,0.0
2710,0,0,154,0.0
2710,0,0,149,0.0
2710,0,0,141,0.0
2711,0,0,151,0.0
2711,0,0,154,0.0
2711,0,0,149,0.0
2711,0,0,141,0.0
2712,0,0,151,0.0
2712,0,0,154,0.0
2712,0,0,149,0.0
2712,0,0,141,0.0
2713,0,0,151,0.0
2713,0,0,154,0.0
2713,0,0,149,0.0
2714,0,0,151,0.0
2714,0,0,149,0.0
2715,0,0,151,0.0
2715,0,0,149,0.0
2716,0,0,151,0.0
2716,0,0,149,0.0
2717,0,0,151,0.0
2717,0,0,149,0.0
2718,0,0,151,0.0
2718,0,0,149,0.0
2719,0,0,151,0.0
2719,0,0,149,0.0
2720,0,0,151,0.0
2720,0,0,149,0.0
2720,0,0,141,0.0
2720,0,0,139,0.0
2721,0,0,151,0.0
2721,0,0,149,0.0
2721,0,0,141,0.0
2721,0,0,139,0.0
2722,0,0,151,0.0
2722,0,0,149,0.0
2722,0,0,141,0.0
2722,0,0,139,0.0
2723,0,0,151,0.0
2723,0,0,149,0.0
2723,0,0,141,0.0
2723,0,0,139,0.0
2724,0,0,151,0.0
2724,0,0,149,0.0
2724,0,0,141,0.0
2724,0,0,139,0.0
2725,0,0,151,0.0
2725,0,0,149,0.0
2725,0,0,141,0.0
2725,0,0,139,0.0
2726,0,0,151,0.0
2726,0,0,149,0.0
2726,0,0,141,0.0
2726,0,0,139,0.0
2727,0,0,151,0.0
2727,0,0,149,0.0
2727,0,0,141,0.0
2727,0,0,139,0.0
2728,0,0,151,0.0
2728,0,0,149,0.0
2728,0,0,141,0.0
2728,0,0,139,0.0
2729,0,0,151,0.0
2729,0,0,149,0.0
2729,0,0,141,0.0
2729,0,0,139,0.0
2730,0,0,151,0.0
2730,0,0,149,0.0
2730,0,0,141,0.0
2730,0,0,139,0.0
2731,0,0,151,0.0
2731,0,0,149,0.0
2731,0,0,141,0.0
2731,0,0,139,0.0
2732,0,0,151,0.0
2732,0,0,149,0.0
2732,0,0,141,0.0
2732,0,0,139,0.0
2733,0,0,151,0.0
2733,0,0,149,0.0
2733,0,0,141,0.0
2733,0,0,139,0.0
2734,0,0,151,0.0
2734,0,0,149,0.0
2734,0,0,141,0.0
2734,0,0,139,0.0
2735,0,0,151,0.0
2735,0,0,149,0.0
2735,0,0,141,0.0
2735,0,0,139,0.0
2736,0,0,151,0.0
2736,0,0,149,0.0
2736,0,0,141,0.0
2736,0,0,139,0.0
2737,0,0,151,0.0
2737,0,0,149,0.0
2737,0,0,141,0.0
2737,0,0,139,0.0
2738,0,0,151,0.0
2738,0,0,149,0.0
2738,0,0,141,0.0
2738,0,0,139,0.0
2739,0,0,151,0.0
2739,0,0,149,0.0
2739,0,0,141,0.0
2739,0,0,139,0.0
2740,0,0,151,0.0
2740,0,0,149,0.0
2740,0,0,141,0.0
2740,0,0,139,0.0
2741,0,0,151,0.0
2741,0,0,149,0.0
2741,0,0,141,0.0
2741,0,0,139,0.0
2742,0,0,151,0.0
2742,0,0,149,0.0
2742,0,0,141,0.0
2742,0,0,139,0.0
2743,0,0,151,0.0
2743,0,0,149,0.0
2743,0,0,141,0.0
2743,0,0,139,0.0
2744,0,0,151,0.0
2744,0,0,149,0.0
2744,0,0,141,0.0
2744,0,0,139,0.0
2745,0,0,151,0.0
2745,0,0,149,0.0
2745,0,0,141,0.0
2745,0,0,139,0.0
2746,0,0,151,0.0
2746,0,0,149,0.0
2746,0,0,141,0.0
2746,0,0,139,0.0
2747,0,0,151,0.0
2747,0,0,149,0.0
2747,0,0,141,0.0
2747,0,0,139,0.0
2748,0,0,151,0.0
2748,0,0,149,0.0
2748,0,0,141,0.0
2748,0,0,139,0.0
2749,0,0,151,0.0
2749,0,0,149,0.0
2749,0,0,141,0.0
2749,0,0,139,0.0
2750,0,0,151,0.0
2750,0,0,149,0.0
2750,0,0,141,0.0
2750,0,0,139,0.0
2751,0,0,151,0.0
2751,0,0,149,0.0
2751,0,0,141,0.0
2751,0,0,139,0.0
2752,0,0,151,0.0
2752,0,0,149,0.0
2752,0,0,141,0.0
2752,0,0,139,0.0
2753,0,0,151,0.0
2753,0,0,149,0.0
2753,0,0,141,0.0
2753,0,0,139,0.0
2754,0,0,151,0.0
2754,0,0,149,0.0
2754,0,0,141,0.0
2754,0,0,139,0.0
2755,0,0,151,0.0
2755,0,0,149,0.0
2755,0,0,141,0.0
2755,0,0,139,0.0
2756,0,0,151,0.0
2756,0,0,149,0.0
2756,0,0,141,0.0
2757,0,0,151,0.0
2757,0,0,149,0.0
2757,0,0,141,0.0
2758,0,0,151,0.0
2758,0,0,149,0.0
2758,0,0,141,0.0
2759,0,0,151,0.0
2759,0,0,149,0.0
2759,0,0,141,0.0
2760,0,0,151,0.0
2760,0,0,149,0.0
2760,0,0,141,0.0
2761,0,0,151,0.0
2761,0,0,149,0.0
2761,0,0,141,0.0
2762,0,0,151,0.0
2762,0,0,149,0.0
2762,0,0,141,0.0
2763,0,0,151,0.0
2763,0,0,149,0.0
2763,0,0,141,0.0
2764,0,0,151,0.0
2764,0,0,149,0.0
2764,0,0,141,0.0
2765,0,0,151,0.0
2765,0,0,149,0.0
2765,0,0,141,0.0
2766,0,0,151,0.0
2766,0,0,149,0.0
2766,0,0,141,0.0
2767,0,0,151,0.0
2767,0,0,149,0.0
2767,0,0,141,0.0
2768,0,0,151,0.0
2768,0,0,149,0.0
2768,0,0,141,0.0
2768,0,0,157,0.0
2769,0,0,151,0.0
2769,0,0,149,0.0
2769,0,0,141,0.0
2769,0,0,157,0.0
2770,0,0,151,0.0
2770,0,0,149,0.0
2770,0,0,141,0.0
2770,0,0,157,0.0
2771,0,0,151,0.0
2771,0,0,149,0.0
2771,0,0,141,0.0
2771,0,0,157,0.0
2772,0,0,151,0.0
2772,0,0,149,0.0
2772,0,0,141,0.0
2772,0,0,157,0.0
2773,0,0,151,0.0
2773,0,0,149,0.0
2773,0,0,141,0.0
2773,0,0,157,0.0
2774,0,0,151,0.0
2774,0,0,149,0.0
2774,0,0,141,0.0
2775,0,0,151,0.0
2775,0,0,149,0.0
2775,0,0,141,0.0
2776,0,0,151,0.0
2776,0,0,149,0.0
2776,0,0,141,0.0
2776,0,0,160,0.0
2777,0,0,151,0.0
2777,0,0,149,0.0
2777,0,0,141,0.0
2777,0,0,160,0.0
2778,0,0,151,0.0
2778,0,0,149,0.0
2778,0,0,141,0.0
2778,0,0,160,0.0
2779,0,0,151,0.0
2779,0,0,149,0.0
2779,0,0,141,0.0
2779,0,0,160,0.0
2780,0,0,151,0.0
2780,0,0,149,0.0
2780,0,0,141,0.0
2780,0,0,160,0.0
2781,0,0,151,0.0
2781,0,0,149,0.0
2781,0,0,141,0.0
2781,0,0,160,0.0
2782,0,0,151,0.0
2782,0,0,149,0.0
2782,0,0,141,0.0
2782,0,0,160,0.0
2783,0,0,151,0.0
2783,0,0,149,0.0
2783,0,0,141,0.0
2783,0,0,160,0.0
2784,0,0,151,0.0
2784,0,0,149,0.0
2784,0,0,141,0.0
2784,0,0,160,0.0
2785,0,0,151,0.0
2785,0,0,149,0.0
2785,0,0,141,0.0
2785,0,0,160,0.0
2786,0,0,151,0.0
2786,0,0,149,0.0
2786,0,0,141,0.0
2786,0,0,160,0.0
2787,0,0,151,0.0
2787,0,0,149,0.0
2787,0,0,141,0.0
2787,0,0,160,0.0
2788,0,0,151,0.0
2788,0,0,149,0.0
2788,0,0,141,0.0
2788,0,0,160,0.0
2789,0,0,151,0.0
2789,0,0,149,0.0
2789,0,0,141,0.0
2789,0,0,160,0.0
2790,0,0,151,0.0
2790,0,0,149,0.0
2790,0,0,141,0.0
2790,0,0,160,0.0
2791,0,0,151,0.0
2791,0,0,149,0.0
2791,0,0,141,0.0
2791,0,0,160,0.0
2792,0,0,151,0.0
2792,0,0,149,0.0
2792,0,0,141,0.0
2792,0,0,160,0.0
2793,0,0,151,0.0
2793,0,0,149,0.0
2793,0,0,141,0.0
2794,0,0,151,0.0
2794,0,0,149,0.0
2794,0,0,141,0.0
2794,0,0,161,0.0
2795,0,0,151,0.0
2795,0,0,149,0.0
2795,0,0,141,0.0
2795,0,0,161,0.0
2796,0,0,151,0.0
2796,0,0,149,0.0
2796,0,0,141,0.0
2796,0,0,161,0.0
2797,0,0,151,0.0
2797,0,0,149,0.0
2797,0,0,141,0.0
2797,0,0,161,0.0
2798,0,0,151,0.0
2798,0,0,149,0.0
2798,0,0,141,0.0
2798,0,0,161,0.0
2799,0,0,151,0.0
2799,0,0,141,0.0
2799,0,0,161,0.0
2800,0,0,151,0.0
2800,0,0,141,0.0
2800,0,0,161,0.0
2801,0,0,151,0.0
2801,0,0,141,0.0
2801,0,0,161,0.0
2802,0,0,151,0.0
2802,0,0,141,0.0
2802,0,0,161,0.0
2803,0,0,151,0.0
2803,0,0,141,0.0
2803,0,0,161,0.0
2804,0,0,151,0.0
2804,0,0,141,0.0
2804,0,0,161,0.0
2805,0,0,151,0.0
2805,0,0,141,0.0
2805,0,0,161,0.0
2806,0,0,151,0.0
2806,0,0,141,0.0
2806,0,0,161,0.0
2807,0,0,151,0.0
2807,0,0,141,0.0
2807,0,0,161,0.0
2808,0,0,141,0.0
2808,0,0,161,0.0
2809,0,0,141,0.0
2809,0,0,161,0.0
2809,0,0,162,0.0
2809,0,0,163,0.0
2810,0,0,141,0.0
2810,0,0,161,0.0
2810,0,0,162,0.0
2810,0,0,163,0.0
2811,0,0,141,0.0
2811,0,0,161,0.0
2811,0,0,162,0.0
2811,0,0,163,0.0
2811,0,0,160,0.0
2812,0,0,141,0.0
2812,0,0,161,0.0
2812,0,0,162,0.0
2812,0,0,163,0.0
2812,0,0,160,0.0
2813,0,0,141,0.0
2813,0,0,161,0.0
2813,0,0,162,0.0
2813,0,0,163,0.0
2813,0,0,160,0.0
2814,0,0,141,0.0
2814,0,0,161,0.0
2814,0,0,162,0.0
2814,0,0,163,0.0
2814,0,0,160,0.0
2815,0,0,141,0.0
2815,0,0,161,0.0
2815,0,0,162,0.0
2815,0,0,163,0.0
2815,0,0,160,0.0
2816,0,0,141,0.0
2816,0,0,161,0.0
2816,0,0,162,0.0
2816,0,0,163,0.0
2816,0,0,160,0.0
2817,0,0,141,0.0
2817,0,0,161,0.0
2817,0,0,162,0.0
2817,0,0,163,0.0
2817,0,0,160,0.0
2818,0,0,141,0.0
2818,0,0,161,0.0
2818,0,0,162,0.0
2818,0,0,163,0.0
2818,0,0,160,0.0
2819,0,0,141,0.0
2819,0,0,161,0.0
2819,0,0,162,0.0
2819,0,0,163,0.0
2819,0,0,160,0.0
2820,0,0,141,0.0
2820,0,0,161,0.0
2820,0,0,162,0.0
2820,0,0,163,0.0
2820,0,0,160,0.0
2821,0,0,141,0.0
2821,0,0,161,0.0
2821,0,0,162,0.0
2821,0,0,163,0.0
2821,0,0,160,0.0
2822,0,0,141,0.0
2822,0,0,161,0.0
2822,0,0,162,0.0
2822,0,0,163,0.0
2822,0,0,160,0.0
2823,0,0,141,0.0
2823,0,0,161,0.0
2823,0,0,162,0.0
2823,0,0,163,0.0
2823,0,0,160,0.0
2824,0,0,141,0.0
2824,0,0,161,0.0
2824,0,0,162,0.0
2824,0,0,163,0.0
2824,0,0,160,0.0
2825,0,0,141,0.0
2825,0,0,161,0.0
2825,0,0,162,0.0
2825,0,0,163,0.0
2825,0,0,160,0.0
2826,0,0,141,0.0
2826,0,0,161,0.0
2826,0,0,162,0.0
2826,0,0,163,0.0
2826,0,0,160,0.0
2827,0,0,141,0.0
2827,0,0,161,0.0
2827,0,0,162,0.0
2827,0,0,163,0.0
2827,0,0,160,0.0
2828,0,0,141,0.0
2828,0,0,161,0.0
2828,0,0,162,0.0
2828,0,0,163,0.0
2828,0,0,160,0.0
2829,0,0,141,0.0
2829,0,0,161,0.0
2829,0,0,162,0.0
2829,0,0,163,0.0
2830,0,0,141,0.0
2830,0,0,161,0.0
2830,0,0,162,0.0
2830,0,0,163,0.0
2830,0,0,164,0.0
2831,0,0,141,0.0
2831,0,0,161,0.0
2831,0,0,162,0.0
2831,0,0,163,0.0
2831,0,0,164,0.0
2832,0,0,141,0.0
2832,0,0,161,0.0
2832,0,0,162,0.0
2832,0,0,163,0.0
2832,0,0,164,0.0
2833,0,0,141,0.0
2833,0,0,161,0.0
2833,0,0,162,0.0
2833,0,0,163,0.0
2833,0,0,164,0.0
2834,0,0,141,0.0
2834,0,0,161,0.0
2834,0,0,162,0.0
2834,0,0,163,0.0
2834,0,0,164,0.0
2835,0,0,141,0.0
2835,0,0,161,0.0
2835,0,0,162,0.0
2835,0,0,163,0.0
2835,0,0,160,0.0
2836,0,0,141,0.0
2836,0,0,161,0.0
2836,0,0,162,0.0
2836,0,0,163,0.0
2836,0,0,165,0.0
2836,0,0,166,0.0
2836,0,0,160,0.0
2837,0,0,141,0.0
2837,0,0,161,0.0
2837,0,0,162,0.0
2837,0,0,163,0.0
2837,0,0,165,0.0
2837,0,0,166,0.0
2837,0,0,160,0.0
2838,0,0,141,0.0
2838,0,0,161,0.0
2838,0,0,162,0.0
2838,0,0,163,0.0
2838,0,0,165,0.0
2838,0,0,160,0.0
2839,0,0,141,0.0
2839,0,0,161,0.0
2839,0,0,162,0.0
2839,0,0,163,0.0
2839,0,0,165,0.0
2839,0,0,160,0.0
2840,0,0,141,0.0
2840,0,0,161,0.0
2840,0,0,162,0.0
2840,0,0,163,0.0
2840,0,0,165,0.0
2840,0,0,160,0.0
2840,0,0,166,0.0
2841,0,0,141,0.0
2841,0,0,161,0.0
2841,0,0,162,0.0
2841,0,0,163,0.0
2841,0,0,165,0.0
2841,0,0,160,0.0
2841,0,0,166,0.0
2842,0,0,141,0.0
2842,0,0,161,0.0
2842,0,0,162,0.0
2842,0,0,163,0.0
2842,0,0,165,0.0
2842,0,0,160,0.0
2842,0,0,166,0.0
2843,0,0,141,0.0
2843,0,0,161,0.0
2843,0,0,162,0.0
2843,0,0,163,0.0
2843,0,0,165,0.0
2843,0,0,160,0.0
2843,0,0,166,0.0
2844,0,0,141,0.0
2844,0,0,161,0.0
2844,0,0,162,0.0
2844,0,0,163,0.0
2844,0,0,165,0.0
2844,0,0,160,0.0
2844,0,0,166,0.0
2845,0,0,141,0.0
2845,0,0,161,0.0
2845,0,0,162,0.0
2845,0,0,163,0.0
2845,0,0,165,0.0
2845,0,0,160,0.0
2845,0,0,166,0.0
2846,0,0,141,0.0
2846,0,0,161,0.0
2846,0,0,162,0.0
2846,0,0,163,0.0
2846,0,0,165,0.0
2846,0,0,160,0.0
2846,0,0,166,0.0
2847,0,0,141,0.0
2847,0,0,161,0.0
2847,0,0,162,0.0
2847,0,0,163,0.0
2847,0,0,165,0.0
2847,0,0,160,0.0
2847,0,0,166,0.0
2848,0,0,141,0.0
2848,0,0,161,0.0
2848,0,0,162,0.0
2848,0,0,163,0.0
2848,0,0,165,0.0
2848,0,0,160,0.0
2848,0,0,166,0.0
2848,0,0,167,0.0
2849,0,0,141,0.0
2849,0,0,161,0.0
2849,0,0,162,0.0
2849,0,0,163,0.0
2849,0,0,165,0.0
2849,0,0,160,0.0
2849,0,0,166,0.0
2849,0,0,167,0.0
2850,0,0,141,0.0
2850,0,0,161,0.0
2850,0,0,162,0.0
2850,0,0,163,0.0
2850,0,0,165,0.0
2850,0,0,160,0.0
2850,0,0,166,0.0
2850,0,0,167,0.0
2851,0,0,141,0.0
2851,0,0,161,0.0
2851,0,0,162,0.0
2851,0,0,165,0.0
2851,0,0,160,0.0
2851,0,0,166,0.0
2851,0,0,167,0.0
2852,0,0,141,0.0
2852,0,0,161,0.0
2852,0,0,162,0.0
2852,0,0,165,0.0
2852,0,0,160,0.0
2852,0,0,166,0.0
2852,0,0,167,0.0
2853,0,0,141,0.0
2853,0,0,161,0.0
2853,0,0,162,0.0
2853,0,0,165,0.0
2853,0,0,160,0.0
2853,0,0,166,0.0
2853,0,0,167,0.0
2854,0,0,141,0.0
2854,0,0,161,0.0
2854,0,0,162,0.0
2854,0,0,165,0.0
2854,0,0,160,0.0
2854,0,0,166,0.0
2855,0,0,141,0.0
2855,0,0,161,0.0
2855,0,0,162,0.0
2855,0,0,165,0.0
2855,0,0,160,0.0
2855,0,0,166,0.0
2855,0,0,163,0.0
2856,0,0,141,0.0
2856,0,0,161,0.0
2856,0,0,162,0.0
2856,0,0,165,0.0
2856,0,0,160,0.0
2856,0,0,166,0.0
2856,0,0,163,0.0
2857,0,0,141,0.0
2857,0,0,161,0.0
2857,0,0,162,0.0
2857,0,0,165,0.0
2857,0,0,160,0.0
2857,0,0,166,0.0
2857,0,0,163,0.0
2858,0,0,141,0.0
2858,0,0,161,0.0
2858,0,0,162,0.0
2858,0,0,165,0.0
2858,0,0,160,0.0
2858,0,0,166,0.0
2858,0,0,163,0.0
2859,0,0,141,0.0
2859,0,0,161,0.0
2859,0,0,162,0.0
2859,0,0,165,0.0
2859,0,0,160,0.0
2859,0,0,166,0.0
2859,0,0,163,0.0
2859,0,0,169,0.0
2860,0,0,141,0.0
2860,0,0,161,0.0
2860,0,0,162,0.0
2860,0,0,165,0.0
2860,0,0,160,0.0
2860,0,0,166,0.0
2860,0,0,163,0.0
2860,0,0,169,0.0
2861,0,0,141,0.0
2861,0,0,161,0.0
2861,0,0,162,0.0
2861,0,0,165,0.0
2861,0,0,160,0.0
2861,0,0,166,0.0
2861,0,0,163,0.0
2861,0,0,169,0.0
2862,0,0,141,0.0
2862,0,0,161,0.0
2862,0,0,162,0.0
2862,0,0,165,0.0
2862,0,0,166,0.0
2862,0,0,163,0.0
2862,0,0,169,0.0
2863,0,0,141,0.0
2863,0,0,161,0.0
2863,0,0,162,0.0
2863,0,0,165,0.0
2863,0,0,163,0.0
2863,0,0,169,0.0
2863,0,0,170,0.0
2863,0,0,160,0.0
2864,0,0,141,0.0
2864,0,0,161,0.0
2864,0,0,162,0.0
2864,0,0,165,0.0
2864,0,0,163,0.0
2864,0,0,169,0.0
2864,0,0,170,0.0
2864,0,0,160,0.0
2865,0,0,141,0.0
2865,0,0,161,0.0
2865,0,0,162,0.0
2865,0,0,163,0.0
2865,0,0,169,0.0
2865,0,0,170,0.0
2865,0,0,160,0.0
2866,0,0,141,0.0
2866,0,0,161,0.0
2866,0,0,162,0.0
2866,0,0,163,0.0
2866,0,0,169,0.0
2866,0,0,170,0.0
2866,0,0,160,0.0
2867,0,0,141,0.0
2867,0,0,161,0.0
2867,0,0,162,0.0
2867,0,0,163,0.0
2867,0,0,169,0.0
2867,0,0,170,0.0
2867,0,0,160,0.0
2868,0,0,141,0.0
2868,0,0,161,0.0
2868,0,0,162,0.0
2868,0,0,163,0.0
2868,0,0,169,0.0
2868,0,0,170,0.0
2868,0,0,160,0.0
2869,0,0,141,0.0
2869,0,0,161,0.0
2869,0,0,162,0.0
2869,0,0,163,0.0
2869,0,0,169,0.0
2869,0,0,170,0.0
2869,0,0,160,0.0
2870,0,0,141,0.0
2870,0,0,161,0.0
2870,0,0,163,0.0
2870,0,0,169,0.0
2870,0,0,170,0.0
2870,0,0,160,0.0
2871,0,0,141,0.0
2871,0,0,161,0.0
2871,0,0,163,0.0
2871,0,0,169,0.0
2871,0,0,170,0.0
2871,0,0,160,0.0
2872,0,0,141,0.0
2872,0,0,161,0.0
2872,0,0,163,0.0
2872,0,0,169,0.0
2872,0,0,170,0.0
2872,0,0,160,0.0
2873,0,0,141,0.0
2873,0,0,161,0.0
2873,0,0,163,0.0
2873,0,0,169,0.0
2873,0,0,170,0.0
2873,0,0,160,0.0
2874,0,0,141,0.0
2874,0,0,161,0.0
2874,0,0,163,0.0
2874,0,0,169,0.0
2874,0,0,170,0.0
2874,0,0,160,0.0
2875,0,0,141,0.0
2875,0,0,161,0.0
2875,0,0,163,0.0
2875,0,0,169,0.0
2875,0,0,170,0.0
2875,0,0,160,0.0
2876,0,0,141,0.0
2876,0,0,161,0.0
2876,0,0,163,0.0
2876,0,0,169,0.0
2876,0,0,170,0.0
2876,0,0,160,0.0
2877,0,0,141,0.0
2877,0,0,161,0.0
2877,0,0,163,0.0
2877,0,0,169,0.0
2877,0,0,160,0.0
2878,0,0,141,0.0
2878,0,0,161,0.0
2878,0,0,163,0.0
2878,0,0,169,0.0
2878,0,0,160,0.0
2879,0,0,141,0.0
2879,0,0,161,0.0
2879,0,0,169,0.0
2879,0,0,160,0.0
2880,0,0,141,0.0
2880,0,0,161,0.0
2880,0,0,169,0.0
2880,0,0,160,0.0
2881,0,0,141,0.0
2881,0,0,161,0.0
2881,0,0,160,0.0
2881,0,0,163,0.0
2882,0,0,141,0.0
2882,0,0,161,0.0
2882,0,0,160,0.0
2882,0,0,163,0.0
2883,0,0,141,0.0
2883,0,0,161,0.0
2883,0,0,160,0.0
2883,0,0,163,0.0
2883,0,0,169,0.0
2883,0,0,170,0.0
2884,0,0,141,0.0
2884,0,0,161,0.0
2884,0,0,160,0.0
2884,0,0,163,0.0
2884,0,0,169,0.0
2884,0,0,170,0.0
2885,0,0,141,0.0
2885,0,0,161,0.0
2885,0,0,160,0.0
2885,0,0,163,0.0
2885,0,0,169,0.0
2885,0,0,170,0.0
2886,0,0,141,0.0
2886,0,0,161,0.0
2886,0,0,160,0.0
2886,0,0,163,0.0
2886,0,0,169,0.0
2886,0,0,170,0.0
2887,0,0,141,0.0
2887,0,0,161,0.0
2887,0,0,160,0.0
2887,0,0,169,0.0
2888,0,0,141,0.0
2888,0,0,161,0.0
2888,0,0,160,0.0
2888,0,0,169,0.0
2889,0,0,141,0.0
2889,0,0,161,0.0
2889,0,0,160,0.0
2889,0,0,169,0.0
2890,0,0,141,0.0
2890,0,0,161,0.0
2890,0,0,160,0.0
2890,0,0,169,0.0
2891,0,0,141,0.0
2891,0,0,161,0.0
2891,0,0,160,0.0
2891,0,0,169,0.0
2892,0,0,141,0.0
2892,0,0,161,0.0
2892,0,0,160,0.0
2892,0,0,169,0.0
2893,0,0,141,0.0
2893,0,0,161,0.0
2893,0,0,160,0.0
2893,0,0,169,0.0
2894,0,0,141,0.0
2894,0,0,161,0.0
2894,0,0,160,0.0
2894,0,0,163,0.0
2895,0,0,141,0.0
2895,0,0,161,0.0
2895,0,0,160,0.0
2895,0,0,169,0.0
2896,0,0,141,0.0
2896,0,0,161,0.0
2896,0,0,160,0.0
2896,0,0,171,0.0
2896,0,0,172,0.0
2896,0,0,169,0.0
2897,0,0,141,0.0
2897,0,0,161,0.0
2897,0,0,160,0.0
2897,0,0,171,0.0
2897,0,0,172,0.0
2897,0,0,169,0.0
2898,0,0,141,0.0
2898,0,0,161,0.0
2898,0,0,160,0.0
2898,0,0,171,0.0
2898,0,0,172,0.0
2898,0,0,169,0.0
2899,0,0,141,0.0
2899,0,0,161,0.0
2899,0,0,160,0.0
2899,0,0,171,0.0
2899,0,0,172,0.0
2899,0,0,169,0.0
2900,0,0,141,0.0
2900,0,0,161,0.0
2900,0,0,160,0.0
2900,0,0,171,0.0
2900,0,0,172,0.0
2900,0,0,169,0.0
2901,0,0,141,0.0
2901,0,0,161,0.0
2901,0,0,171,0.0
2901,0,0,172,0.0
2902,0,0,141,0.0
2902,0,0,161,0.0
2902,0,0,171,0.0
2902,0,0,172,0.0
2903,0,0,141,0.0
2903,0,0,161,0.0
2903,0,0,171,0.0
2903,0,0,172,0.0
2904,0,0,141,0.0
2904,0,0,161,0.0
2904,0,0,169,0.0
2905,0,0,141,0.0
2905,0,0,161,0.0
2905,0,0,163,0.0
2906,0,0,141,0.0
2906,0,0,161,0.0
2906,0,0,169,0.0
2907,0,0,141,0.0
2907,0,0,161,0.0
2907,0,0,169,0.0
2908,0,0,141,0.0
2908,0,0,161,0.0
2908,0,0,169,0.0
2909,0,0,141,0.0
2909,0,0,161,0.0
2909,0,0,169,0.0
2910,0,0,141,0.0
2910,0,0,161,0.0
2910,0,0,169,0.0
2911,0,0,141,0.0
2911,0,0,161,0.0
2911,0,0,169,0.0
2911,0,0,160,0.0
2911,0,0,168,0.0
2912,0,0,141,0.0
2912,0,0,161,0.0
2912,0,0,169,0.0
2912,0,0,174,0.0
2912,0,0,160,0.0
2912,0,0,168,0.0
2913,0,0,141,0.0
2913,0,0,161,0.0
2913,0,0,169,0.0
2913,0,0,174,0.0
2913,0,0,160,0.0
2913,0,0,168,0.0
2914,0,0,141,0.0
2914,0,0,161,0.0
2914,0,0,169,0.0
2914,0,0,174,0.0
2914,0,0,160,0.0
2914,0,0,168,0.0
2915,0,0,141,0.0
2915,0,0,161,0.0
2915,0,0,169,0.0
2915,0,0,174,0.0
2915,0,0,160,0.0
2915,0,0,168,0.0
2916,0,0,141,0.0
2916,0,0,161,0.0
2916,0,0,169,0.0
2916,0,0,174,0.0
2916,0,0,160,0.0
2916,0,0,168,0.0
2917,0,0,141,0.0
2917,0,0,161,0.0
2917,0,0,169,0.0
2917,0,0,174,0.0
2917,0,0,160,0.0
2917,0,0,168,0.0
2918,0,0,141,0.0
2918,0,0,161,0.0
2918,0,0,169,0.0
2918,0,0,174,0.0
2918,0,0,160,0.0
2918,0,0,168,0.0
2919,0,0,141,0.0
2919,0,0,161,0.0
2919,0,0,169,0.0
2919,0,0,174,0.0
2919,0,0,160,0.0
2919,0,0,168,0.0
2920,0,0,141,0.0
2920,0,0,161,0.0
2920,0,0,169,0.0
2920,0,0,174,0.0
2920,0,0,160,0.0
2920,0,0,168,0.0
2921,0,0,141,0.0
2921,0,0,161,0.0
2921,0,0,169,0.0
2921,0,0,174,0.0
2921,0,0,160,0.0
2921,0,0,168,0.0
2922,0,0,141,0.0
2922,0,0,161,0.0
2922,0,0,169,0.0
2922,0,0,174,0.0
2922,0,0,160,0.0
2922,0,0,168,0.0
2923,0,0,141,0.0
2923,0,0,161,0.0
2923,0,0,169,0.0
2923,0,0,174,0.0
2923,0,0,160,0.0
2923,0,0,168,0.0
2924,0,0,141,0.0
2924,0,0,161,0.0
2924,0,0,174,0.0
2924,0,0,160,0.0
2924,0,0,168,0.0
2924,0,0,163,0.0
2925,0,0,141,0.0
2925,0,0,161,0.0
2925,0,0,174,0.0
2925,0,0,160,0.0
2925,0,0,168,0.0
2925,0,0,175,0.0
2925,0,0,163,0.0
2926,0,0,141,0.0
2926,0,0,161,0.0
2926,0,0,174,0.0
2926,0,0,160,0.0
2926,0,0,168,0.0
2926,0,0,175,0.0
2926,0,0,163,0.0
2927,0,0,141,0.0
2927,0,0,161,0.0
2927,0,0,174,0.0
2927,0,0,160,0.0
2927,0,0,168,0.0
2927,0,0,175,0.0
2927,0,0,163,0.0
2928,0,0,141,0.0
2928,0,0,161,0.0
2928,0,0,174,0.0
2928,0,0,160,0.0
2928,0,0,168,0.0
2928,0,0,175,0.0
2928,0,0,163,0.0
2929,0,0,141,0.0
2929,0,0,161,0.0
2929,0,0,174,0.0
2929,0,0,160,0.0
2929,0,0,168,0.0
2929,0,0,175,0.0
2929,0,0,163,0.0
2930,0,0,141,0.0
2930,0,0,161,0.0
2930,0,0,174,0.0
2930,0,0,160,0.0
2930,0,0,168,0.0
2930,0,0,175,0.0
2930,0,0,163,0.0
2931,0,0,141,0.0
2931,0,0,174,0.0
2931,0,0,168,0.0
2932,0,0,141,0.0
2932,0,0,174,0.0
2932,0,0,168,0.0
2932,0,0,176,0.0
2932,0,0,177,0.0
2933,0,0,141,0.0
2933,0,0,174,0.0
2933,0,0,168,0.0
2933,0,0,176,0.0
2933,0,0,177,0.0
2934,0,0,141,0.0
2934,0,0,174,0.0
2934,0,0,168,0.0
2934,0,0,176,0.0
2934,0,0,177,0.0
2935,0,0,141,0.0
2935,0,0,174,0.0
2935,0,0,168,0.0
2935,0,0,176,0.0
2935,0,0,177,0.0
2936,0,0,141,0.0
2936,0,0,174,0.0
2936,0,0,168,0.0
2936,0,0,176,0.0
2936,0,0,177,0.0
2937,0,0,141,0.0
2937,0,0,174,0.0
2937,0,0,168,0.0
2937,0,0,176,0.0
2937,0,0,177,0.0
2937,0,0,161,0.0
2937,0,0,160,0.0
2937,0,0,163,0.0
2938,0,0,141,0.0
2938,0,0,174,0.0
2938,0,0,168,0.0
2938,0,0,176,0.0
2938,0,0,177,0.0
2938,0,0,161,0.0
2938,0,0,160,0.0
2939,0,0,141,0.0
2939,0,0,174,0.0
2939,0,0,168,0.0
2939,0,0,176,0.0
2939,0,0,177,0.0
2939,0,0,161,0.0
2939,0,0,160,0.0
2939,0,0,178,0.0
2940,0,0,174,0.0
2940,0,0,168,0.0
2940,0,0,161,0.0
2940,0,0,160,0.0
2940,0,0,178,0.0
2941,0,0,174,0.0
2941,0,0,168,0.0
2941,0,0,161,0.0
2941,0,0,160,0.0
2941,0,0,178,0.0
2941,0,0,179,0.0
2942,0,0,174,0.0
2942,0,0,168,0.0
2942,0,0,161,0.0
2942,0,0,160,0.0
2942,0,0,178,0.0
2942,0,0,179,0.0
2943,0,0,174,0.0
2943,0,0,168,0.0
2943,0,0,161,0.0
2943,0,0,160,0.0
2943,0,0,178,0.0
2943,0,0,179,0.0
2944,0,0,174,0.0
2944,0,0,168,0.0
2944,0,0,161,0.0
2944,0,0,160,0.0
2944,0,0,178,0.0
2944,0,0,179,0.0
2945,0,0,174,0.0
2945,0,0,168,0.0
2945,0,0,161,0.0
2945,0,0,160,0.0
2945,0,0,178,0.0
2945,0,0,179,0.0
2946,0,0,174,0.0
2946,0,0,168,0.0
2946,0,0,160,0.0
2946,0,0,178,0.0
2946,0,0,179,0.0
2947,0,0,174,0.0
2947,0,0,168,0.0
2947,0,0,160,0.0
2947,0,0,178,0.0
2947,0,0,179,0.0
2947,0,0,161,0.0
2948,0,0,168,0.0
2948,0,0,160,0.0
2948,0,0,178,0.0
2948,0,0,179,0.0
2948,0,0,161,0.0
2948,0,0,141,0.0
2949,0,0,168,0.0
2949,0,0,160,0.0
2949,0,0,179,0.0
2949,0,0,161,0.0
2949,0,0,182,0.0
2949,0,0,141,0.0
2950,0,0,168,0.0
2950,0,0,160,0.0
2950,0,0,179,0.0
2950,0,0,161,0.0
2950,0,0,182,0.0
2950,0,0,178,0.0
2951,0,0,168,0.0
2951,0,0,160,0.0
2951,0,0,179,0.0
2951,0,0,161,0.0
2951,0,0,182,0.0
2951,0,0,178,0.0
2952,0,0,168,0.0
2952,0,0,160,0.0
2952,0,0,179,0.0
2952,0,0,161,0.0
2952,0,0,182,0.0
2952,0,0,178,0.0
2952,0,0,141,0.0
2953,0,0,168,0.0
2953,0,0,160,0.0
2953,0,0,179,0.0
2953,0,0,161,0.0
2953,0,0,182,0.0
2953,0,0,178,0.0
2953,0,0,141,0.0
2954,0,0,168,0.0
2954,0,0,160,0.0
2954,0,0,179,0.0
2954,0,0,161,0.0
2954,0,0,182,0.0
2954,0,0,178,0.0
2954,0,0,141,0.0
2955,0,0,168,0.0
2955,0,0,179,0.0
2955,0,0,178,0.0
2956,0,0,168,0.0
2956,0,0,179,0.0
2956,0,0,160,0.0
2956,0,0,141,0.0
2957,0,0,168,0.0
2957,0,0,179,0.0
2957,0,0,160,0.0
2957,0,0,141,0.0
2958,0,0,168,0.0
2958,0,0,179,0.0
2958,0,0,160,0.0
2958,0,0,141,0.0
2959,0,0,168,0.0
2959,0,0,179,0.0
2959,0,0,160,0.0
2959,0,0,141,0.0
2960,0,0,168,0.0
2960,0,0,179,0.0
2960,0,0,160,0.0
2960,0,0,141,0.0
2961,0,0,168,0.0
2961,0,0,179,0.0
2961,0,0,160,0.0
2961,0,0,141,0.0
2962,0,0,168,0.0
2962,0,0,179,0.0
2962,0,0,160,0.0
2962,0,0,141,0.0
2963,0,0,168,0.0
2963,0,0,179,0.0
2963,0,0,160,0.0
2963,0,0,141,0.0
2964,0,0,168,0.0
2964,0,0,141,0.0
2965,0,0,168,0.0
2965,0,0,141,0.0
2966,0,0,168,0.0
2966,0,0,141,0.0
2967,0,0,168,0.0
2967,0,0,141,0.0
2968,0,0,168,0.0
2968,0,0,141,0.0
2969,0,0,168,0.0
2969,0,0,141,0.0
2970,0,0,168,0.0
2970,0,0,141,0.0
2971,0,0,168,0.0
2971,0,0,141,0.0
2972,0,0,168,0.0
2972,0,0,141,0.0
2973,0,0,168,0.0
2973,0,0,141,0.0
2973,0,0,160,0.0
2974,0,0,168,0.0
2974,0,0,141,0.0
2975,0,0,168,0.0
2975,0,0,141,0.0
2976,0,0,168,0.0
2976,0,0,141,0.0
2977,0,0,168,0.0
2977,0,0,141,0.0
2978,0,0,168,0.0
2978,0,0,141,0.0
2979,0,0,168,0.0
2979,0,0,141,0.0
2980,0,0,168,0.0
2980,0,0,141,0.0
2981,0,0,168,0.0
2981,0,0,141,0.0
2982,0,0,168,0.0
2982,0,0,141,0.0
2982,0,0,161,0.0
2982,0,0,160,0.0
2983,0,0,168,0.0
2983,0,0,141,0.0
2983,0,0,183,0.0
2983,0,0,184,0.0
2983,0,0,161,0.0
2983,0,0,160,0.0
2984,0,0,168,0.0
2984,0,0,141,0.0
2984,0,0,183,0.0
2984,0,0,184,0.0
2984,0,0,161,0.0
2984,0,0,160,0.0
2985,0,0,168,0.0
2985,0,0,141,0.0
2985,0,0,183,0.0
2985,0,0,184,0.0
2985,0,0,161,0.0
2985,0,0,160,0.0
2986,0,0,168,0.0
2986,0,0,141,0.0
2986,0,0,183,0.0
2986,0,0,184,0.0
2986,0,0,161,0.0
2986,0,0,160,0.0
2987,0,0,168,0.0
2987,0,0,141,0.0
2987,0,0,183,0.0
2987,0,0,184,0.0
2987,0,0,161,0.0
2988,0,0,168,0.0
2988,0,0,141,0.0
2988,0,0,183,0.0
2988,0,0,184,0.0
2988,0,0,161,0.0
2988,0,0,160,0.0
2989,0,0,168,0.0
2989,0,0,141,0.0
2989,0,0,183,0.0
2989,0,0,184,0.0
2989,0,0,161,0.0
2989,0,0,160,0.0
2990,0,0,168,0.0
2990,0,0,141,0.0
2990,0,0,183,0.0
2990,0,0,184,0.0
2990,0,0,161,0.0
2991,0,0,168,0.0
2991,0,0,141,0.0
2991,0,0,183,0.0
2991,0,0,184,0.0
2991,0,0,161,0.0
2992,0,0,168,0.0
2992,0,0,141,0.0
2992,0,0,183,0.0
2992,0,0,184,0.0
2992,0,0,161,0.0
2993,0,0,168,0.0
2993,0,0,141,0.0
2993,0,0,183,0.0
2993,0,0,184,0.0
2993,0,0,161,0.0
2994,0,0,168,0.0
2994,0,0,141,0.0
2994,0,0,183,0.0
2994,0,0,184,0.0
2994,0,0,161,0.0
2995,0,0,168,0.0
2995,0,0,141,0.0
2995,0,0,183,0.0
2995,0,0,184,0.0
2995,0,0,161,0.0
2996,0,0,168,0.0
2996,0,0,141,0.0
2996,0,0,183,0.0
2996,0,0,184,0.0
2996,0,0,161,0.0
2997,0,0,168,0.0
2997,0,0,141,0.0
2997,0,0,183,0.0
2997,0,0,184,0.0
2997,0,0,161,0.0
2998,0,0,168,0.0
2998,0,0,141,0.0
2998,0,0,183,0.0
2998,0,0,184,0.0
2998,0,0,161,0.0
2999,0,0,168,0.0
2999,0,0,141,0.0
2999,0,0,183,0.0
2999,0,0,184,0.0
2999,0,0,161,0.0
3000,0,0,168,0.0
3000,0,0,141,0.0
3000,0,0,183,0.0
3000,0,0,184,0.0
3000,0,0,161,0.0
3001,0,0,168,0.0
3001,0,0,141,0.0
3001,0,0,183,0.0
3001,0,0,184,0.0
3001,0,0,161,0.0
3002,0,0,168,0.0
3002,0,0,141,0.0
3002,0,0,183,0.0
3002,0,0,184,0.0
3002,0,0,161,0.0
3003,0,0,168,0.0
3003,0,0,141,0.0
3003,0,0,183,0.0
3003,0,0,184,0.0
3003,0,0,161,0.0
3004,0,0,168,0.0
3004,0,0,141,0.0
3004,0,0,183,0.0
3004,0,0,184,0.0
3004,0,0,161,0.0
3005,0,0,168,0.0
3005,0,0,141,0.0
3005,0,0,183,0.0
3005,0,0,184,0.0
3005,0,0,161,0.0
3006,0,0,168,0.0
3006,0,0,141,0.0
3006,0,0,183,0.0
3006,0,0,184,0.0
3006,0,0,161,0.0
3007,0,0,168,0.0
3007,0,0,141,0.0
3007,0,0,183,0.0
3007,0,0,184,0.0
3007,0,0,161,0.0
3008,0,0,168,0.0
3008,0,0,141,0.0
3008,0,0,183,0.0
3008,0,0,184,0.0
3008,0,0,161,0.0
3009,0,0,168,0.0
3009,0,0,141,0.0
3009,0,0,183,0.0
3009,0,0,184,0.0
3009,0,0,161,0.0
3009,0,0,185,0.0
3010,0,0,168,0.0
3010,0,0,141,0.0
3010,0,0,183,0.0
3010,0,0,184,0.0
3010,0,0,185,0.0
3011,0,0,168,0.0
3011,0,0,141,0.0
3011,0,0,183,0.0
3011,0,0,184,0.0
3011,0,0,185,0.0
3012,0,0,168,0.0
3012,0,0,141,0.0
3012,0,0,183,0.0
3012,0,0,184,0.0
3012,0,0,185,0.0
3013,0,0,168,0.0
3013,0,0,141,0.0
3013,0,0,183,0.0
3013,0,0,184,0.0
3013,0,0,185,0.0
3014,0,0,168,0.0
3014,0,0,141,0.0
3014,0,0,183,0.0
3014,0,0,184,0.0
3014,0,0,185,0.0
3015,0,0,168,0.0
3015,0,0,141,0.0
3015,0,0,183,0.0
3015,0,0,184,0.0
3016,0,0,168,0.0
3016,0,0,141,0.0
3016,0,0,183,0.0
3016,0,0,184,0.0
3016,0,0,186,0.0
3017,0,0,168,0.0
3017,0,0,141,0.0
3017,0,0,183,0.0
3017,0,0,184,0.0
3017,0,0,186,0.0
3018,0,0,168,0.0
3018,0,0,141,0.0
3018,0,0,183,0.0
3018,0,0,184,0.0
3018,0,0,186,0.0
3019,0,0,168,0.0
3019,0,0,141,0.0
3019,0,0,183,0.0
3019,0,0,184,0.0
3019,0,0,186,0.0
3020,0,0,168,0.0
3020,0,0,141,0.0
3020,0,0,183,0.0
3020,0,0,184,0.0
3020,0,0,186,0.0
3021,0,0,168,0.0
3021,0,0,141,0.0
3021,0,0,183,0.0
3021,0,0,184,0.0
3021,0,0,186,0.0
3022,0,0,168,0.0
3022,0,0,141,0.0
3022,0,0,183,0.0
3022,0,0,184,0.0
3022,0,0,186,0.0
3023,0,0,168,0.0
3023,0,0,141,0.0
3023,0,0,183,0.0
3023,0,0,184,0.0
3023,0,0,186,0.0
3023,0,0,187,0.0
3024,0,0,168,0.0
3024,0,0,141,0.0
3024,0,0,183,0.0
3024,0,0,184,0.0
3024,0,0,186,0.0
3024,0,0,187,0.0
3025,0,0,168,0.0
3025,0,0,141,0.0
3025,0,0,183,0.0
3025,0,0,186,0.0
3026,0,0,168,0.0
3026,0,0,141,0.0
3026,0,0,183,0.0
3026,0,0,186,0.0
3027,0,0,168,0.0
3027,0,0,141,0.0
3027,0,0,183,0.0
3027,0,0,186,0.0
3028,0,0,168,0.0
3028,0,0,183,0.0
3028,0,0,186,0.0
3028,0,0,184,0.0
3028,0,0,187,0.0
3029,0,0,168,0.0
3029,0,0,183,0.0
3029,0,0,186,0.0
3029,0,0,184,0.0
3029,0,0,187,0.0
3030,0,0,168,0.0
3030,0,0,183,0.0
3030,0,0,186,0.0
3030,0,0,184,0.0
3030,0,0,187,0.0
3031,0,0,168,0.0
3031,0,0,183,0.0
3031,0,0,186,0.0
3031,0,0,184,0.0
3031,0,0,187,0.0
3032,0,0,168,0.0
3032,0,0,183,0.0
3032,0,0,186,0.0
3032,0,0,184,0.0
3032,0,0,187,0.0
3033,0,0,168,0.0
3033,0,0,183,0.0
3033,0,0,186,0.0
3033,0,0,184,0.0
3033,0,0,187,0.0
3034,0,0,168,0.0
3034,0,0,183,0.0
3034,0,0,186,0.0
3034,0,0,184,0.0
3034,0,0,187,0.0
3035,0,0,168,0.0
3035,0,0,183,0.0
3035,0,0,186,0.0
3035,0,0,184,0.0
3035,0,0,187,0.0
3036,0,0,168,0.0
3036,0,0,183,0.0
3036,0,0,186,0.0
3036,0,0,184,0.0
3036,0,0,187,0.0
3037,0,0,168,0.0
3037,0,0,183,0.0
3037,0,0,186,0.0
3037,0,0,184,0.0
3037,0,0,187,0.0
3038,0,0,168,0.0
3038,0,0,183,0.0
3038,0,0,186,0.0
3038,0,0,184,0.0
3038,0,0,187,0.0
3039,0,0,168,0.0
3039,0,0,183,0.0
3039,0,0,186,0.0
3039,0,0,184,0.0
3039,0,0,187,0.0
3040,0,0,168,0.0
3040,0,0,183,0.0
3040,0,0,186,0.0
3040,0,0,184,0.0
3040,0,0,187,0.0
3041,0,0,168,0.0
3041,0,0,183,0.0
3041,0,0,186,0.0
3041,0,0,184,0.0
3041,0,0,187,0.0
3042,0,0,168,0.0
3042,0,0,183,0.0
3042,0,0,186,0.0
3042,0,0,187,0.0
3043,0,0,168,0.0
3043,0,0,183,0.0
3043,0,0,186,0.0
3043,0,0,187,0.0
3043,0,0,191,0.0
3043,0,0,192,0.0
3043,0,0,193,0.0
3044,0,0,168,0.0
3044,0,0,183,0.0
3044,0,0,186,0.0
3044,0,0,187,0.0
3044,0,0,191,0.0
3044,0,0,192,0.0
3044,0,0,193,0.0
3045,0,0,168,0.0
3045,0,0,183,0.0
3045,0,0,186,0.0
3045,0,0,187,0.0
3045,0,0,191,0.0
3045,0,0,192,0.0
3045,0,0,193,0.0
3046,0,0,168,0.0
3046,0,0,183,0.0
3046,0,0,186,0.0
3046,0,0,191,0.0
3046,0,0,192,0.0
3046,0,0,193,0.0
3047,0,0,168,0.0
3047,0,0,183,0.0
3047,0,0,186,0.0
3047,0,0,191,0.0
3047,0,0,192,0.0
3047,0,0,193,0.0
3048,0,0,168,0.0
3048,0,0,183,0.0
3048,0,0,186,0.0
3048,0,0,191,0.0
3048,0,0,192,0.0
3048,0,0,193,0.0
3049,0,0,168,0.0
3049,0,0,183,0.0
3049,0,0,186,0.0
3049,0,0,191,0.0
3049,0,0,193,0.0
3050,0,0,168,0.0
3050,0,0,183,0.0
3050,0,0,186,0.0
3050,0,0,191,0.0
3050,0,0,193,0.0
3051,0,0,168,0.0
3051,0,0,183,0.0
3051,0,0,191,0.0
3051,0,0,184,0.0
3052,0,0,168,0.0
3052,0,0,183,0.0
3052,0,0,191,0.0
3052,0,0,195,0.0
3052,0,0,184,0.0
3052,0,0,186,0.0
3053,0,0,168,0.0
3053,0,0,183,0.0
3053,0,0,191,0.0
3053,0,0,195,0.0
3053,0,0,184,0.0
3053,0,0,186,0.0
3054,0,0,168,0.0
3054,0,0,183,0.0
3054,0,0,191,0.0
3054,0,0,195,0.0
3054,0,0,184,0.0
3054,0,0,186,0.0
3055,0,0,168,0.0
3055,0,0,183,0.0
3055,0,0,191,0.0
3055,0,0,195,0.0
3055,0,0,184,0.0
3055,0,0,186,0.0
3056,0,0,168,0.0
3056,0,0,183,0.0
3056,0,0,191,0.0
3056,0,0,195,0.0
3056,0,0,184,0.0
3056,0,0,186,0.0
3057,0,0,168,0.0
3057,0,0,183,0.0
3057,0,0,191,0.0
3057,0,0,195,0.0
3057,0,0,184,0.0
3057,0,0,186,0.0
3058,0,0,168,0.0
3058,0,0,183,0.0
3058,0,0,191,0.0
3058,0,0,195,0.0
3058,0,0,184,0.0
3058,0,0,186,0.0
3059,0,0,168,0.0
3059,0,0,183,0.0
3059,0,0,191,0.0
3059,0,0,184,0.0
3060,0,0,168,0.0
3060,0,0,183,0.0
3060,0,0,191,0.0
3060,0,0,184,0.0
3060,0,0,197,0.0
3061,0,0,168,0.0
3061,0,0,183,0.0
3061,0,0,191,0.0
3061,0,0,184,0.0
3061,0,0,197,0.0
3062,0,0,168,0.0
3062,0,0,183,0.0
3062,0,0,191,0.0
3062,0,0,184,0.0
3062,0,0,197,0.0
3063,0,0,168,0.0
3063,0,0,183,0.0
3063,0,0,191,0.0
3063,0,0,184,0.0
3063,0,0,197,0.0
3064,0,0,168,0.0
3064,0,0,183,0.0
3064,0,0,191,0.0
3064,0,0,184,0.0
3064,0,0,197,0.0
3064,0,0,187,0.0
3065,0,0,168,0.0
3065,0,0,183,0.0
3065,0,0,191,0.0
3065,0,0,184,0.0
3065,0,0,197,0.0
3065,0,0,187,0.0
3066,0,0,168,0.0
3066,0,0,183,0.0
3066,0,0,191,0.0
3066,0,0,184,0.0
3066,0,0,197,0.0
3066,0,0,187,0.0
3067,0,0,168,0.0
3067,0,0,183,0.0
3067,0,0,191,0.0
3067,0,0,184,0.0
3067,0,0,187,0.0
3067,0,0,186,0.0
3068,0,0,168,0.0
3068,0,0,183,0.0
3068,0,0,191,0.0
3068,0,0,184,0.0
3068,0,0,187,0.0
3068,0,0,186,0.0
3069,0,0,168,0.0
3069,0,0,183,0.0
3069,0,0,187,0.0
3069,0,0,186,0.0
3070,0,0,168,0.0
3070,0,0,183,0.0
3070,0,0,187,0.0
3070,0,0,186,0.0
3070,0,0,198,0.0
3071,0,0,168,0.0
3071,0,0,183,0.0
3071,0,0,187,0.0
3071,0,0,186,0.0
3071,0,0,198,0.0
3072,0,0,168,0.0
3072,0,0,183,0.0
3072,0,0,187,0.0
3072,0,0,186,0.0
3072,0,0,198,0.0
3073,0,0,168,0.0
3073,0,0,183,0.0
3073,0,0,187,0.0
3073,0,0,186,0.0
3073,0,0,198,0.0
3074,0,0,168,0.0
3074,0,0,183,0.0
3074,0,0,187,0.0
3074,0,0,186,0.0
3074,0,0,198,0.0
3075,0,0,168,0.0
3075,0,0,183,0.0
3075,0,0,187,0.0
3075,0,0,186,0.0
3075,0,0,198,0.0
3076,0,0,168,0.0
3076,0,0,183,0.0
3076,0,0,187,0.0
3076,0,0,186,0.0
3076,0,0,198,0.0
3077,0,0,168,0.0
3077,0,0,183,0.0
3078,0,0,168,0.0
3078,0,0,183,0.0
3078,0,0,200,0.0
3078,0,0,201,0.0
3078,0,0,202,0.0
3078,0,0,203,0.0
3079,0,0,168,0.0
3079,0,0,183,0.0
3079,0,0,200,0.0
3079,0,0,201,0.0
3079,0,0,202,0.0
3079,0,0,203,0.0
3080,0,0,168,0.0
3080,0,0,183,0.0
3080,0,0,200,0.0
3080,0,0,201,0.0
3080,0,0,202,0.0
3080,0,0,203,0.0
3081,0,0,168,0.0
3081,0,0,183,0.0
3081,0,0,200,0.0
3081,0,0,201,0.0
3081,0,0,202,0.0
3081,0,0,203,0.0
3082,0,0,168,0.0
3082,0,0,183,0.0
3082,0,0,200,0.0
3082,0,0,202,0.0
3082,0,0,187,0.0
3083,0,0,168,0.0
3083,0,0,183,0.0
3083,0,0,202,0.0
3083,0,0,187,0.0
3083,0,0,186,0.0
3084,0,0,168,0.0
3084,0,0,183,0.0
3084,0,0,202,0.0
3084,0,0,187,0.0
3084,0,0,186,0.0
3084,0,0,198,0.0
3085,0,0,168,0.0
3085,0,0,183,0.0
3085,0,0,202,0.0
3085,0,0,187,0.0
3085,0,0,186,0.0
3085,0,0,198,0.0
3086,0,0,168,0.0
3086,0,0,183,0.0
3086,0,0,202,0.0
3086,0,0,187,0.0
3086,0,0,186,0.0
3086,0,0,198,0.0
3087,0,0,168,0.0
3087,0,0,183,0.0
3087,0,0,202,0.0
3087,0,0,187,0.0
3087,0,0,186,0.0
3087,0,0,198,0.0
3088,0,0,168,0.0
3088,0,0,183,0.0
3088,0,0,202,0.0
3088,0,0,187,0.0
3088,0,0,198,0.0
3088,0,0,200,0.0
3089,0,0,168,0.0
3089,0,0,183,0.0
3089,0,0,202,0.0
3089,0,0,187,0.0
3089,0,0,198,0.0
3089,0,0,200,0.0
3090,0,0,168,0.0
3090,0,0,183,0.0
3090,0,0,202,0.0
3090,0,0,187,0.0
3090,0,0,198,0.0
3090,0,0,200,0.0
3091,0,0,168,0.0
3091,0,0,183,0.0
3091,0,0,202,0.0
3091,0,0,187,0.0
3091,0,0,198,0.0
3091,0,0,200,0.0
3092,0,0,168,0.0
3092,0,0,183,0.0
3092,0,0,202,0.0
3092,0,0,187,0.0
3092,0,0,198,0.0
3092,0,0,200,0.0
3093,0,0,168,0.0
3093,0,0,183,0.0
3093,0,0,202,0.0
3093,0,0,187,0.0
3093,0,0,198,0.0
3093,0,0,200,0.0
3094,0,0,168,0.0
3094,0,0,183,0.0
3094,0,0,202,0.0
3094,0,0,187,0.0
3094,0,0,198,0.0
3094,0,0,200,0.0
3095,0,0,168,0.0
3095,0,0,183,0.0
3095,0,0,202,0.0
3095,0,0,187,0.0
3095,0,0,200,0.0
3096,0,0,168,0.0
3096,0,0,183,0.0
3096,0,0,202,0.0
3096,0,0,187,0.0
3096,0,0,200,0.0
3097,0,0,168,0.0
3097,0,0,183,0.0
3097,0,0,202,0.0
3097,0,0,187,0.0
3097,0,0,200,0.0
3098,0,0,168,0.0
3098,0,0,183,0.0
3098,0,0,202,0.0
3098,0,0,187,0.0
3098,0,0,200,0.0
3099,0,0,168,0.0
3099,0,0,183,0.0
3099,0,0,202,0.0
3099,0,0,187,0.0
3099,0,0,200,0.0
3100,0,0,168,0.0
3100,0,0,183,0.0
3100,0,0,202,0.0
3100,0,0,187,0.0
3100,0,0,200,0.0
3100,0,0,203,0.0
3101,0,0,168,0.0
3101,0,0,183,0.0
3101,0,0,202,0.0
3101,0,0,187,0.0
3101,0,0,200,0.0
3101,0,0,203,0.0
3101,0,0,186,0.0
3102,0,0,168,0.0
3102,0,0,183,0.0
3102,0,0,202,0.0
3102,0,0,187,0.0
3102,0,0,200,0.0
3102,0,0,203,0.0
3102,0,0,186,0.0
3103,0,0,168,0.0
3103,0,0,183,0.0
3103,0,0,202,0.0
3103,0,0,187,0.0
3103,0,0,200,0.0
3103,0,0,203,0.0
3103,0,0,186,0.0
3104,0,0,168,0.0
3104,0,0,183,0.0
3104,0,0,202,0.0
3104,0,0,187,0.0
3104,0,0,200,0.0
3104,0,0,203,0.0
3104,0,0,186,0.0
3104,0,0,205,0.0
3105,0,0,168,0.0
3105,0,0,183,0.0
3105,0,0,202,0.0
3105,0,0,187,0.0
3105,0,0,200,0.0
3105,0,0,203,0.0
3105,0,0,186,0.0
3105,0,0,205,0.0
3105,0,0,206,0.0
3106,0,0,168,0.0
3106,0,0,183,0.0
3106,0,0,202,0.0
3106,0,0,187,0.0
3106,0,0,200,0.0
3106,0,0,203,0.0
3106,0,0,186,0.0
3106,0,0,205,0.0
3106,0,0,206,0.0
3107,0,0,168,0.0
3107,0,0,183,0.0
3107,0,0,202,0.0
3107,0,0,187,0.0
3107,0,0,200,0.0
3107,0,0,203,0.0
3107,0,0,205,0.0
3107,0,0,206,0.0
3108,0,0,168,0.0
3108,0,0,183,0.0
3108,0,0,202,0.0
3108,0,0,187,0.0
3108,0,0,200,0.0
3108,0,0,203,0.0
3108,0,0,206,0.0
3109,0,0,168,0.0
3109,0,0,183,0.0
3109,0,0,202,0.0
3109,0,0,187,0.0
3109,0,0,200,0.0
3109,0,0,203,0.0
3109,0,0,206,0.0
3109,0,0,186,0.0
3110,0,0,168,0.0
3110,0,0,183,0.0
3110,0,0,202,0.0
3110,0,0,200,0.0
3110,0,0,203,0.0
3110,0,0,206,0.0
3110,0,0,186,0.0
3111,0,0,168,0.0
3111,0,0,183,0.0
3111,0,0,202,0.0
3111,0,0,200,0.0
3111,0,0,203,0.0
3111,0,0,206,0.0
3111,0,0,186,0.0
3111,0,0,207,0.0
3112,0,0,168,0.0
3112,0,0,183,0.0
3112,0,0,202,0.0
3112,0,0,200,0.0
3112,0,0,203,0.0
3112,0,0,206,0.0
3112,0,0,186,0.0
3112,0,0,207,0.0
3113,0,0,168,0.0
3113,0,0,183,0.0
3113,0,0,202,0.0
3113,0,0,200,0.0
3113,0,0,203,0.0
3113,0,0,206,0.0
3113,0,0,186,0.0
3113,0,0,207,0.0
3114,0,0,168,0.0
3114,0,0,183,0.0
3114,0,0,202,0.0
3114,0,0,200,0.0
3114,0,0,203,0.0
3114,0,0,206,0.0
3114,0,0,186,0.0
3114,0,0,207,0.0
3115,0,0,168,0.0
3115,0,0,183,0.0
3115,0,0,202,0.0
3115,0,0,200,0.0
3115,0,0,203,0.0
3115,0,0,206,0.0
3115,0,0,186,0.0
3115,0,0,207,0.0
3116,0,0,168,0.0
3116,0,0,183,0.0
3116,0,0,202,0.0
3116,0,0,200,0.0
3116,0,0,203,0.0
3116,0,0,206,0.0
3116,0,0,186,0.0
3116,0,0,207,0.0
3117,0,0,168,0.0
3117,0,0,183,0.0
3117,0,0,202,0.0
3117,0,0,200,0.0
3117,0,0,203,0.0
3117,0,0,206,0.0
3117,0,0,186,0.0
3117,0,0,207,0.0
3118,0,0,168,0.0
3118,0,0,183,0.0
3118,0,0,202,0.0
3118,0,0,200,0.0
3118,0,0,203,0.0
3118,0,0,206,0.0
3118,0,0,186,0.0
3118,0,0,207,0.0
3119,0,0,168,0.0
3119,0,0,183,0.0
3119,0,0,186,0.0
3119,0,0,207,0.0
3119,0,0,187,0.0
3120,0,0,168,0.0
3120,0,0,183,0.0
3120,0,0,186,0.0
3120,0,0,207,0.0
3120,0,0,208,0.0
3120,0,0,187,0.0
3120,0,0,202,0.0
3121,0,0,168,0.0
3121,0,0,183,0.0
3121,0,0,186,0.0
3121,0,0,207,0.0
3121,0,0,208,0.0
3121,0,0,187,0.0
3121,0,0,202,0.0
3122,0,0,168,0.0
3122,0,0,183,0.0
3122,0,0,186,0.0
3122,0,0,207,0.0
3122,0,0,208,0.0
3122,0,0,187,0.0
3122,0,0,202,0.0
3123,0,0,168,0.0
3123,0,0,183,0.0
3123,0,0,186,0.0
3123,0,0,207,0.0
3123,0,0,208,0.0
3123,0,0,187,0.0
3123,0,0,202,0.0
3124,0,0,168,0.0
3124,0,0,183,0.0
3124,0,0,186,0.0
3124,0,0,207,0.0
3124,0,0,208,0.0
3124,0,0,187,0.0
3124,0,0,202,0.0
3125,0,0,168,0.0
3125,0,0,183,0.0
3125,0,0,186,0.0
3125,0,0,207,0.0
3125,0,0,208,0.0
3125,0,0,187,0.0
3125,0,0,202,0.0
3126,0,0,168,0.0
3126,0,0,183,0.0
3126,0,0,186,0.0
3126,0,0,207,0.0
3126,0,0,208,0.0
3126,0,0,187,0.0
3126,0,0,202,0.0
3127,0,0,168,0.0
3127,0,0,183,0.0
3127,0,0,186,0.0
3127,0,0,207,0.0
3127,0,0,208,0.0
3127,0,0,187,0.0
3127,0,0,202,0.0
3128,0,0,168,0.0
3128,0,0,183,0.0
3128,0,0,186,0.0
3128,0,0,207,0.0
3128,0,0,187,0.0
3129,0,0,168,0.0
3129,0,0,183,0.0
3129,0,0,186,0.0
3129,0,0,207,0.0
3129,0,0,187,0.0
3129,0,0,209,0.0
3130,0,0,168,0.0
3130,0,0,183,0.0
3130,0,0,186,0.0
3130,0,0,207,0.0
3130,0,0,187,0.0
3130,0,0,209,0.0
3131,0,0,168,0.0
3131,0,0,183,0.0
3131,0,0,186,0.0
3131,0,0,207,0.0
3131,0,0,187,0.0
3131,0,0,209,0.0
3132,0,0,168,0.0
3132,0,0,183,0.0
3132,0,0,186,0.0
3132,0,0,207,0.0
3132,0,0,187,0.0
3132,0,0,209,0.0
3133,0,0,168,0.0
3133,0,0,183,0.0
3133,0,0,186,0.0
3133,0,0,207,0.0
3133,0,0,187,0.0
3133,0,0,209,0.0
3134,0,0,168,0.0
3134,0,0,183,0.0
3134,0,0,186,0.0
3134,0,0,207,0.0
3134,0,0,187,0.0
3134,0,0,209,0.0
3135,0,0,168,0.0
3135,0,0,183,0.0
3135,0,0,186,0.0
3135,0,0,207,0.0
3135,0,0,209,0.0
3136,0,0,168,0.0
3136,0,0,183,0.0
3136,0,0,186,0.0
3136,0,0,207,0.0
3136,0,0,209,0.0
3136,0,0,210,0.0
3137,0,0,168,0.0
3137,0,0,183,0.0
3137,0,0,209,0.0
3137,0,0,210,0.0
3137,0,0,202,0.0
3138,0,0,168,0.0
3138,0,0,183,0.0
3138,0,0,209,0.0
3138,0,0,210,0.0
3138,0,0,202,0.0
3139,0,0,168,0.0
3139,0,0,183,0.0
3139,0,0,209,0.0
3139,0,0,210,0.0
3139,0,0,202,0.0
3140,0,0,168,0.0
3140,0,0,183,0.0
3140,0,0,209,0.0
3140,0,0,210,0.0
3140,0,0,202,0.0
3141,0,0,168,0.0
3141,0,0,183,0.0
3141,0,0,209,0.0
3141,0,0,210,0.0
3141,0,0,202,0.0
3142,0,0,168,0.0
3142,0,0,183,0.0
3142,0,0,209,0.0
3142,0,0,210,0.0
3142,0,0,202,0.0
3143,0,0,168,0.0
3143,0,0,183,0.0
3143,0,0,209,0.0
3143,0,0,210,0.0
3143,0,0,202,0.0
3144,0,0,168,0.0
3144,0,0,183,0.0
3144,0,0,209,0.0
3144,0,0,210,0.0
3144,0,0,202,0.0
3145,0,0,168,0.0
3145,0,0,183,0.0
3145,0,0,209,0.0
3145,0,0,210,0.0
3145,0,0,202,0.0
3146,0,0,168,0.0
3146,0,0,183,0.0
3146,0,0,209,0.0
3146,0,0,210,0.0
3146,0,0,202,0.0
3146,0,0,211,0.0
3147,0,0,168,0.0
3147,0,0,183,0.0
3147,0,0,209,0.0
3147,0,0,210,0.0
3147,0,0,202,0.0
3147,0,0,211,0.0
3148,0,0,168,0.0
3148,0,0,183,0.0
3148,0,0,209,0.0
3148,0,0,210,0.0
3148,0,0,202,0.0
3148,0,0,211,0.0
3149,0,0,168,0.0
3149,0,0,183,0.0
3149,0,0,209,0.0
3149,0,0,210,0.0
3149,0,0,202,0.0
3149,0,0,211,0.0
3150,0,0,168,0.0
3150,0,0,183,0.0
3150,0,0,209,0.0
3150,0,0,210,0.0
3150,0,0,202,0.0
3150,0,0,211,0.0
3150,0,0,212,0.0
3151,0,0,168,0.0
3151,0,0,183,0.0
3151,0,0,209,0.0
3151,0,0,210,0.0
3151,0,0,202,0.0
3151,0,0,211,0.0
3151,0,0,212,0.0
3152,0,0,168,0.0
3152,0,0,183,0.0
3152,0,0,209,0.0
3152,0,0,210,0.0
3152,0,0,202,0.0
3152,0,0,211,0.0
3152,0,0,212,0.0
3153,0,0,168,0.0
3153,0,0,183,0.0
3153,0,0,209,0.0
3153,0,0,210,0.0
3153,0,0,202,0.0
3153,0,0,211,0.0
3153,0,0,212,0.0
3154,0,0,168,0.0
3154,0,0,183,0.0
3154,0,0,209,0.0
3154,0,0,210,0.0
3154,0,0,202,0.0
3154,0,0,211,0.0
3154,0,0,212,0.0
3155,0,0,168,0.0
3155,0,0,209,0.0
3155,0,0,210,0.0
3155,0,0,202,0.0
3155,0,0,211,0.0
3155,0,0,212,0.0
3156,0,0,168,0.0
3156,0,0,209,0.0
3156,0,0,210,0.0
3156,0,0,202,0.0
3156,0,0,211,0.0
3156,0,0,212,0.0
3157,0,0,168,0.0
3157,0,0,209,0.0
3157,0,0,210,0.0
3157,0,0,202,0.0
3157,0,0,211,0.0
3157,0,0,212,0.0
3158,0,0,168,0.0
3158,0,0,209,0.0
3158,0,0,210,0.0
3158,0,0,202,0.0
3158,0,0,212,0.0
3158,0,0,183,0.0
3159,0,0,168,0.0
3159,0,0,209,0.0
3159,0,0,210,0.0
3159,0,0,202,0.0
3159,0,0,212,0.0
3159,0,0,183,0.0
3160,0,0,168,0.0
3160,0,0,209,0.0
3160,0,0,210,0.0
3160,0,0,202,0.0
3160,0,0,212,0.0
3160,0,0,183,0.0
3161,0,0,168,0.0
3161,0,0,209,0.0
3161,0,0,210,0.0
3161,0,0,202,0.0
3161,0,0,212,0.0
3161,0,0,183,0.0
3162,0,0,168,0.0
3162,0,0,209,0.0
3162,0,0,210,0.0
3162,0,0,202,0.0
3162,0,0,212,0.0
3162,0,0,183,0.0
3163,0,0,168,0.0
3163,0,0,209,0.0
3163,0,0,210,0.0
3163,0,0,202,0.0
3163,0,0,212,0.0
3163,0,0,183,0.0
3164,0,0,168,0.0
3164,0,0,209,0.0
3164,0,0,210,0.0
3164,0,0,202,0.0
3164,0,0,212,0.0
3164,0,0,183,0.0
3165,0,0,168,0.0
3165,0,0,209,0.0
3165,0,0,210,0.0
3165,0,0,202,0.0
3165,0,0,212,0.0
3166,0,0,168,0.0
3166,0,0,209,0.0
3166,0,0,210,0.0
3166,0,0,202,0.0
3166,0,0,212,0.0
3167,0,0,168,0.0
3167,0,0,209,0.0
3167,0,0,210,0.0
3167,0,0,202,0.0
3167,0,0,212,0.0
3168,0,0,168,0.0
3168,0,0,209,0.0
3168,0,0,210,0.0
3168,0,0,202,0.0
3168,0,0,212,0.0
3169,0,0,168,0.0
3169,0,0,209,0.0
3169,0,0,210,0.0
3169,0,0,202,0.0
3169,0,0,212,0.0
3170,0,0,168,0.0
3170,0,0,209,0.0
3170,0,0,210,0.0
3170,0,0,202,0.0
3170,0,0,212,0.0
3171,0,0,168,0.0
3171,0,0,209,0.0
3171,0,0,210,0.0
3171,0,0,202,0.0
3171,0,0,212,0.0
3172,0,0,168,0.0
3172,0,0,209,0.0
3172,0,0,210,0.0
3172,0,0,212,0.0
3173,0,0,168,0.0
3173,0,0,209,0.0
3173,0,0,210,0.0
3173,0,0,212,0.0
3174,0,0,168,0.0
3174,0,0,209,0.0
3174,0,0,210,0.0
3174,0,0,212,0.0
3175,0,0,168,0.0
3175,0,0,209,0.0
3175,0,0,210,0.0
3175,0,0,212,0.0
3176,0,0,168,0.0
3176,0,0,209,0.0
3176,0,0,210,0.0
3176,0,0,212,0.0
3177,0,0,168,0.0
3177,0,0,209,0.0
3177,0,0,210,0.0
3177,0,0,212,0.0
3178,0,0,168,0.0
3178,0,0,209,0.0
3178,0,0,210,0.0
3178,0,0,212,0.0
3179,0,0,168,0.0
3179,0,0,209,0.0
3179,0,0,210,0.0
3179,0,0,212,0.0
3180,0,0,168,0.0
3180,0,0,209,0.0
3180,0,0,210,0.0
3180,0,0,212,0.0
3181,0,0,168,0.0
3181,0,0,209,0.0
3181,0,0,210,0.0
3181,0,0,212,0.0
3182,0,0,168,0.0
3182,0,0,209,0.0
3182,0,0,210,0.0
3183,0,0,168,0.0
3183,0,0,209,0.0
3183,0,0,210,0.0
3184,0,0,168,0.0
3184,0,0,209,0.0
3184,0,0,210,0.0
3185,0,0,168,0.0
3185,0,0,209,0.0
3185,0,0,210,0.0
3186,0,0,168,0.0
3186,0,0,209,0.0
3186,0,0,210,0.0
3186,0,0,212,0.0
3187,0,0,168,0.0
3187,0,0,209,0.0
3187,0,0,210,0.0
3187,0,0,212,0.0
3188,0,0,168,0.0
3188,0,0,209,0.0
3188,0,0,210,0.0
3188,0,0,212,0.0
3189,0,0,168,0.0
3189,0,0,209,0.0
3189,0,0,210,0.0
3189,0,0,212,0.0
3190,0,0,168,0.0
3190,0,0,209,0.0
3190,0,0,210,0.0
3190,0,0,212,0.0
3191,0,0,168,0.0
3191,0,0,209,0.0
3191,0,0,210,0.0
3191,0,0,212,0.0
3192,0,0,168,0.0
3192,0,0,209,0.0
3192,0,0,210,0.0
3192,0,0,212,0.0
3193,0,0,168,0.0
3193,0,0,209,0.0
3193,0,0,210,0.0
3193,0,0,212,0.0
3194,0,0,168,0.0
3194,0,0,209,0.0
3194,0,0,210,0.0
3194,0,0,212,0.0
3195,0,0,168,0.0
3195,0,0,209,0.0
3195,0,0,210,0.0
3195,0,0,212,0.0
3196,0,0,168,0.0
3196,0,0,209,0.0
3196,0,0,210,0.0
3196,0,0,212,0.0
3197,0,0,168,0.0
3197,0,0,209,0.0
3197,0,0,210,0.0
3197,0,0,212,0.0
3198,0,0,168,0.0
3198,0,0,209,0.0
3198,0,0,210,0.0
3198,0,0,212,0.0
3199,0,0,168,0.0
3199,0,0,209,0.0
3199,0,0,210,0.0
3199,0,0,212,0.0
3200,0,0,168,0.0
3200,0,0,209,0.0
3200,0,0,210,0.0
3200,0,0,212,0.0
3201,0,0,168,0.0
3201,0,0,209,0.0
3201,0,0,210,0.0
3201,0,0,212,0.0
3202,0,0,168,0.0
3202,0,0,209,0.0
3202,0,0,210,0.0
3202,0,0,212,0.0
3203,0,0,168,0.0
3203,0,0,209,0.0
3203,0,0,210,0.0
3203,0,0,212,0.0
3204,0,0,168,0.0
3204,0,0,209,0.0
3204,0,0,210,0.0
3204,0,0,212,0.0
3205,0,0,168,0.0
3205,0,0,209,0.0
3205,0,0,210,0.0
3205,0,0,212,0.0
3206,0,0,168,0.0
3206,0,0,209,0.0
3206,0,0,210,0.0
3206,0,0,212,0.0
3207,0,0,168,0.0
3207,0,0,209,0.0
3207,0,0,210,0.0
3207,0,0,212,0.0
3208,0,0,168,0.0
3208,0,0,209,0.0
3208,0,0,210,0.0
3208,0,0,212,0.0
3208,0,0,214,0.0
3209,0,0,168,0.0
3209,0,0,209,0.0
3209,0,0,210,0.0
3209,0,0,212,0.0
3210,0,0,168,0.0
3210,0,0,209,0.0
3210,0,0,210,0.0
3210,0,0,212,0.0
3211,0,0,168,0.0
3211,0,0,209,0.0
3211,0,0,210,0.0
3211,0,0,212,0.0
3212,0,0,168,0.0
3212,0,0,209,0.0
3212,0,0,210,0.0
3212,0,0,212,0.0
3213,0,0,168,0.0
3213,0,0,209,0.0
3213,0,0,210,0.0
3213,0,0,212,0.0
3214,0,0,168,0.0
3214,0,0,209,0.0
3214,0,0,210,0.0
3214,0,0,212,0.0
3215,0,0,168,0.0
3215,0,0,209,0.0
3215,0,0,210,0.0
3215,0,0,212,0.0
3216,0,0,168,0.0
3216,0,0,209,0.0
3216,0,0,210,0.0
3216,0,0,212,0.0
3217,0,0,168,0.0
3217,0,0,209,0.0
3217,0,0,210,0.0
3217,0,0,212,0.0
3218,0,0,168,0.0
3218,0,0,209,0.0
3218,0,0,210,0.0
3218,0,0,212,0.0
3219,0,0,168,0.0
3219,0,0,209,0.0
3219,0,0,210,0.0
3219,0,0,212,0.0
3220,0,0,168,0.0
3220,0,0,209,0.0
3220,0,0,210,0.0
3220,0,0,212,0.0
3221,0,0,168,0.0
3221,0,0,209,0.0
3221,0,0,210,0.0
3221,0,0,212,0.0
3222,0,0,168,0.0
3222,0,0,209,0.0
3222,0,0,210,0.0
3222,0,0,212,0.0
3223,0,0,168,0.0
3223,0,0,209,0.0
3223,0,0,210,0.0
3224,0,0,168,0.0
3224,0,0,209,0.0
3224,0,0,210,0.0
3225,0,0,168,0.0
3225,0,0,209,0.0
3225,0,0,210,0.0
3226,0,0,168,0.0
3226,0,0,209,0.0
3226,0,0,210,0.0
3227,0,0,168,0.0
3227,0,0,209,0.0
3227,0,0,210,0.0
3227,0,0,214,0.0
3228,0,0,168,0.0
3228,0,0,209,0.0
3228,0,0,210,0.0
3228,0,0,216,0.0
3228,0,0,214,0.0
3229,0,0,168,0.0
3229,0,0,209,0.0
3229,0,0,210,0.0
3229,0,0,216,0.0
3229,0,0,214,0.0
3230,0,0,168,0.0
3230,0,0,209,0.0
3230,0,0,210,0.0
3230,0,0,216,0.0
3230,0,0,214,0.0
3231,0,0,168,0.0
3231,0,0,209,0.0
3231,0,0,210,0.0
3231,0,0,216,0.0
3231,0,0,214,0.0
3232,0,0,168,0.0
3232,0,0,209,0.0
3232,0,0,210,0.0
3232,0,0,216,0.0
3232,0,0,214,0.0
3233,0,0,168,0.0
3233,0,0,209,0.0
3233,0,0,210,0.0
3233,0,0,216,0.0
3233,0,0,214,0.0
3234,0,0,168,0.0
3234,0,0,209,0.0
3234,0,0,210,0.0
3234,0,0,216,0.0
3234,0,0,214,0.0
3234,0,0,212,0.0
3235,0,0,168,0.0
3235,0,0,209,0.0
3235,0,0,210,0.0
3235,0,0,216,0.0
3235,0,0,214,0.0
3235,0,0,217,0.0
3235,0,0,212,0.0
3236,0,0,168,0.0
3236,0,0,209,0.0
3236,0,0,210,0.0
3236,0,0,216,0.0
3236,0,0,214,0.0
3236,0,0,217,0.0
3236,0,0,212,0.0
3237,0,0,168,0.0
3237,0,0,209,0.0
3237,0,0,210,0.0
3237,0,0,216,0.0
3237,0,0,214,0.0
3237,0,0,217,0.0
3237,0,0,212,0.0
3238,0,0,168,0.0
3238,0,0,209,0.0
3238,0,0,210,0.0
3238,0,0,216,0.0
3238,0,0,214,0.0
3238,0,0,217,0.0
3238,0,0,212,0.0
3239,0,0,168,0.0
3239,0,0,209,0.0
3239,0,0,210,0.0
3239,0,0,216,0.0
3239,0,0,214,0.0
3239,0,0,217,0.0
3239,0,0,212,0.0
3240,0,0,168,0.0
3240,0,0,209,0.0
3240,0,0,210,0.0
3240,0,0,216,0.0
3240,0,0,214,0.0
3240,0,0,217,0.0
3240,0,0,212,0.0
3241,0,0,168,0.0
3241,0,0,209,0.0
3241,0,0,210,0.0
3241,0,0,216,0.0
3241,0,0,214,0.0
3241,0,0,217,0.0
3241,0,0,212,0.0
3242,0,0,168,0.0
3242,0,0,209,0.0
3242,0,0,210,0.0
3242,0,0,216,0.0
3242,0,0,214,0.0
3242,0,0,217,0.0
3242,0,0,212,0.0
3243,0,0,168,0.0
3243,0,0,209,0.0
3243,0,0,210,0.0
3243,0,0,216,0.0
3243,0,0,214,0.0
3243,0,0,217,0.0
3243,0,0,212,0.0
3244,0,0,168,0.0
3244,0,0,209,0.0
3244,0,0,210,0.0
3244,0,0,216,0.0
3244,0,0,214,0.0
3244,0,0,217,0.0
3244,0,0,212,0.0
3245,0,0,168,0.0
3245,0,0,209,0.0
3245,0,0,210,0.0
3245,0,0,216,0.0
3245,0,0,214,0.0
3245,0,0,217,0.0
3245,0,0,212,0.0
3246,0,0,168,0.0
3246,0,0,209,0.0
3246,0,0,210,0.0
3246,0,0,216,0.0
3246,0,0,214,0.0
3246,0,0,217,0.0
3246,0,0,212,0.0
3247,0,0,168,0.0
3247,0,0,209,0.0
3247,0,0,210,0.0
3247,0,0,216,0.0
3247,0,0,214,0.0
3247,0,0,217,0.0
3247,0,0,212,0.0
3248,0,0,168,0.0
3248,0,0,209,0.0
3248,0,0,210,0.0
3248,0,0,216,0.0
3248,0,0,214,0.0
3248,0,0,217,0.0
3248,0,0,212,0.0
3249,0,0,168,0.0
3249,0,0,209,0.0
3249,0,0,210,0.0
3249,0,0,216,0.0
3249,0,0,214,0.0
3249,0,0,217,0.0
3249,0,0,212,0.0
3250,0,0,168,0.0
3250,0,0,209,0.0
3250,0,0,210,0.0
3250,0,0,216,0.0
3250,0,0,214,0.0
3250,0,0,217,0.0
3250,0,0,212,0.0
3251,0,0,168,0.0
3251,0,0,209,0.0
3251,0,0,210,0.0
3251,0,0,216,0.0
3251,0,0,214,0.0
3251,0,0,217,0.0
3251,0,0,212,0.0
3251,0,0,219,0.0
3252,0,0,168,0.0
3252,0,0,209,0.0
3252,0,0,210,0.0
3252,0,0,216,0.0
3252,0,0,214,0.0
3252,0,0,217,0.0
3252,0,0,212,0.0
3252,0,0,219,0.0
3253,0,0,168,0.0
3253,0,0,209,0.0
3253,0,0,210,0.0
3253,0,0,216,0.0
3253,0,0,214,0.0
3253,0,0,217,0.0
3253,0,0,212,0.0
3253,0,0,219,0.0
3254,0,0,168,0.0
3254,0,0,209,0.0
3254,0,0,210,0.0
3254,0,0,216,0.0
3254,0,0,214,0.0
3254,0,0,217,0.0
3254,0,0,212,0.0
3254,0,0,219,0.0
3255,0,0,168,0.0
3255,0,0,209,0.0
3255,0,0,210,0.0
3255,0,0,216,0.0
3255,0,0,214,0.0
3255,0,0,217,0.0
3255,0,0,212,0.0
3255,0,0,219,0.0
3256,0,0,168,0.0
3256,0,0,209,0.0
3256,0,0,210,0.0
3256,0,0,216,0.0
3256,0,0,214,0.0
3256,0,0,217,0.0
3256,0,0,212,0.0
3256,0,0,219,0.0
3257,0,0,168,0.0
3257,0,0,209,0.0
3257,0,0,210,0.0
3257,0,0,216,0.0
3257,0,0,214,0.0
3257,0,0,217,0.0
3257,0,0,212,0.0
3257,0,0,219,0.0
3258,0,0,168,0.0
3258,0,0,209,0.0
3258,0,0,210,0.0
3258,0,0,216,0.0
3258,0,0,214,0.0
3258,0,0,217,0.0
3258,0,0,212,0.0
3258,0,0,219,0.0
3259,0,0,168,0.0
3259,0,0,209,0.0
3259,0,0,210,0.0
3259,0,0,216,0.0
3259,0,0,214,0.0
3259,0,0,217,0.0
3259,0,0,212,0.0
3259,0,0,219,0.0
3260,0,0,168,0.3877
3260,0,0,210,0.0
3260,0,0,214,0.0
3260,0,0,217,0.0
3260,0,0,212,0.0
3260,0,0,219,0.0
3261,0,0,168,0.723
3261,0,0,210,0.0
3261,0,0,214,0.0
3261,0,0,217,0.0
3261,0,0,212,0.0
3261,0,0,219,0.0
3262,0,0,168,0.8299
3262,0,0,210,0.0
3262,0,0,214,0.0
3262,0,0,217,0.0
3262,0,0,212,0.0
3262,0,0,219,0.0
3263,0,0,168,0.9003
3263,0,0,210,0.0
3263,0,0,214,0.0
3263,0,0,217,0.0
3263,0,0,212,0.0
3263,0,0,219,0.0
3264,0,0,168,0.9148
3264,0,0,210,0.0
3264,0,0,217,0.0
3264,0,0,212,0.0
3264,0,0,219,0.0003
3264,0,0,221,0.0
3264,0,0,216,0.0
3265,0,0,168,0.9185
3265,0,0,210,0.0
3265,0,0,217,0.0
3265,0,0,212,0.0
3265,0,0,219,0.0018
3265,0,0,221,0.0
3265,0,0,223,0.0
3265,0,0,224,0.0
3265,0,0,216,0.0
3266,0,0,168,0.9127
3266,0,0,210,0.0
3266,0,0,217,0.0
3266,0,0,212,0.0
3266,0,0,219,0.0021
3266,0,0,221,0.0
3266,0,0,223,0.0
3266,0,0,224,0.0
3266,0,0,216,0.0
3267,0,0,168,0.9065
3267,0,0,210,0.0
3267,0,0,217,0.0
3267,0,0,212,0.0
3267,0,0,219,0.0021
3267,0,0,221,0.0
3267,0,0,223,0.0
3267,0,0,224,0.0
3267,0,0,216,0.0
3268,0,0,168,0.4361
3268,0,0,210,0.0
3268,0,0,217,0.0
3268,0,0,212,0.0
3268,0,0,223,0.0
3268,0,0,216,0.0
3269,0,0,168,0.2133
3269,0,0,210,0.0
3269,0,0,217,0.0
3269,0,0,212,0.0
3269,0,0,223,0.0
3269,0,0,216,0.0
3269,0,0,225,0.0
3270,0,0,168,0.1445
3270,0,0,210,0.0
3270,0,0,217,0.0
3270,0,0,212,0.0
3270,0,0,223,0.0
3270,0,0,216,0.0
3270,0,0,225,0.0
3271,0,0,168,0.1228
3271,0,0,210,0.0
3271,0,0,217,0.0
3271,0,0,212,0.0
3271,0,0,223,0.0
3271,0,0,216,0.0
3271,0,0,225,0.0
3272,0,0,168,0.1157
3272,0,0,210,0.0
3272,0,0,217,0.0
3272,0,0,212,0.0
3272,0,0,223,0.0
3272,0,0,216,0.0
3272,0,0,225,0.0
3273,0,0,168,0.1141
3273,0,0,210,0.0
3273,0,0,217,0.0
3273,0,0,212,0.0
3273,0,0,223,0.0
3273,0,0,216,0.0
3273,0,0,225,0.0
3274,0,0,168,0.1144
3274,0,0,210,0.0
3274,0,0,217,0.0
3274,0,0,212,0.0
3274,0,0,223,0.0
3274,0,0,216,0.0
3274,0,0,225,0.0
3275,0,0,168,0.115
3275,0,0,210,0.0
3275,0,0,217,0.0
3275,0,0,212,0.0
3275,0,0,223,0.0
3275,0,0,216,0.0
3275,0,0,225,0.0
3276,0,0,168,0.2956
3276,0,0,210,0.0
3276,0,0,217,0.0
3276,0,0,212,0.0
3276,0,0,223,0.0
3276,0,0,216,0.0
3276,0,0,225,0.0
3276,0,0,221,0.0
3277,0,0,168,0.374
3277,0,0,210,0.0
3277,0,0,217,0.0
3277,0,0,212,0.0
3277,0,0,223,0.0
3277,0,0,216,0.0
3277,0,0,225,0.0
3277,0,0,226,1.0
3277,0,0,221,0.0
3278,0,0,168,0.4023
3278,0,0,210,0.0
3278,0,0,217,0.0
3278,0,0,212,0.0
3278,0,0,223,0.0
3278,0,0,216,0.0
3278,0,0,225,0.0
3278,0,0,226,1.0
3278,0,0,221,0.0
3279,0,0,168,0.4121
3279,0,0,210,0.0
3279,0,0,217,0.0
3279,0,0,212,0.0
3279,0,0,223,0.0
3279,0,0,216,0.0
3279,0,0,225,0.0
3279,0,0,226,1.0
3279,0,0,221,0.0
3280,0,0,168,0.416
3280,0,0,210,0.0
3280,0,0,217,0.0
3280,0,0,212,0.0
3280,0,0,223,0.0
3280,0,0,216,0.0
3280,0,0,226,1.0
3280,0,0,221,0.0
3280,0,0,219,0.0
3281,0,0,168,0.4162
3281,0,0,210,0.0
3281,0,0,217,0.0
3281,0,0,212,0.0
3281,0,0,223,0.0
3281,0,0,216,0.0
3281,0,0,226,1.0
3281,0,0,221,0.0
3281,0,0,219,0.0
3282,0,0,168,0.3302
3282,0,0,210,0.0
3282,0,0,217,0.0
3282,0,0,212,0.0
3282,0,0,223,0.0
3282,0,0,226,1.0
3282,0,0,219,0.0
3283,0,0,168,0.3855
3283,0,0,210,0.0
3283,0,0,217,0.0
3283,0,0,212,0.0
3283,0,0,223,0.0
3283,0,0,226,1.0
3283,0,0,219,0.0
3284,0,0,168,0.4064
3284,0,0,210,0.0
3284,0,0,217,0.0
3284,0,0,212,0.0
3284,0,0,223,0.0
3284,0,0,226,1.0
3284,0,0,219,0.0
3285,0,0,168,1.0
3285,0,0,210,0.0
3285,0,0,212,0.0076
3285,0,0,223,0.1079
3285,0,0,226,1.0
3285,0,0,219,0.0219
3285,0,0,221,0.0
3285,0,0,216,0.0
3286,0,0,168,1.0
3286,0,0,210,0.0
3286,0,0,212,0.0204
3286,0,0,223,0.2383
3286,0,0,226,1.0
3286,0,0,219,0.056
3286,0,0,221,0.0
3286,0,0,216,0.0
3287,0,0,168,1.0
3287,0,0,210,0.0
3287,0,0,212,0.0257
3287,0,0,223,0.2942
3287,0,0,226,1.0
3287,0,0,219,0.0733
3287,0,0,221,0.0
3287,0,0,216,0.0
3288,0,0,168,1.0
3288,0,0,210,0.0
3288,0,0,212,0.029
3288,0,0,223,0.3124
3288,0,0,226,1.0
3288,0,0,219,0.0831
3288,0,0,221,0.0
3288,0,0,216,0.0
3289,0,0,168,1.0
3289,0,0,210,0.0
3289,0,0,212,0.0298
3289,0,0,223,0.3145
3289,0,0,226,1.0
3289,0,0,219,0.0862
3289,0,0,221,0.0
3289,0,0,216,0.0
3290,0,0,168,1.0
3290,0,0,210,0.0
3290,0,0,212,0.0309
3290,0,0,223,0.3116
3290,0,0,226,1.0
3290,0,0,219,0.0887
3290,0,0,221,0.0
3290,0,0,216,0.0
3291,0,0,168,1.0
3291,0,0,210,0.0
3291,0,0,212,0.0302
3291,0,0,223,0.3111
3291,0,0,226,1.0
3291,0,0,219,0.0915
3291,0,0,221,0.0
3291,0,0,216,0.0
3292,0,0,168,1.0
3292,0,0,210,0.0
3292,0,0,212,0.0297
3292,0,0,223,0.3075
3292,0,0,226,1.0
3292,0,0,219,0.0927
3292,0,0,221,0.0
3292,0,0,216,0.0
3293,0,0,168,1.0
3293,0,0,210,0.0
3293,0,0,212,0.0289
3293,0,0,223,0.304
3293,0,0,226,1.0
3293,0,0,219,0.0954
3293,0,0,221,0.0
3293,0,0,216,0.0
3294,0,0,210,0.0
3294,0,0,212,0.1211
3294,0,0,223,0.3097
3294,0,0,221,0.0
3295,0,0,210,0.0
3295,0,0,212,0.1753
3295,0,0,223,0.3105
3295,0,0,221,0.0
3295,0,0,230,0.819
3295,0,0,231,0.8009
3296,0,0,210,0.0
3296,0,0,212,0.1953
3296,0,0,223,0.3103
3296,0,0,221,0.0
3296,0,0,230,0.8201
3296,0,0,231,0.8012
3297,0,0,210,0.0
3297,0,0,212,0.2019
3297,0,0,223,0.3093
3297,0,0,221,0.0
3297,0,0,230,0.8201
3297,0,0,231,0.8014
3298,0,0,210,0.0
3298,0,0,212,0.2052
3298,0,0,223,0.3074
3298,0,0,221,0.0
3298,0,0,230,0.8206
3298,0,0,231,0.8016
3298,0,0,216,0.0
3299,0,0,210,0.0
3299,0,0,212,0.2054
3299,0,0,223,0.3057
3299,0,0,221,0.0
3299,0,0,230,0.8207
3299,0,0,231,0.8017
3299,0,0,216,0.0
3300,0,0,210,0.0
3300,0,0,212,0.1967
3300,0,0,223,0.2943
3300,0,0,221,0.0
3300,0,0,230,0.8261
3301,0,0,210,0.0
3301,0,0,223,0.3287
3301,0,0,221,0.0
3301,0,0,230,0.8219
3301,0,0,219,0.7412
3302,0,0,210,0.0
3302,0,0,223,0.3406
3302,0,0,221,0.0
3302,0,0,230,0.8204
3302,0,0,219,0.7794
3303,0,0,210,0.0
3303,0,0,223,0.3442
3303,0,0,221,0.0
3303,0,0,230,0.8202
3303,0,0,219,0.7912
3304,0,0,210,0.0
3304,0,0,223,0.3429
3304,0,0,221,0.0
3304,0,0,230,0.8187
3304,0,0,219,0.791
3305,0,0,210,0.0
3305,0,0,223,0.3463
3305,0,0,221,0.0
3305,0,0,230,0.8202
3305,0,0,219,0.7893
3306,0,0,210,0.0
3306,0,0,223,0.3474
3306,0,0,221,0.0
3306,0,0,230,0.8213
3306,0,0,219,0.786
3307,0,0,210,0.0
3307,0,0,223,0.3478
3307,0,0,221,0.0
3307,0,0,230,0.8217
3307,0,0,219,0.7832
3308,0,0,210,0.0
3308,0,0,223,0.346
3308,0,0,221,0.0
3308,0,0,230,0.8213
3308,0,0,219,0.7786
3309,0,0,210,0.0
3309,0,0,223,0.3471
3309,0,0,221,0.0
3309,0,0,230,0.8225
3309,0,0,219,0.778
3310,0,0,210,0.0
3310,0,0,223,0.3474
3310,0,0,221,0.0
3310,0,0,230,0.8234
3310,0,0,219,0.7767
3311,0,0,210,0.0
3311,0,0,223,0.3471
3311,0,0,221,0.0
3311,0,0,230,0.8234
3311,0,0,219,0.7753
3312,0,0,210,0.0
3312,0,0,223,0.344
3312,0,0,221,0.0
3312,0,0,230,0.8222
3312,0,0,219,0.7716
3313,0,0,210,0.0
3313,0,0,223,0.3425
3313,0,0,221,0.0
3313,0,0,230,0.8226
3313,0,0,219,0.7693
3314,0,0,210,0.0
3314,0,0,223,0.5477
3314,0,0,221,0.0
3314,0,0,230,0.886
3314,0,0,219,0.5584
3315,0,0,210,0.0
3315,0,0,223,0.6253
3315,0,0,221,0.0
3315,0,0,230,0.9093
3315,0,0,219,0.4862
3315,0,0,232,0.0
3316,0,0,210,0.0
3316,0,0,223,0.652
3316,0,0,221,0.0
3316,0,0,230,0.9156
3316,0,0,219,0.4599
3316,0,0,232,0.0
3317,0,0,210,0.0
3317,0,0,223,0.6605
3317,0,0,221,0.0
3317,0,0,230,0.9181
3317,0,0,219,0.4504
3317,0,0,232,0.0
3318,0,0,210,0.0
3318,0,0,223,0.6613
3318,0,0,221,0.0
3318,0,0,230,1.0
3318,0,0,219,0.5344
3318,0,0,232,0.0
3319,0,0,210,0.0
3319,0,0,223,0.6591
3319,0,0,221,0.0
3319,0,0,230,1.0
3319,0,0,219,0.5693
3319,0,0,232,0.0
3320,0,0,210,0.0
3320,0,0,223,0.6582
3320,0,0,221,0.0
3320,0,0,230,1.0
3320,0,0,219,0.5788
3320,0,0,232,0.0
3321,0,0,210,0.0
3321,0,0,223,0.9416
3321,0,0,221,0.0
3321,0,0,230,1.0
3321,0,0,219,0.8628
3321,0,0,232,0.0
3322,0,0,210,0.0
3322,0,0,223,0.9903
3322,0,0,221,0.0
3322,0,0,230,1.0
3322,0,0,219,0.9347
3322,0,0,232,0.0
3323,0,0,210,0.0
3323,0,0,223,0.9978
3323,0,0,221,0.0
3323,0,0,230,0.9999
3323,0,0,219,0.9556
3323,0,0,232,0.0
3324,0,0,210,0.0
3324,0,0,223,0.9991
3324,0,0,221,0.0
3324,0,0,230,0.9998
3324,0,0,219,0.9626
3324,0,0,232,0.0
3325,0,0,210,0.0
3325,0,0,223,0.9993
3325,0,0,221,0.0
3325,0,0,230,0.9997
3325,0,0,219,0.9647
3325,0,0,232,0.0
3326,0,0,210,0.0
3326,0,0,223,0.9994
3326,0,0,221,0.0
3326,0,0,230,0.9996
3326,0,0,219,0.9653
3326,0,0,232,0.0
3327,0,0,210,0.0
3327,0,0,223,0.9991
3327,0,0,221,0.0
3327,0,0,230,1.0
3327,0,0,219,0.9664
3327,0,0,232,0.0
3328,0,0,210,0.0
3328,0,0,221,0.0
3328,0,0,230,1.0
3328,0,0,219,1.0
3328,0,0,232,0.0
3328,0,0,212,1.0
3329,0,0,210,0.0
3329,0,0,221,0.0
3329,0,0,230,1.0
3329,0,0,219,1.0
3329,0,0,232,0.0
3329,0,0,212,1.0
3330,0,0,210,0.0
3330,0,0,221,0.0
3330,0,0,230,1.0
3330,0,0,219,1.0
3330,0,0,232,0.0
3330,0,0,212,1.0
3331,0,0,210,0.0
3331,0,0,221,0.0
3331,0,0,230,1.0
3331,0,0,219,1.0
3331,0,0,232,0.0
3331,0,0,212,1.0
3332,0,0,210,0.0
3332,0,0,221,0.0
3332,0,0,230,1.0
3332,0,0,219,1.0
3332,0,0,232,0.0
3332,0,0,212,1.0
3333,0,0,210,0.0
3333,0,0,221,0.0
3333,0,0,230,1.0
3333,0,0,219,1.0
3333,0,0,232,0.0
3333,0,0,212,1.0
3334,0,0,210,0.0
3334,0,0,221,0.0
3334,0,0,230,1.0
3334,0,0,219,1.0
3334,0,0,232,0.0
3334,0,0,212,1.0
3335,0,0,210,0.0
3335,0,0,221,0.0
3335,0,0,230,1.0
3335,0,0,219,1.0
3335,0,0,232,0.0
3335,0,0,212,1.0
3336,0,0,210,0.0
3336,0,0,221,0.0
3336,0,0,230,1.0
3336,0,0,219,1.0
3336,0,0,232,0.0
3336,0,0,212,1.0
3337,0,0,210,0.0
3337,0,0,221,0.0
3337,0,0,230,1.0
3337,0,0,219,1.0
3337,0,0,232,0.0
3337,0,0,212,1.0
3338,0,0,210,0.0
3338,0,0,221,0.0
3338,0,0,230,1.0
3338,0,0,219,1.0
3338,0,0,232,0.0
3338,0,0,212,1.0
3338,0,0,235,1.0
3338,0,0,236,1.0
3339,0,0,210,0.0
3339,0,0,221,0.0
3339,0,0,230,1.0
3339,0,0,219,1.0
3339,0,0,232,0.0
3339,0,0,212,1.0
3339,0,0,235,1.0
3339,0,0,236,1.0
3340,0,0,210,0.0
3340,0,0,221,0.0
3340,0,0,230,1.0
3340,0,0,219,1.0
3340,0,0,232,0.0
3340,0,0,212,1.0
3340,0,0,235,1.0
3340,0,0,236,1.0
3341,0,0,210,0.0
3341,0,0,221,0.0
3341,0,0,230,1.0
3341,0,0,219,1.0
3341,0,0,232,0.0
3341,0,0,212,1.0
3341,0,0,235,1.0
3341,0,0,236,1.0
3342,0,0,210,0.0
3342,0,0,221,0.0
3342,0,0,230,1.0
3342,0,0,219,1.0
3342,0,0,212,1.0
3342,0,0,235,1.0
3342,0,0,236,1.0
3343,0,0,210,0.0
3343,0,0,221,0.0
3343,0,0,230,1.0
3343,0,0,219,1.0
3343,0,0,212,1.0
3343,0,0,235,1.0
3343,0,0,236,1.0
3344,0,0,210,0.0
3344,0,0,221,0.0
3344,0,0,230,1.0
3344,0,0,219,1.0
3344,0,0,212,1.0
3344,0,0,235,1.0
3344,0,0,236,1.0
3345,0,0,210,0.0
3345,0,0,221,0.0
3345,0,0,230,1.0
3345,0,0,219,1.0
3345,0,0,212,1.0
3345,0,0,235,1.0
3345,0,0,232,0.0
3346,0,0,210,0.0
3346,0,0,221,0.0
3346,0,0,230,1.0
3346,0,0,219,1.0
3346,0,0,212,1.0
3346,0,0,235,1.0
3346,0,0,232,0.0
3347,0,0,210,0.0
3347,0,0,221,0.0
3347,0,0,230,1.0
3347,0,0,219,1.0
3347,0,0,212,1.0
3347,0,0,235,1.0
3347,0,0,232,0.0
3348,0,0,210,0.0
3348,0,0,221,0.0
3348,0,0,230,1.0
3348,0,0,219,1.0
3348,0,0,212,1.0
3348,0,0,235,1.0
3348,0,0,232,0.0
3349,0,0,210,0.0
3349,0,0,221,0.0
3349,0,0,230,1.0
3349,0,0,219,1.0
3349,0,0,212,1.0
3349,0,0,235,1.0
3349,0,0,232,0.0
3350,0,0,210,0.0
3350,0,0,221,0.0
3350,0,0,230,1.0
3350,0,0,219,1.0
3350,0,0,212,1.0
3350,0,0,235,1.0
3350,0,0,232,0.0
3351,0,0,210,0.0
3351,0,0,221,0.0
3351,0,0,230,1.0
3351,0,0,219,1.0
3351,0,0,212,1.0
3351,0,0,235,1.0
3351,0,0,232,0.0
3352,0,0,210,0.0
3352,0,0,221,0.0
3352,0,0,230,1.0
3352,0,0,219,1.0
3352,0,0,212,1.0
3352,0,0,235,1.0
3352,0,0,232,0.0
3353,0,0,210,0.0
3353,0,0,221,0.0
3353,0,0,230,1.0
3353,0,0,219,1.0
3353,0,0,212,1.0
3353,0,0,235,1.0
3353,0,0,232,0.0
3354,0,0,210,0.0
3354,0,0,221,0.0
3354,0,0,230,1.0
3354,0,0,219,1.0
3354,0,0,212,1.0
3354,0,0,232,0.0
3355,0,0,210,0.0
3355,0,0,221,0.0
3355,0,0,230,1.0
3355,0,0,219,1.0
3355,0,0,212,1.0
3355,0,0,232,0.0
3355,0,0,237,1.0
3356,0,0,210,0.0
3356,0,0,221,0.0
3356,0,0,230,1.0
3356,0,0,219,1.0
3356,0,0,212,1.0
3356,0,0,232,0.0
3356,0,0,237,1.0
3357,0,0,210,0.0
3357,0,0,221,0.0
3357,0,0,230,1.0
3357,0,0,219,1.0
3357,0,0,212,1.0
3357,0,0,232,0.0
3357,0,0,237,1.0
3358,0,0,210,0.0
3358,0,0,221,0.0
3358,0,0,230,1.0
3358,0,0,219,1.0
3358,0,0,212,1.0
3358,0,0,232,0.0
3358,0,0,237,1.0
3359,0,0,210,0.0
3359,0,0,221,0.0
3359,0,0,230,1.0
3359,0,0,219,1.0
3359,0,0,212,1.0
3359,0,0,232,0.0
3359,0,0,237,1.0
3360,0,0,210,0.0
3360,0,0,221,0.0
3360,0,0,230,1.0
3360,0,0,219,1.0
3360,0,0,212,1.0
3360,0,0,232,0.0
3360,0,0,237,1.0
3361,0,0,210,0.0
3361,0,0,221,0.0
3361,0,0,230,1.0
3361,0,0,219,1.0
3361,0,0,212,1.0
3361,0,0,232,0.0
3361,0,0,237,1.0
3362,0,0,210,0.0
3362,0,0,221,0.0
3362,0,0,230,1.0
3362,0,0,219,1.0
3362,0,0,212,1.0
3362,0,0,232,0.0
3363,0,0,210,0.0
3363,0,0,221,0.0
3363,0,0,230,1.0
3363,0,0,219,1.0
3363,0,0,212,1.0
3363,0,0,232,0.0
3364,0,0,210,0.0
3364,0,0,221,0.0
3364,0,0,230,1.0
3364,0,0,219,1.0
3364,0,0,212,1.0
3364,0,0,232,0.0
3365,0,0,210,0.0
3365,0,0,221,0.0
3365,0,0,230,1.0
3365,0,0,219,1.0
3365,0,0,212,1.0
3365,0,0,232,0.0
3366,0,0,210,0.0
3366,0,0,221,0.0
3366,0,0,230,1.0
3366,0,0,219,1.0
3366,0,0,212,1.0
3366,0,0,232,0.0
3367,0,0,210,0.0
3367,0,0,221,0.0
3367,0,0,230,1.0
3367,0,0,219,1.0
3367,0,0,212,1.0
3367,0,0,232,0.0
3368,0,0,210,0.0
3368,0,0,221,0.0
3368,0,0,230,1.0
3368,0,0,219,1.0
3368,0,0,212,1.0
3368,0,0,232,0.0
3369,0,0,210,0.0
3369,0,0,221,0.0
3369,0,0,230,1.0
3369,0,0,219,1.0
3369,0,0,212,1.0
3369,0,0,232,0.0
3370,0,0,210,0.0
3370,0,0,221,0.0
3370,0,0,230,1.0
3370,0,0,219,1.0
3370,0,0,212,1.0
3370,0,0,232,0.0
3371,0,0,210,0.0
3371,0,0,221,0.0
3371,0,0,230,1.0
3371,0,0,219,1.0
3371,0,0,212,1.0
3371,0,0,232,0.0
3371,0,0,237,1.0
3372,0,0,210,0.0
3372,0,0,221,0.0
3372,0,0,230,1.0
3372,0,0,219,1.0
3372,0,0,212,1.0
3372,0,0,232,0.0
3372,0,0,237,1.0
3373,0,0,210,0.0
3373,0,0,221,0.0
3373,0,0,230,1.0
3373,0,0,219,1.0
3373,0,0,212,1.0
3373,0,0,232,0.0
3373,0,0,237,1.0
3373,0,0,241,0.0
3374,0,0,210,0.0
3374,0,0,221,0.0
3374,0,0,230,1.0
3374,0,0,219,1.0
3374,0,0,212,1.0
3374,0,0,232,0.0
3374,0,0,237,1.0
3374,0,0,241,0.0
3375,0,0,210,0.0
3375,0,0,221,0.0
3375,0,0,230,1.0
3375,0,0,219,1.0
3375,0,0,212,1.0
3375,0,0,232,0.0
3375,0,0,237,1.0
3375,0,0,241,0.0
3376,0,0,210,0.0
3376,0,0,221,0.0
3376,0,0,230,1.0
3376,0,0,219,1.0
3376,0,0,212,1.0
3376,0,0,232,0.0
3376,0,0,237,1.0
3376,0,0,241,0.0
3377,0,0,210,0.0
3377,0,0,221,0.0
3377,0,0,230,1.0
3377,0,0,219,1.0
3377,0,0,212,1.0
3377,0,0,232,0.0
3377,0,0,237,1.0
3377,0,0,241,0.0
3378,0,0,210,0.0
3378,0,0,221,0.0
3378,0,0,230,1.0
3378,0,0,219,1.0
3378,0,0,212,1.0
3378,0,0,232,0.0
3378,0,0,237,1.0
3379,0,0,210,0.0
3379,0,0,221,0.0
3379,0,0,230,1.0
3379,0,0,219,1.0
3379,0,0,212,1.0
3379,0,0,232,0.0
3379,0,0,237,1.0
3379,0,0,241,0.0
3380,0,0,210,0.0
3380,0,0,221,0.0
3380,0,0,230,1.0
3380,0,0,219,1.0
3380,0,0,212,1.0
3380,0,0,232,0.0
3380,0,0,237,1.0
3381,0,0,210,0.0
3381,0,0,221,0.0
3381,0,0,230,1.0
3381,0,0,219,1.0
3381,0,0,212,1.0
3381,0,0,232,0.0
3381,0,0,237,1.0
3381,0,0,244,0.0
3382,0,0,210,0.0
3382,0,0,221,0.0
3382,0,0,230,1.0
3382,0,0,219,1.0
3382,0,0,212,1.0
3382,0,0,232,0.0
3382,0,0,237,1.0
3382,0,0,244,0.0
3383,0,0,210,0.0
3383,0,0,221,0.0
3383,0,0,230,1.0
3383,0,0,219,1.0
3383,0,0,212,1.0
3383,0,0,232,0.0
3383,0,0,237,1.0
3383,0,0,244,0.0
3384,0,0,210,0.0
3384,0,0,221,0.0
3384,0,0,230,1.0
3384,0,0,219,1.0
3384,0,0,212,1.0
3384,0,0,232,0.0
3384,0,0,237,1.0
3384,0,0,244,0.0
3385,0,0,210,0.0
3385,0,0,221,0.0
3385,0,0,230,1.0
3385,0,0,219,1.0
3385,0,0,212,1.0
3385,0,0,232,0.0
3385,0,0,237,1.0
3385,0,0,244,0.0
3386,0,0,210,0.0
3386,0,0,221,0.0
3386,0,0,230,1.0
3386,0,0,219,1.0
3386,0,0,212,1.0
3386,0,0,232,0.0
3386,0,0,237,1.0
3386,0,0,244,0.0
3387,0,0,210,0.0
3387,0,0,221,0.0
3387,0,0,230,1.0
3387,0,0,219,1.0
3387,0,0,212,1.0
3387,0,0,232,0.0
3387,0,0,237,1.0
3387,0,0,244,0.0
3388,0,0,210,0.0
3388,0,0,221,0.0
3388,0,0,230,1.0
3388,0,0,219,1.0
3388,0,0,212,1.0
3388,0,0,232,0.0
3388,0,0,237,1.0
3388,0,0,244,0.0
3389,0,0,210,0.0
3389,0,0,221,0.0
3389,0,0,230,1.0
3389,0,0,219,1.0
3389,0,0,212,1.0
3389,0,0,232,0.0
3389,0,0,237,1.0
3389,0,0,244,0.0
3390,0,0,210,0.0
3390,0,0,221,0.0
3390,0,0,230,1.0
3390,0,0,219,1.0
3390,0,0,212,1.0
3390,0,0,232,0.0
3390,0,0,237,1.0
3390,0,0,244,0.0
3390,0,0,241,0.0
3391,0,0,210,0.0
3391,0,0,221,0.0
3391,0,0,230,1.0
3391,0,0,219,1.0
3391,0,0,212,1.0
3391,0,0,232,0.0
3391,0,0,237,1.0
3391,0,0,244,0.0
3391,0,0,241,0.0
3392,0,0,210,0.0
3392,0,0,221,0.0
3392,0,0,230,1.0
3392,0,0,219,1.0
3392,0,0,212,1.0
3392,0,0,232,0.0
3392,0,0,237,1.0
3392,0,0,244,0.0
3392,0,0,241,0.0
3393,0,0,210,0.0
3393,0,0,221,0.0
3393,0,0,230,1.0
3393,0,0,219,1.0
3393,0,0,212,1.0
3393,0,0,232,0.0
3393,0,0,237,1.0
3393,0,0,244,0.0
3393,0,0,241,0.0
3394,0,0,210,0.0
3394,0,0,221,0.0
3394,0,0,230,1.0
3394,0,0,219,1.0
3394,0,0,212,1.0
3394,0,0,232,0.0
3394,0,0,237,1.0
3394,0,0,244,0.0
3394,0,0,241,0.0
3395,0,0,210,0.0
3395,0,0,221,0.0
3395,0,0,230,1.0
3395,0,0,219,1.0
3395,0,0,212,1.0
3395,0,0,232,0.0
3395,0,0,237,1.0
3395,0,0,244,0.0
3395,0,0,241,0.0
3396,0,0,210,0.0
3396,0,0,221,0.0
3396,0,0,230,1.0
3396,0,0,219,1.0
3396,0,0,212,1.0
3396,0,0,232,0.0
3396,0,0,237,1.0
3396,0,0,244,0.0
3396,0,0,241,0.0
3397,0,0,210,0.0
3397,0,0,221,0.0
3397,0,0,230,1.0
3397,0,0,219,1.0
3397,0,0,212,1.0
3397,0,0,232,0.0
3397,0,0,237,1.0
3397,0,0,244,0.0
3397,0,0,241,0.0
3398,0,0,210,0.0
3398,0,0,221,0.0
3398,0,0,230,1.0
3398,0,0,219,1.0
3398,0,0,212,1.0
3398,0,0,232,0.0
3398,0,0,237,1.0
3398,0,0,244,0.0
3398,0,0,241,0.0
3399,0,0,210,0.0
3399,0,0,221,0.0
3399,0,0,230,1.0
3399,0,0,219,1.0
3399,0,0,212,1.0
3399,0,0,232,0.0
3399,0,0,237,1.0
3399,0,0,244,0.0
3399,0,0,241,0.0
3400,0,0,210,0.0
3400,0,0,221,0.0
3400,0,0,230,1.0
3400,0,0,219,1.0
3400,0,0,212,1.0
3400,0,0,232,0.0
3400,0,0,237,1.0
3400,0,0,244,0.0
3400,0,0,241,0.0
3401,0,0,210,0.0
3401,0,0,221,0.0
3401,0,0,230,1.0
3401,0,0,219,1.0
3401,0,0,212,1.0
3401,0,0,232,0.0
3401,0,0,237,1.0
3401,0,0,244,0.0
3401,0,0,241,0.0
3402,0,0,210,0.0
3402,0,0,221,0.0
3402,0,0,230,1.0
3402,0,0,219,1.0
3402,0,0,212,1.0
3402,0,0,232,0.0
3402,0,0,237,1.0
3402,0,0,244,0.0
3402,0,0,241,0.0
3403,0,0,210,0.0
3403,0,0,221,0.0
3403,0,0,230,1.0
3403,0,0,219,1.0
3403,0,0,212,1.0
3403,0,0,232,0.0
3403,0,0,237,1.0
3403,0,0,244,0.0
3403,0,0,241,0.0
3404,0,0,210,0.0
3404,0,0,221,0.0
3404,0,0,230,1.0
3404,0,0,219,1.0
3404,0,0,212,1.0
3404,0,0,232,0.0
3404,0,0,237,1.0
3404,0,0,244,0.0
3404,0,0,241,0.0
3405,0,0,210,0.0
3405,0,0,221,0.0
3405,0,0,230,1.0
3405,0,0,219,1.0
3405,0,0,212,1.0
3405,0,0,232,0.0
3405,0,0,237,1.0
3405,0,0,244,0.0
3405,0,0,241,0.0
3406,0,0,210,0.0
3406,0,0,221,0.0
3406,0,0,230,1.0
3406,0,0,219,1.0
3406,0,0,212,1.0
3406,0,0,232,0.0
3406,0,0,237,1.0
3406,0,0,244,0.0
3407,0,0,210,0.0
3407,0,0,221,0.0
3407,0,0,230,1.0
3407,0,0,219,1.0
3407,0,0,212,1.0
3407,0,0,232,0.0
3407,0,0,237,1.0
3407,0,0,244,0.0
3407,0,0,247,1.0
3408,0,0,210,0.0
3408,0,0,221,0.0
3408,0,0,230,1.0
3408,0,0,219,1.0
3408,0,0,212,1.0
3408,0,0,232,0.0
3408,0,0,237,1.0
3408,0,0,244,0.0
3408,0,0,247,1.0
3409,0,0,210,0.0
3409,0,0,221,0.0
3409,0,0,230,1.0
3409,0,0,219,1.0
3409,0,0,212,1.0
3409,0,0,232,0.0
3409,0,0,237,1.0
3409,0,0,244,0.0
3409,0,0,247,1.0
3410,0,0,210,0.0
3410,0,0,221,0.0
3410,0,0,230,1.0
3410,0,0,219,1.0
3410,0,0,212,1.0
3410,0,0,232,0.0
3410,0,0,237,1.0
3410,0,0,244,0.0
3410,0,0,247,1.0
3411,0,0,210,0.0
3411,0,0,221,0.0
3411,0,0,230,1.0
3411,0,0,219,1.0
3411,0,0,212,1.0
3411,0,0,232,0.0
3411,0,0,237,1.0
3411,0,0,244,0.0
3411,0,0,247,1.0
3412,0,0,210,0.0
3412,0,0,221,0.0
3412,0,0,230,1.0
3412,0,0,219,1.0
3412,0,0,212,1.0
3412,0,0,232,0.0
3412,0,0,237,1.0
3412,0,0,244,0.0
3412,0,0,247,1.0
3413,0,0,210,0.0
3413,0,0,221,0.0
3413,0,0,230,1.0
3413,0,0,219,1.0
3413,0,0,212,1.0
3413,0,0,232,0.0
3413,0,0,237,1.0
3413,0,0,244,0.0
3413,0,0,247,1.0
3414,0,0,210,0.0
3414,0,0,221,0.0
3414,0,0,230,1.0
3414,0,0,219,1.0
3414,0,0,212,1.0
3414,0,0,232,0.0
3414,0,0,237,1.0
3414,0,0,244,0.0
3414,0,0,247,1.0
3415,0,0,210,0.0
3415,0,0,221,0.0
3415,0,0,230,1.0
3415,0,0,219,1.0
3415,0,0,212,1.0
3415,0,0,232,0.0
3416,0,0,210,0.0
3416,0,0,221,0.0
3416,0,0,230,1.0
3416,0,0,219,1.0
3416,0,0,212,1.0
3416,0,0,232,0.0
3417,0,0,210,0.0
3417,0,0,221,0.0
3417,0,0,230,1.0
3417,0,0,219,1.0
3417,0,0,212,1.0
3417,0,0,232,0.0
3418,0,0,210,0.0
3418,0,0,221,0.0
3418,0,0,230,1.0
3418,0,0,219,1.0
3418,0,0,212,1.0
3418,0,0,232,0.0
3419,0,0,210,0.0
3419,0,0,221,0.0
3419,0,0,230,1.0
3419,0,0,219,1.0
3419,0,0,212,1.0
3419,0,0,232,0.0
3420,0,0,210,0.0
3420,0,0,221,0.0
3420,0,0,230,1.0
3420,0,0,219,1.0
3420,0,0,212,1.0
3420,0,0,232,0.0
3421,0,0,210,0.0
3421,0,0,221,0.0
3421,0,0,230,1.0
3421,0,0,219,1.0
3421,0,0,212,1.0
3421,0,0,232,0.0
3422,0,0,210,0.0
3422,0,0,221,0.0
3422,0,0,230,1.0
3422,0,0,219,1.0
3422,0,0,212,1.0
3422,0,0,232,0.0
3423,0,0,210,0.0
3423,0,0,221,0.0
3423,0,0,230,1.0
3423,0,0,219,1.0
3423,0,0,212,1.0
3423,0,0,232,0.0
3424,0,0,210,0.0
3424,0,0,221,0.0
3424,0,0,230,1.0
3424,0,0,219,1.0
3424,0,0,212,1.0
3424,0,0,232,0.0
3424,0,0,237,1.0
3425,0,0,210,0.0
3425,0,0,221,0.0
3425,0,0,230,1.0
3425,0,0,219,1.0
3425,0,0,212,1.0
3425,0,0,232,0.0
3425,0,0,237,1.0
3426,0,0,210,0.0
3426,0,0,221,0.0
3426,0,0,230,1.0
3426,0,0,219,1.0
3426,0,0,212,1.0
3426,0,0,232,0.0
3426,0,0,237,1.0
3426,0,0,241,0.0
3427,0,0,210,0.0
3427,0,0,221,0.0
3427,0,0,230,1.0
3427,0,0,219,1.0
3427,0,0,212,1.0
3427,0,0,232,0.0
3427,0,0,237,1.0
3428,0,0,210,0.0
3428,0,0,221,0.0
3428,0,0,230,1.0
3428,0,0,219,1.0
3428,0,0,212,1.0
3428,0,0,232,0.0
3428,0,0,237,1.0
3429,0,0,210,0.0
3429,0,0,221,0.0
3429,0,0,230,1.0
3429,0,0,219,1.0
3429,0,0,212,1.0
3429,0,0,232,0.0
3429,0,0,237,1.0
3430,0,0,210,0.0
3430,0,0,221,0.0
3430,0,0,230,1.0
3430,0,0,219,1.0
3430,0,0,212,1.0
3430,0,0,232,0.0
3430,0,0,237,1.0
3431,0,0,210,0.0
3431,0,0,221,0.0
3431,0,0,230,1.0
3431,0,0,219,1.0
3431,0,0,212,1.0
3431,0,0,232,0.0
3431,0,0,237,1.0
3432,0,0,210,0.0
3432,0,0,221,0.0
3432,0,0,230,1.0
3432,0,0,219,1.0
3432,0,0,212,1.0
3432,0,0,232,0.0
3432,0,0,244,0.0
3432,0,0,241,0.0
3433,0,0,210,0.0
3433,0,0,221,0.0
3433,0,0,230,1.0
3433,0,0,219,1.0
3433,0,0,212,1.0
3433,0,0,232,0.0
3433,0,0,244,0.0
3433,0,0,241,0.0
3433,0,0,237,1.0
3434,0,0,210,0.0
3434,0,0,221,0.0
3434,0,0,230,1.0
3434,0,0,219,1.0
3434,0,0,212,1.0
3434,0,0,232,0.0
3434,0,0,244,0.0
3434,0,0,241,0.0
3434,0,0,237,1.0
3435,0,0,210,0.0
3435,0,0,221,0.0
3435,0,0,230,1.0
3435,0,0,219,1.0
3435,0,0,212,1.0
3435,0,0,232,0.0
3435,0,0,244,0.0
3435,0,0,241,0.0
3435,0,0,237,1.0
3436,0,0,210,0.0
3436,0,0,221,0.0
3436,0,0,230,1.0
3436,0,0,219,1.0
3436,0,0,212,1.0
3436,0,0,232,0.0
3436,0,0,244,0.0
3436,0,0,241,0.0
3436,0,0,237,1.0
3437,0,0,210,0.0
3437,0,0,221,0.0
3437,0,0,230,1.0
3437,0,0,219,1.0
3437,0,0,212,1.0
3437,0,0,232,0.0
3437,0,0,244,0.0
3437,0,0,241,0.0
3437,0,0,237,1.0
3438,0,0,210,0.0
3438,0,0,221,0.0
3438,0,0,230,1.0
3438,0,0,219,1.0
3438,0,0,212,1.0
3438,0,0,232,0.0
3438,0,0,244,0.0
3438,0,0,241,0.0
3438,0,0,237,1.0
3439,0,0,210,0.0
3439,0,0,221,0.0
3439,0,0,230,1.0
3439,0,0,219,1.0
3439,0,0,212,1.0
3439,0,0,232,0.0
3439,0,0,244,0.0
3439,0,0,241,0.0
3439,0,0,237,1.0
3440,0,0,210,0.0
3440,0,0,221,0.0
3440,0,0,230,1.0
3440,0,0,219,1.0
3440,0,0,212,1.0
3440,0,0,232,0.0
3440,0,0,244,0.0
3440,0,0,237,1.0
3441,0,0,210,0.0
3441,0,0,221,0.0
3441,0,0,230,1.0
3441,0,0,219,1.0
3441,0,0,212,1.0
3441,0,0,232,0.0
3441,0,0,244,0.0
3441,0,0,237,1.0
3442,0,0,210,0.0
3442,0,0,221,0.0
3442,0,0,230,1.0
3442,0,0,219,1.0
3442,0,0,212,1.0
3442,0,0,232,0.0
3442,0,0,244,0.0
3442,0,0,237,1.0
3443,0,0,210,0.0
3443,0,0,221,0.0
3443,0,0,230,1.0
3443,0,0,219,1.0
3443,0,0,212,1.0
3443,0,0,232,0.0
3443,0,0,244,0.0
3443,0,0,237,1.0
3444,0,0,210,0.0
3444,0,0,221,0.0
3444,0,0,230,1.0
3444,0,0,219,1.0
3444,0,0,212,1.0
3444,0,0,232,0.0
3444,0,0,244,0.0
3444,0,0,237,1.0
3445,0,0,210,0.0
3445,0,0,221,0.0
3445,0,0,230,1.0
3445,0,0,219,1.0
3445,0,0,212,1.0
3445,0,0,232,0.0
3445,0,0,244,0.0
3445,0,0,237,1.0
3446,0,0,210,0.0
3446,0,0,221,0.0
3446,0,0,230,1.0
3446,0,0,219,1.0
3446,0,0,212,1.0
3446,0,0,232,0.0
3446,0,0,244,0.0
3446,0,0,237,1.0
3447,0,0,210,0.0
3447,0,0,221,0.0
3447,0,0,230,1.0
3447,0,0,219,1.0
3447,0,0,212,1.0
3447,0,0,232,0.0
3447,0,0,244,0.0
3447,0,0,237,1.0
3448,0,0,210,0.0
3448,0,0,221,0.0
3448,0,0,230,1.0
3448,0,0,219,1.0
3448,0,0,212,1.0
3448,0,0,232,0.0
3448,0,0,244,0.0
3448,0,0,237,1.0
3449,0,0,210,0.0
3449,0,0,221,0.0
3449,0,0,230,1.0
3449,0,0,219,1.0
3449,0,0,212,1.0
3449,0,0,232,0.0
3449,0,0,244,0.0
3449,0,0,237,1.0
3450,0,0,210,0.0
3450,0,0,221,0.0
3450,0,0,230,1.0
3450,0,0,219,1.0
3450,0,0,212,1.0
3450,0,0,232,0.0
3450,0,0,244,0.0
3450,0,0,237,1.0
3451,0,0,210,0.0
3451,0,0,221,0.0
3451,0,0,230,1.0
3451,0,0,219,1.0
3451,0,0,212,1.0
3451,0,0,232,0.0
3451,0,0,244,0.0
3451,0,0,237,1.0
3452,0,0,210,0.0
3452,0,0,221,0.0
3452,0,0,230,1.0
3452,0,0,219,1.0
3452,0,0,212,1.0
3452,0,0,232,0.0
3452,0,0,244,0.0
3452,0,0,237,1.0
3453,0,0,210,0.0
3453,0,0,221,0.0
3453,0,0,230,1.0
3453,0,0,219,1.0
3453,0,0,212,1.0
3453,0,0,232,0.0
3453,0,0,244,0.0
3453,0,0,237,1.0
3454,0,0,210,0.0
3454,0,0,221,0.0
3454,0,0,230,1.0
3454,0,0,219,1.0
3454,0,0,212,1.0
3454,0,0,232,0.0
3454,0,0,244,0.0
3454,0,0,237,1.0
3455,0,0,210,0.0
3455,0,0,221,0.0
3455,0,0,230,1.0
3455,0,0,219,1.0
3455,0,0,212,1.0
3455,0,0,232,0.0
3455,0,0,244,0.0
3455,0,0,237,1.0
3456,0,0,210,0.0
3456,0,0,221,0.0
3456,0,0,230,1.0
3456,0,0,219,1.0
3456,0,0,212,1.0
3456,0,0,232,0.0
3456,0,0,244,0.0
3456,0,0,237,1.0
3457,0,0,210,0.0
3457,0,0,221,0.0
3457,0,0,230,1.0
3457,0,0,219,1.0
3457,0,0,212,1.0
3457,0,0,232,0.0
3457,0,0,244,0.0
3457,0,0,237,1.0
3458,0,0,210,0.0
3458,0,0,221,0.0
3458,0,0,230,1.0
3458,0,0,219,1.0
3458,0,0,212,1.0
3458,0,0,232,0.0
3458,0,0,244,0.0
3458,0,0,237,1.0
3459,0,0,210,0.0
3459,0,0,221,0.0
3459,0,0,230,1.0
3459,0,0,219,1.0
3459,0,0,212,1.0
3459,0,0,232,0.0
3459,0,0,244,0.0
3459,0,0,237,1.0
3460,0,0,210,0.0
3460,0,0,221,0.0
3460,0,0,230,1.0
3460,0,0,219,1.0
3460,0,0,212,1.0
3460,0,0,232,0.0
3460,0,0,244,0.0
3460,0,0,237,1.0
3461,0,0,210,0.0
3461,0,0,221,0.0
3461,0,0,230,1.0
3461,0,0,219,1.0
3461,0,0,212,1.0
3461,0,0,232,0.0
3461,0,0,244,0.0
3461,0,0,237,1.0
3462,0,0,210,0.0
3462,0,0,221,0.0
3462,0,0,230,1.0
3462,0,0,219,1.0
3462,0,0,212,1.0
3462,0,0,232,0.0
3462,0,0,244,0.0
3462,0,0,237,1.0
3463,0,0,210,0.0
3463,0,0,221,0.0
3463,0,0,230,1.0
3463,0,0,219,1.0
3463,0,0,212,1.0
3463,0,0,232,0.0
3463,0,0,244,0.0
3463,0,0,237,1.0
3464,0,0,210,0.0
3464,0,0,221,0.0
3464,0,0,230,1.0
3464,0,0,219,1.0
3464,0,0,212,1.0
3464,0,0,232,0.0
3464,0,0,244,0.0
3464,0,0,237,1.0
3465,0,0,210,0.0
3465,0,0,221,0.0
3465,0,0,230,1.0
3465,0,0,219,1.0
3465,0,0,212,1.0
3465,0,0,232,0.0
3465,0,0,244,0.0
3465,0,0,237,1.0
3466,0,0,210,0.0
3466,0,0,221,0.0
3466,0,0,230,1.0
3466,0,0,219,1.0
3466,0,0,212,1.0
3466,0,0,232,0.0
3466,0,0,244,0.0
3466,0,0,237,1.0
3467,0,0,210,0.0
3467,0,0,221,0.0
3467,0,0,230,1.0
3467,0,0,219,1.0
3467,0,0,212,1.0
3467,0,0,232,0.0
3467,0,0,244,0.0
3467,0,0,237,1.0
3468,0,0,210,0.0
3468,0,0,221,0.0
3468,0,0,230,1.0
3468,0,0,219,1.0
3468,0,0,212,1.0
3468,0,0,232,0.0
3468,0,0,244,0.0
3468,0,0,237,1.0
3469,0,0,210,0.0
3469,0,0,221,0.0
3469,0,0,230,1.0
3469,0,0,219,1.0
3469,0,0,212,1.0
3469,0,0,232,0.0
3469,0,0,244,0.0
3469,0,0,237,1.0
3470,0,0,210,0.0
3470,0,0,221,0.0
3470,0,0,230,1.0
3470,0,0,219,1.0
3470,0,0,212,1.0
3470,0,0,232,0.0
3470,0,0,244,0.0
3470,0,0,237,1.0
3471,0,0,210,0.0
3471,0,0,221,0.0
3471,0,0,230,0.9569
3471,0,0,219,1.0
3471,0,0,212,1.0
3471,0,0,232,0.0
3471,0,0,244,0.0
3471,0,0,241,0.0
3472,0,0,210,0.0
3472,0,0,221,0.0
3472,0,0,230,0.8868
3472,0,0,219,1.0
3472,0,0,212,1.0
3472,0,0,232,0.0
3472,0,0,244,0.0
3472,0,0,249,1.0
3473,0,0,210,0.0
3473,0,0,221,0.0
3473,0,0,230,0.8554
3473,0,0,219,1.0
3473,0,0,212,1.0
3473,0,0,232,0.0
3473,0,0,244,0.0
3473,0,0,249,1.0
3473,0,0,251,0.8084
3474,0,0,210,0.0
3474,0,0,221,0.0
3474,0,0,230,0.8424
3474,0,0,219,1.0
3474,0,0,212,1.0
3474,0,0,232,0.0
3474,0,0,244,0.0
3474,0,0,249,1.0
3474,0,0,251,0.858
3474,0,0,252,0.0
3475,0,0,210,0.0
3475,0,0,221,0.0
3475,0,0,230,0.8415
3475,0,0,219,1.0
3475,0,0,212,1.0
3475,0,0,232,0.0
3475,0,0,244,0.0
3475,0,0,249,1.0
3475,0,0,251,0.9817
3476,0,0,210,0.0
3476,0,0,221,0.0
3476,0,0,230,0.8428
3476,0,0,219,1.0
3476,0,0,212,1.0
3476,0,0,232,0.0
3476,0,0,244,0.0
3476,0,0,249,1.0
3476,0,0,251,1.0
3477,0,0,210,0.0
3477,0,0,221,0.0
3477,0,0,230,0.8455
3477,0,0,219,1.0
3477,0,0,212,1.0
3477,0,0,232,0.0
3477,0,0,244,0.0
3477,0,0,249,1.0
3477,0,0,251,1.0
3478,0,0,210,0.0
3478,0,0,221,0.0
3478,0,0,230,0.8477
3478,0,0,219,1.0
3478,0,0,212,1.0
3478,0,0,232,0.0
3478,0,0,244,0.0
3478,0,0,249,1.0
3478,0,0,251,1.0
3479,0,0,210,0.0
3479,0,0,221,0.0
3479,0,0,230,0.8478
3479,0,0,212,1.0
3479,0,0,232,0.0
3479,0,0,244,0.0
3479,0,0,249,1.0
3479,0,0,251,1.0
3480,0,0,210,0.0
3480,0,0,221,0.0
3480,0,0,230,0.8487
3480,0,0,212,1.0
3480,0,0,232,0.0
3480,0,0,244,0.0
3480,0,0,249,1.0
3480,0,0,251,1.0
3480,0,0,253,0.8779
3481,0,0,210,0.0
3481,0,0,221,0.0
3481,0,0,230,0.8748
3481,0,0,212,1.0
3481,0,0,232,0.0
3481,0,0,244,0.0
3481,0,0,249,1.0
3481,0,0,219,1.0
3481,0,0,237,1.0
3482,0,0,210,0.0
3482,0,0,221,0.0
3482,0,0,230,0.8847
3482,0,0,212,1.0
3482,0,0,232,0.0
3482,0,0,244,0.0
3482,0,0,249,1.0
3482,0,0,219,1.0
3482,0,0,237,1.0
3483,0,0,210,0.0
3483,0,0,221,0.0
3483,0,0,230,0.8878
3483,0,0,212,1.0
3483,0,0,232,0.0
3483,0,0,244,0.0
3483,0,0,249,1.0
3483,0,0,219,1.0
3483,0,0,237,1.0
3484,0,0,210,0.0
3484,0,0,221,0.0
3484,0,0,230,0.8889
3484,0,0,212,1.0
3484,0,0,232,0.0
3484,0,0,244,0.0
3484,0,0,249,1.0
3484,0,0,219,1.0
3484,0,0,237,1.0
3485,0,0,210,0.0
3485,0,0,221,0.0
3485,0,0,230,0.8874
3485,0,0,212,1.0
3485,0,0,232,0.0
3485,0,0,244,0.0
3485,0,0,249,1.0
3485,0,0,219,1.0
3485,0,0,237,1.0
3486,0,0,210,0.0
3486,0,0,221,0.0
3486,0,0,230,0.8871
3486,0,0,212,1.0
3486,0,0,232,0.0
3486,0,0,244,0.0
3486,0,0,249,1.0
3486,0,0,219,1.0
3486,0,0,237,1.0
3487,0,0,210,0.0
3487,0,0,221,0.0
3487,0,0,230,0.8871
3487,0,0,212,1.0
3487,0,0,232,0.0
3487,0,0,244,0.0
3487,0,0,249,1.0
3487,0,0,219,1.0
3487,0,0,237,1.0
3488,0,0,210,0.0
3488,0,0,221,0.0
3488,0,0,230,0.8873
3488,0,0,212,1.0
3488,0,0,232,0.0
3488,0,0,244,0.0
3488,0,0,249,1.0
3488,0,0,219,1.0
3488,0,0,237,1.0
3489,0,0,210,0.0
3489,0,0,221,0.0
3489,0,0,230,0.8875
3489,0,0,212,1.0
3489,0,0,232,0.0
3489,0,0,244,0.0
3489,0,0,249,1.0
3489,0,0,219,1.0
3489,0,0,237,1.0
3490,0,0,210,0.0
3490,0,0,221,0.0
3490,0,0,230,0.888
3490,0,0,212,1.0
3490,0,0,232,0.0
3490,0,0,244,0.0
3490,0,0,249,1.0
3490,0,0,219,1.0
3490,0,0,237,1.0
3491,0,0,210,0.0
3491,0,0,221,0.0
3491,0,0,230,0.888
3491,0,0,212,1.0
3491,0,0,232,0.0
3491,0,0,244,0.0
3491,0,0,249,1.0
3491,0,0,219,1.0
3491,0,0,237,1.0
3492,0,0,210,0.0
3492,0,0,221,0.0
3492,0,0,230,0.8881
3492,0,0,212,1.0
3492,0,0,232,0.0
3492,0,0,244,0.0
3492,0,0,249,1.0
3492,0,0,219,1.0
3492,0,0,237,1.0
3493,0,0,210,0.0
3493,0,0,221,0.0
3493,0,0,230,0.8941
3493,0,0,212,1.0
3493,0,0,232,0.0
3493,0,0,244,0.0
3493,0,0,249,1.0
3493,0,0,219,1.0
3494,0,0,210,0.0
3494,0,0,221,0.0
3494,0,0,230,0.8935
3494,0,0,212,1.0
3494,0,0,232,0.0
3494,0,0,244,0.0
3494,0,0,249,1.0
3494,0,0,219,1.0
3495,0,0,210,0.0
3495,0,0,221,0.0
3495,0,0,230,0.8411
3495,0,0,212,1.0
3495,0,0,232,0.0
3495,0,0,244,0.0
3495,0,0,249,1.0
3495,0,0,219,1.0
3495,0,0,252,0.0
3496,0,0,210,0.0
3496,0,0,221,0.0
3496,0,0,230,0.8193
3496,0,0,212,1.0
3496,0,0,232,0.0
3496,0,0,244,0.0
3496,0,0,249,1.0
3496,0,0,219,1.0
3496,0,0,252,0.0
3497,0,0,210,0.0
3497,0,0,221,0.0
3497,0,0,230,0.8117
3497,0,0,212,1.0
3497,0,0,232,0.0
3497,0,0,244,0.0
3497,0,0,249,1.0
3497,0,0,219,1.0
3497,0,0,252,0.0
3498,0,0,210,0.0
3498,0,0,221,0.0
3498,0,0,230,0.809
3498,0,0,212,1.0
3498,0,0,232,0.0
3498,0,0,244,0.0
3498,0,0,249,1.0
3498,0,0,219,1.0
3498,0,0,252,0.0
3499,0,0,210,0.0
3499,0,0,221,0.0
3499,0,0,230,0.7309
3499,0,0,212,1.0
3499,0,0,232,0.0
3499,0,0,244,0.0
3499,0,0,249,1.0
3499,0,0,219,1.0
3500,0,0,210,0.0
3500,0,0,221,0.0
3500,0,0,230,0.6997
3500,0,0,212,1.0
3500,0,0,232,0.0
3500,0,0,244,0.0
3500,0,0,249,1.0
3500,0,0,219,1.0
3501,0,0,210,0.0
3501,0,0,221,0.0
3501,0,0,230,0.6885
3501,0,0,212,1.0
3501,0,0,232,0.0
3501,0,0,244,0.0
3501,0,0,249,1.0
3501,0,0,219,1.0
3502,0,0,210,0.0
3502,0,0,221,0.0
3502,0,0,230,0.6852
3502,0,0,212,1.0
3502,0,0,232,0.0
3502,0,0,244,0.0
3502,0,0,249,1.0
3502,0,0,253,1.0
3503,0,0,210,0.0
3503,0,0,221,0.0
3503,0,0,230,0.6851
3503,0,0,212,1.0
3503,0,0,232,0.0
3503,0,0,244,0.0
3503,0,0,249,1.0
3503,0,0,253,1.0
3504,0,0,210,0.0
3504,0,0,221,0.0
3504,0,0,230,0.6852
3504,0,0,212,1.0
3504,0,0,232,0.0
3504,0,0,244,0.0
3504,0,0,249,1.0
3504,0,0,253,1.0
3505,0,0,210,0.0
3505,0,0,221,0.0
3505,0,0,230,0.6857
3505,0,0,212,1.0
3505,0,0,232,0.0
3505,0,0,244,0.0
3505,0,0,249,1.0
3505,0,0,253,1.0
3506,0,0,210,0.0
3506,0,0,221,0.0
3506,0,0,230,0.6864
3506,0,0,212,1.0
3506,0,0,232,0.0
3506,0,0,244,0.0
3506,0,0,249,1.0
3506,0,0,253,1.0
3507,0,0,210,0.0
3507,0,0,221,0.0
3507,0,0,230,0.6878
3507,0,0,212,1.0
3507,0,0,232,0.0
3507,0,0,244,0.0
3507,0,0,249,1.0
3507,0,0,253,1.0
3508,0,0,210,0.0
3508,0,0,221,0.0
3508,0,0,230,0.6883
3508,0,0,212,1.0
3508,0,0,232,0.0
3508,0,0,244,0.0
3508,0,0,249,1.0
3508,0,0,253,1.0
3509,0,0,210,0.0
3509,0,0,221,0.0
3509,0,0,230,0.6889
3509,0,0,212,1.0
3509,0,0,232,0.0
3509,0,0,244,0.0
3509,0,0,249,1.0
3509,0,0,253,1.0
3510,0,0,210,0.0
3510,0,0,221,0.0
3510,0,0,230,0.6893
3510,0,0,212,1.0
3510,0,0,232,0.0
3510,0,0,244,0.0
3510,0,0,249,1.0
3510,0,0,253,1.0
3511,0,0,210,0.0
3511,0,0,221,0.0
3511,0,0,230,0.6901
3511,0,0,212,1.0
3511,0,0,232,0.0
3511,0,0,244,0.0
3511,0,0,249,1.0
3511,0,0,253,1.0
3512,0,0,210,0.0
3512,0,0,221,0.0
3512,0,0,230,0.6899
3512,0,0,212,1.0
3512,0,0,232,0.0
3512,0,0,244,0.0
3512,0,0,249,1.0
3512,0,0,253,1.0
3513,0,0,210,0.0
3513,0,0,221,0.0
3513,0,0,230,0.6899
3513,0,0,212,1.0
3513,0,0,232,0.0
3513,0,0,244,0.0
3513,0,0,249,1.0
3513,0,0,253,1.0
3514,0,0,210,0.0
3514,0,0,221,0.0
3514,0,0,230,0.6902
3514,0,0,212,1.0
3514,0,0,232,0.0
3514,0,0,244,0.0
3514,0,0,249,1.0
3514,0,0,253,1.0
3515,0,0,210,0.0
3515,0,0,221,0.0
3515,0,0,230,0.6912
3515,0,0,212,1.0
3515,0,0,232,0.0
3515,0,0,244,0.0
3515,0,0,249,1.0
3515,0,0,253,1.0
3516,0,0,210,0.0
3516,0,0,221,0.0
3516,0,0,230,0.6917
3516,0,0,212,1.0
3516,0,0,232,0.0
3516,0,0,244,0.0
3516,0,0,249,1.0
3516,0,0,253,1.0
3517,0,0,210,0.0
3517,0,0,221,0.0
3517,0,0,230,0.7207
3517,0,0,212,1.0
3517,0,0,232,0.0
3517,0,0,244,0.0
3517,0,0,249,1.0
3517,0,0,253,1.0
3518,0,0,210,0.0
3518,0,0,221,0.0
3518,0,0,230,0.1574
3518,0,0,212,1.0
3518,0,0,232,0.0
3518,0,0,244,0.0
3518,0,0,253,1.0
3519,0,0,210,0.0
3519,0,0,221,0.0
3519,0,0,230,0.0212
3519,0,0,212,1.0
3519,0,0,232,0.0
3519,0,0,244,0.0
3519,0,0,253,1.0
3520,0,0,210,0.0
3520,0,0,221,0.0
3520,0,0,230,0.0023
3520,0,0,212,1.0
3520,0,0,232,0.0
3520,0,0,244,0.0
3520,0,0,253,1.0
3521,0,0,210,0.0
3521,0,0,221,0.0
3521,0,0,230,0.0003
3521,0,0,212,1.0
3521,0,0,232,0.0
3521,0,0,244,0.0
3521,0,0,253,1.0
3521,0,0,255,1.0
3522,0,0,210,0.0
3522,0,0,221,0.0
3522,0,0,230,0.0001
3522,0,0,212,1.0
3522,0,0,232,0.0
3522,0,0,244,0.0
3522,0,0,253,1.0
3523,0,0,210,0.0
3523,0,0,221,0.0
3523,0,0,230,0.0003
3523,0,0,212,1.0
3523,0,0,232,0.0
3523,0,0,244,0.0
3523,0,0,253,1.0
3524,0,0,210,0.0
3524,0,0,221,0.0
3524,0,0,230,0.0005
3524,0,0,212,1.0
3524,0,0,232,0.0
3524,0,0,244,0.0
3524,0,0,253,1.0
3525,0,0,210,0.0
3525,0,0,221,0.0
3525,0,0,230,0.0003
3525,0,0,212,1.0
3525,0,0,232,0.0
3525,0,0,244,0.0
3525,0,0,253,1.0
3526,0,0,210,0.0
3526,0,0,221,0.0
3526,0,0,230,0.0009
3526,0,0,212,1.0
3526,0,0,232,0.0
3526,0,0,244,0.0
3526,0,0,253,1.0
3527,0,0,210,0.0
3527,0,0,221,0.0
3527,0,0,230,0.0012
3527,0,0,212,1.0
3527,0,0,232,0.0
3527,0,0,244,0.0
3527,0,0,253,1.0
3528,0,0,210,0.0
3528,0,0,221,0.0
3528,0,0,230,0.0018
3528,0,0,212,1.0
3528,0,0,232,0.0
3528,0,0,244,0.0
3528,0,0,253,1.0
3529,0,0,210,0.0
3529,0,0,221,0.0
3529,0,0,230,0.0025
3529,0,0,212,1.0
3529,0,0,232,0.0
3529,0,0,244,0.0
3529,0,0,253,1.0
3530,0,0,210,0.0
3530,0,0,221,0.0
3530,0,0,230,0.0026
3530,0,0,212,1.0
3530,0,0,232,0.0
3530,0,0,244,0.0
3530,0,0,253,1.0
3531,0,0,210,0.0
3531,0,0,221,0.0
3531,0,0,230,0.0028
3531,0,0,212,1.0
3531,0,0,232,0.0
3531,0,0,244,0.0
3531,0,0,253,1.0
3532,0,0,210,0.0
3532,0,0,221,0.0
3532,0,0,230,0.0034
3532,0,0,212,1.0
3532,0,0,232,0.0
3532,0,0,244,0.0
3532,0,0,253,1.0
3533,0,0,210,0.0
3533,0,0,221,0.0
3533,0,0,230,0.004
3533,0,0,212,1.0
3533,0,0,232,0.0
3533,0,0,244,0.0
3533,0,0,253,1.0
3534,0,0,210,0.0
3534,0,0,221,0.0
3534,0,0,230,0.0043
3534,0,0,212,1.0
3534,0,0,232,0.0
3534,0,0,244,0.0
3534,0,0,253,1.0
3535,0,0,210,0.0
3535,0,0,221,0.0
3535,0,0,230,0.0018
3535,0,0,212,1.0
3535,0,0,232,0.0
3535,0,0,244,0.0
3535,0,0,253,1.0
3535,0,0,255,1.0
3536,0,0,210,0.0
3536,0,0,221,0.0
3536,0,0,230,0.0017
3536,0,0,212,1.0
3536,0,0,232,0.0
3536,0,0,244,0.0
3536,0,0,253,1.0
3536,0,0,255,1.0
3537,0,0,210,0.0
3537,0,0,221,0.0
3537,0,0,230,0.0017
3537,0,0,212,1.0
3537,0,0,232,0.0
3537,0,0,244,0.0
3537,0,0,253,1.0
3537,0,0,249,1.0
3538,0,0,210,0.0
3538,0,0,221,0.0
3538,0,0,230,0.0019
3538,0,0,212,1.0
3538,0,0,232,0.0
3538,0,0,244,0.0
3538,0,0,253,1.0
3538,0,0,255,1.0
3539,0,0,210,0.0
3539,0,0,221,0.0
3539,0,0,230,0.0021
3539,0,0,212,1.0
3539,0,0,232,0.0
3539,0,0,244,0.0
3539,0,0,253,1.0
3539,0,0,249,1.0
3540,0,0,210,0.0
3540,0,0,221,0.0
3540,0,0,230,0.0023
3540,0,0,212,1.0
3540,0,0,232,0.0
3540,0,0,244,0.0
3540,0,0,253,1.0
3540,0,0,249,1.0
3541,0,0,210,0.0
3541,0,0,221,0.0
3541,0,0,230,0.0023
3541,0,0,212,1.0
3541,0,0,232,0.0
3541,0,0,244,0.0
3541,0,0,253,1.0
3541,0,0,249,1.0
3542,0,0,210,0.0
3542,0,0,221,0.0
3542,0,0,230,0.0024
3542,0,0,212,1.0
3542,0,0,232,0.0
3542,0,0,244,0.0
3542,0,0,253,1.0
3543,0,0,210,0.0
3543,0,0,221,0.0
3543,0,0,230,0.0026
3543,0,0,212,1.0
3543,0,0,232,0.0
3543,0,0,244,0.0
3543,0,0,253,1.0
3543,0,0,249,1.0
3544,0,0,210,0.0
3544,0,0,221,0.0
3544,0,0,230,0.003
3544,0,0,212,1.0
3544,0,0,232,0.0
3544,0,0,244,0.0
3544,0,0,253,1.0
3544,0,0,249,1.0
3545,0,0,210,0.0
3545,0,0,221,0.0
3545,0,0,212,1.0
3545,0,0,232,0.0
3545,0,0,244,0.0
3545,0,0,253,1.0
3546,0,0,210,0.0
3546,0,0,221,0.0
3546,0,0,212,1.0
3546,0,0,232,0.0
3546,0,0,244,0.0
3546,0,0,253,1.0
3547,0,0,210,0.0
3547,0,0,221,0.0
3547,0,0,212,1.0
3547,0,0,232,0.0
3547,0,0,244,0.0
3547,0,0,253,1.0
3548,0,0,210,0.0
3548,0,0,221,0.0
3548,0,0,212,1.0
3548,0,0,232,0.0
3548,0,0,244,0.0
3548,0,0,253,1.0
3549,0,0,210,0.0
3549,0,0,221,0.0
3549,0,0,212,1.0
3549,0,0,232,0.0
3549,0,0,244,0.0
3549,0,0,253,1.0
3550,0,0,210,0.0
3550,0,0,221,0.0
3550,0,0,212,1.0
3550,0,0,232,0.0
3550,0,0,244,0.0
3550,0,0,253,1.0
3551,0,0,210,0.0
3551,0,0,221,0.0
3551,0,0,212,1.0
3551,0,0,232,0.0
3551,0,0,244,0.0
3551,0,0,253,1.0
3552,0,0,210,0.0
3552,0,0,221,0.0
3552,0,0,212,1.0
3552,0,0,232,0.0
3552,0,0,244,0.0
3552,0,0,253,1.0
3553,0,0,210,0.0
3553,0,0,221,0.0
3553,0,0,212,1.0
3553,0,0,232,0.0
3553,0,0,244,0.0
3553,0,0,253,1.0
3554,0,0,210,0.0
3554,0,0,221,0.0
3554,0,0,212,1.0
3554,0,0,232,0.0
3554,0,0,244,0.0
3554,0,0,253,1.0
3555,0,0,210,0.0
3555,0,0,221,0.0
3555,0,0,212,1.0
3555,0,0,232,0.0
3555,0,0,244,0.0
3555,0,0,253,1.0
3556,0,0,210,0.0
3556,0,0,221,0.0
3556,0,0,212,1.0
3556,0,0,232,0.0
3556,0,0,244,0.0
3556,0,0,253,1.0
3557,0,0,210,0.0
3557,0,0,221,0.0
3557,0,0,212,1.0
3557,0,0,232,0.0
3557,0,0,244,0.0
3557,0,0,253,1.0
3558,0,0,210,0.0
3558,0,0,221,0.0
3558,0,0,212,1.0
3558,0,0,232,0.0
3558,0,0,244,0.0
3558,0,0,253,1.0
3559,0,0,210,0.0
3559,0,0,221,0.0
3559,0,0,212,1.0
3559,0,0,232,0.0
3559,0,0,244,0.0
3559,0,0,253,1.0
3560,0,0,210,0.0
3560,0,0,221,0.0
3560,0,0,212,1.0
3560,0,0,232,0.0
3560,0,0,244,0.0
3560,0,0,253,1.0
3561,0,0,210,0.0
3561,0,0,221,0.0
3561,0,0,212,1.0
3561,0,0,232,0.0
3561,0,0,244,0.0
3561,0,0,253,1.0
3562,0,0,210,0.0
3562,0,0,221,0.0
3562,0,0,212,1.0
3562,0,0,232,0.0
3562,0,0,244,0.0
3562,0,0,253,1.0
3563,0,0,210,0.0
3563,0,0,221,0.0
3563,0,0,212,1.0
3563,0,0,232,0.0
3563,0,0,244,0.0
3563,0,0,253,1.0
3564,0,0,210,0.0
3564,0,0,221,0.0
3564,0,0,212,1.0
3564,0,0,232,0.0
3564,0,0,244,0.0
3564,0,0,253,1.0
3565,0,0,210,0.0
3565,0,0,221,0.0
3565,0,0,212,1.0
3565,0,0,232,0.0
3565,0,0,244,0.0
3565,0,0,253,1.0
3566,0,0,210,0.0
3566,0,0,221,0.0
3566,0,0,212,1.0
3566,0,0,232,0.0
3566,0,0,244,0.0
3566,0,0,253,1.0
3567,0,0,210,0.0
3567,0,0,221,0.0
3567,0,0,212,1.0
3567,0,0,232,0.0
3567,0,0,244,0.0
3567,0,0,253,1.0
3568,0,0,210,0.0
3568,0,0,221,0.0
3568,0,0,212,1.0
3568,0,0,232,0.0
3568,0,0,244,0.0
3568,0,0,253,1.0
3569,0,0,210,0.0
3569,0,0,221,0.0
3569,0,0,212,1.0
3569,0,0,232,0.0
3569,0,0,244,0.0
3569,0,0,253,1.0
3570,0,0,210,0.0
3570,0,0,221,0.0
3570,0,0,212,1.0
3570,0,0,232,0.0
3570,0,0,244,0.0
3570,0,0,253,1.0
3571,0,0,210,0.0
3571,0,0,221,0.0
3571,0,0,212,1.0
3571,0,0,232,0.0
3571,0,0,244,0.0
3571,0,0,253,1.0
3571,0,0,249,1.0
3572,0,0,210,0.0
3572,0,0,221,0.0
3572,0,0,212,1.0
3572,0,0,232,0.0
3572,0,0,244,0.0
3572,0,0,253,1.0
3572,0,0,249,1.0
3573,0,0,210,0.0
3573,0,0,221,0.0
3573,0,0,212,1.0
3573,0,0,232,0.0
3573,0,0,244,0.0
3573,0,0,253,1.0
3573,0,0,249,1.0
3574,0,0,210,0.0
3574,0,0,221,0.0
3574,0,0,212,1.0
3574,0,0,232,0.0
3574,0,0,244,0.0
3574,0,0,253,1.0
3574,0,0,249,1.0
3575,0,0,210,0.0
3575,0,0,221,0.0
3575,0,0,212,1.0
3575,0,0,232,0.0
3575,0,0,244,0.0
3575,0,0,253,1.0
3575,0,0,249,1.0
3576,0,0,210,0.0
3576,0,0,221,0.0
3576,0,0,212,1.0
3576,0,0,232,0.0
3576,0,0,244,0.0
3576,0,0,253,1.0
3576,0,0,249,1.0
3577,0,0,210,0.0
3577,0,0,221,0.0
3577,0,0,212,1.0
3577,0,0,232,0.0
3577,0,0,244,0.0
3577,0,0,253,1.0
3577,0,0,249,1.0
3578,0,0,210,0.0
3578,0,0,221,0.0
3578,0,0,212,1.0
3578,0,0,232,0.0
3578,0,0,244,0.0
3578,0,0,253,1.0
3578,0,0,249,1.0
3579,0,0,210,0.0
3579,0,0,221,0.0
3579,0,0,212,1.0
3579,0,0,232,0.0
3579,0,0,244,0.0
3579,0,0,253,1.0
3580,0,0,210,0.0
3580,0,0,221,0.0
3580,0,0,212,1.0
3580,0,0,232,0.0
3580,0,0,244,0.0
3580,0,0,253,1.0
3580,0,0,258,0.0
3581,0,0,210,0.0
3581,0,0,221,0.0
3581,0,0,212,1.0
3581,0,0,232,0.0
3581,0,0,244,0.0
3581,0,0,253,1.0
3581,0,0,258,0.0
3582,0,0,210,0.0
3582,0,0,221,0.0
3582,0,0,212,1.0
3582,0,0,232,0.0
3582,0,0,244,0.0
3582,0,0,253,1.0
3582,0,0,258,0.0
3583,0,0,210,0.0
3583,0,0,221,0.0
3583,0,0,212,1.0
3583,0,0,232,0.0
3583,0,0,244,0.0
3583,0,0,253,1.0
3583,0,0,258,0.0
3584,0,0,210,0.0
3584,0,0,221,0.0
3584,0,0,212,1.0
3584,0,0,232,0.0
3584,0,0,244,0.0
3584,0,0,253,1.0
3584,0,0,258,0.0
3585,0,0,210,0.0
3585,0,0,221,0.0
3585,0,0,212,1.0
3585,0,0,232,0.0
3585,0,0,244,0.0
3585,0,0,253,1.0
3585,0,0,258,0.0
3586,0,0,210,0.0
3586,0,0,221,0.0
3586,0,0,212,1.0
3586,0,0,232,0.0
3586,0,0,244,0.0
3586,0,0,253,1.0
3586,0,0,258,0.0
3587,0,0,210,0.0
3587,0,0,221,0.0
3587,0,0,212,1.0
3587,0,0,232,0.0
3587,0,0,244,0.0
3587,0,0,253,1.0
3587,0,0,258,0.0
3588,0,0,210,0.0
3588,0,0,221,0.0
3588,0,0,212,1.0
3588,0,0,232,0.0
3588,0,0,244,0.0
3588,0,0,253,1.0
3588,0,0,258,0.0
3589,0,0,210,0.0
3589,0,0,221,0.0
3589,0,0,212,1.0
3589,0,0,232,0.0
3589,0,0,244,0.0
3589,0,0,253,1.0
3589,0,0,258,0.0
3590,0,0,210,0.0
3590,0,0,221,0.0
3590,0,0,212,1.0
3590,0,0,232,0.0
3590,0,0,244,0.0
3590,0,0,253,1.0
3590,0,0,258,0.0
3591,0,0,210,0.0
3591,0,0,221,0.0
3591,0,0,212,1.0
3591,0,0,232,0.0
3591,0,0,244,0.0
3591,0,0,253,1.0
3591,0,0,258,0.0
3591,0,0,260,1.0
3591,0,0,261,0.0
3592,0,0,210,0.0
3592,0,0,221,0.0
3592,0,0,212,1.0
3592,0,0,232,0.0
3592,0,0,244,0.0
3592,0,0,253,1.0
3592,0,0,258,0.0
3592,0,0,260,1.0
3592,0,0,261,0.0
3593,0,0,210,0.0
3593,0,0,221,0.0
3593,0,0,212,1.0
3593,0,0,232,0.0
3593,0,0,244,0.0
3593,0,0,253,1.0
3593,0,0,258,0.0
3593,0,0,260,1.0
3593,0,0,261,0.0
3594,0,0,210,0.0
3594,0,0,221,0.0
3594,0,0,212,1.0
3594,0,0,232,0.0
3594,0,0,244,0.0
3594,0,0,253,1.0
3594,0,0,258,0.0
3594,0,0,260,1.0
3594,0,0,261,0.0
3595,0,0,210,0.0
3595,0,0,221,0.0
3595,0,0,212,1.0
3595,0,0,232,0.0
3595,0,0,244,0.0
3595,0,0,253,1.0
3595,0,0,258,0.0
3595,0,0,260,1.0
3595,0,0,261,0.0
3596,0,0,210,0.0
3596,0,0,221,0.0
3596,0,0,212,1.0
3596,0,0,232,0.0
3596,0,0,244,0.0
3596,0,0,253,1.0
3596,0,0,258,0.0
3596,0,0,260,1.0
3596,0,0,261,0.0
3597,0,0,210,0.0
3597,0,0,221,0.0
3597,0,0,212,1.0
3597,0,0,232,0.0
3597,0,0,244,0.0
3597,0,0,253,1.0
3597,0,0,258,0.0
3597,0,0,260,1.0
3597,0,0,261,0.0
3598,0,0,210,0.0
3598,0,0,221,0.0
3598,0,0,212,1.0
3598,0,0,232,0.0
3598,0,0,244,0.0
3598,0,0,253,1.0
3598,0,0,258,0.0
3598,0,0,260,1.0
3599,0,0,210,0.0
3599,0,0,221,0.0
3599,0,0,212,1.0
3599,0,0,232,0.0
3599,0,0,244,0.0
3599,0,0,253,1.0
3599,0,0,258,0.0
3599,0,0,260,1.0
3599,0,0,262,0.0
3600,0,0,210,0.0
3600,0,0,221,0.0
3600,0,0,212,1.0
3600,0,0,232,0.0
3600,0,0,244,0.0
3600,0,0,253,1.0
3600,0,0,258,0.0
3600,0,0,260,1.0
3600,0,0,262,0.0
3601,0,0,210,0.0
3601,0,0,221,0.0
3601,0,0,212,1.0
3601,0,0,232,0.0
3601,0,0,244,0.0
3601,0,0,253,1.0
3601,0,0,258,0.0
3601,0,0,260,1.0
3601,0,0,262,0.0
3602,0,0,210,0.0
3602,0,0,221,0.0
3602,0,0,212,1.0
3602,0,0,232,0.0
3602,0,0,244,0.0
3602,0,0,253,1.0
3602,0,0,258,0.0
3602,0,0,260,1.0
3602,0,0,262,0.0
3603,0,0,210,0.0
3603,0,0,221,0.0
3603,0,0,212,1.0
3603,0,0,232,0.0
3603,0,0,244,0.0
3603,0,0,253,1.0
3603,0,0,258,0.0
3603,0,0,260,1.0
3603,0,0,262,0.0
3604,0,0,210,0.0
3604,0,0,221,0.0
3604,0,0,212,1.0
3604,0,0,232,0.0
3604,0,0,244,0.0
3604,0,0,253,1.0
3604,0,0,258,0.0
3604,0,0,260,1.0
3604,0,0,262,0.0
3605,0,0,210,0.0
3605,0,0,221,0.0
3605,0,0,212,1.0
3605,0,0,232,0.0
3605,0,0,244,0.0
3605,0,0,253,1.0
3605,0,0,258,0.0
3605,0,0,260,1.0
3605,0,0,262,0.0
3606,0,0,210,0.0
3606,0,0,221,0.0
3606,0,0,212,1.0
3606,0,0,232,0.0
3606,0,0,244,0.0
3606,0,0,253,1.0
3606,0,0,258,0.0
3606,0,0,260,1.0
3606,0,0,262,0.0
3607,0,0,210,0.0
3607,0,0,221,0.0
3607,0,0,212,0.9975
3607,0,0,232,0.0
3607,0,0,244,0.0
3607,0,0,258,0.0
3607,0,0,260,1.0
3608,0,0,210,0.0
3608,0,0,221,0.0
3608,0,0,212,0.981
3608,0,0,232,0.0
3608,0,0,244,0.0
3608,0,0,258,0.0
3608,0,0,260,1.0
3609,0,0,210,0.0
3609,0,0,221,0.0
3609,0,0,212,0.9715
3609,0,0,232,0.0
3609,0,0,244,0.0
3609,0,0,258,0.0
3609,0,0,260,1.0
3610,0,0,210,0.0
3610,0,0,221,0.0
3610,0,0,212,0.9683
3610,0,0,232,0.0
3610,0,0,244,0.0
3610,0,0,258,0.0
3610,0,0,260,1.0
3611,0,0,210,0.0
3611,0,0,221,0.0
3611,0,0,212,0.968
3611,0,0,232,0.0
3611,0,0,244,0.0
3611,0,0,258,0.0
3611,0,0,260,1.0
3612,0,0,210,0.0
3612,0,0,221,0.0
3612,0,0,212,0.9686
3612,0,0,232,0.0
3612,0,0,244,0.0
3612,0,0,258,0.0
3612,0,0,260,1.0
3613,0,0,210,0.0
3613,0,0,221,0.0
3613,0,0,212,0.9691
3613,0,0,232,0.0
3613,0,0,244,0.0
3613,0,0,258,0.0
3613,0,0,260,1.0
3614,0,0,210,0.0
3614,0,0,221,0.0
3614,0,0,212,0.9701
3614,0,0,232,0.0
3614,0,0,244,0.0
3614,0,0,258,0.0
3614,0,0,260,1.0
3615,0,0,210,0.0
3615,0,0,221,0.0
3615,0,0,212,0.5405
3615,0,0,232,0.0
3615,0,0,244,0.0
3615,0,0,260,0.8316
3616,0,0,210,0.0
3616,0,0,221,0.0
3616,0,0,212,0.3512
3616,0,0,232,0.0
3616,0,0,244,0.0
3616,0,0,260,0.6899
3616,0,0,263,0.0
3616,0,0,253,0.0572
3617,0,0,210,0.0
3617,0,0,221,0.0
3617,0,0,212,0.2835
3617,0,0,232,0.0
3617,0,0,244,0.0
3617,0,0,260,0.6385
3617,0,0,263,0.0
3617,0,0,253,0.0311
3618,0,0,210,0.0
3618,0,0,221,0.0
3618,0,0,212,0.2624
3618,0,0,232,0.0
3618,0,0,244,0.0
3618,0,0,260,0.6208
3618,0,0,263,0.0
3618,0,0,253,0.0241
3619,0,0,210,0.0
3619,0,0,221,0.0
3619,0,0,212,0.2583
3619,0,0,232,0.0
3619,0,0,244,0.0
3619,0,0,260,0.6162
3619,0,0,263,0.0
3619,0,0,253,0.0227
3620,0,0,210,0.0
3620,0,0,221,0.0
3620,0,0,212,0.2597
3620,0,0,232,0.0
3620,0,0,244,0.0
3620,0,0,260,0.6163
3620,0,0,263,0.0
3620,0,0,253,0.0217
3621,0,0,210,0.0
3621,0,0,221,0.0
3621,0,0,212,0.2545
3621,0,0,232,0.0
3621,0,0,244,0.0
3621,0,0,260,0.6207
3621,0,0,263,0.0
3621,0,0,253,0.0068
3622,0,0,210,0.0
3622,0,0,221,0.0
3622,0,0,212,0.2535
3622,0,0,232,0.0
3622,0,0,244,0.0
3622,0,0,260,0.6252
3622,0,0,263,0.0
3622,0,0,253,0.0035
3623,0,0,210,0.0
3623,0,0,221,0.0
3623,0,0,212,0.2721
3623,0,0,232,0.0
3623,0,0,244,0.0
3623,0,0,260,0.5579
3624,0,0,210,0.0
3624,0,0,221,0.0
3624,0,0,212,0.2787
3624,0,0,232,0.0
3624,0,0,244,0.0
3624,0,0,260,0.5367
3624,0,0,265,0.0
3625,0,0,210,0.0
3625,0,0,221,0.0
3625,0,0,212,0.2828
3625,0,0,232,0.0
3625,0,0,244,0.0
3625,0,0,260,0.5304
3625,0,0,265,0.0
3626,0,0,210,0.0
3626,0,0,221,0.0
3626,0,0,212,0.3063
3626,0,0,232,0.0
3626,0,0,260,0.5283
3626,0,0,265,0.0
3626,0,0,258,0.0
3627,0,0,210,0.0
3627,0,0,221,0.0
3627,0,0,212,0.3159
3627,0,0,232,0.0
3627,0,0,260,0.5288
3627,0,0,265,0.0
3627,0,0,258,0.0
3628,0,0,210,0.0
3628,0,0,221,0.0
3628,0,0,212,0.3205
3628,0,0,232,0.0
3628,0,0,260,0.5305
3628,0,0,265,0.0
3628,0,0,258,0.0
3629,0,0,210,0.0
3629,0,0,221,0.0
3629,0,0,212,0.323
3629,0,0,232,0.0
3629,0,0,260,0.5323
3629,0,0,265,0.0
3629,0,0,258,0.0
3630,0,0,210,0.0
3630,0,0,221,0.0
3630,0,0,212,0.3248
3630,0,0,232,0.0
3630,0,0,260,0.5348
3630,0,0,265,0.0
3630,0,0,258,0.0
3631,0,0,210,0.0
3631,0,0,221,0.0
3631,0,0,212,0.1947
3631,0,0,232,0.0
3631,0,0,260,0.532
3631,0,0,265,0.0
3631,0,0,258,0.0
3632,0,0,210,0.0
3632,0,0,221,0.0
3632,0,0,212,0.1456
3632,0,0,232,0.0
3632,0,0,260,0.5358
3632,0,0,265,0.0
3632,0,0,258,0.0
3633,0,0,210,0.0
3633,0,0,221,0.0
3633,0,0,212,0.1297
3633,0,0,232,0.0
3633,0,0,260,0.5361
3633,0,0,265,0.0
3633,0,0,258,0.0
3634,0,0,210,0.0
3634,0,0,221,0.0
3634,0,0,212,0.1253
3634,0,0,232,0.0
3634,0,0,260,0.5382
3634,0,0,265,0.0
3634,0,0,258,0.0
3635,0,0,210,0.0
3635,0,0,221,0.0
3635,0,0,212,0.125
3635,0,0,232,0.0
3635,0,0,260,0.5364
3635,0,0,265,0.0
3635,0,0,258,0.0
3636,0,0,210,0.0
3636,0,0,221,0.0
3636,0,0,212,0.126
3636,0,0,232,0.0
3636,0,0,260,0.5365
3636,0,0,265,0.0
3636,0,0,258,0.0
3637,0,0,210,0.0
3637,0,0,221,0.0
3637,0,0,212,0.127
3637,0,0,232,0.0
3637,0,0,260,0.5367
3637,0,0,265,0.0
3637,0,0,258,0.0
3638,0,0,210,0.0
3638,0,0,221,0.0
3638,0,0,212,0.1282
3638,0,0,232,0.0
3638,0,0,260,0.5398
3638,0,0,265,0.0
3638,0,0,258,0.0
3639,0,0,210,0.0
3639,0,0,221,0.0
3639,0,0,212,0.1291
3639,0,0,232,0.0
3639,0,0,260,0.5413
3639,0,0,265,0.0
3639,0,0,258,0.0
3640,0,0,210,0.0
3640,0,0,221,0.0
3640,0,0,212,0.0487
3640,0,0,232,0.0
3640,0,0,260,0.2516
3640,0,0,265,0.0
3640,0,0,258,0.0
3641,0,0,210,0.0
3641,0,0,221,0.0
3641,0,0,212,0.0283
3641,0,0,232,0.0
3641,0,0,260,0.1384
3641,0,0,265,0.0
3641,0,0,258,0.0
3641,0,0,266,0.0
3642,0,0,210,0.0
3642,0,0,221,0.0
3642,0,0,212,0.0225
3642,0,0,232,0.0
3642,0,0,265,0.0
3642,0,0,258,0.0
3642,0,0,266,0.0
3643,0,0,210,0.0
3643,0,0,221,0.0
3643,0,0,212,0.0208
3643,0,0,232,0.0
3643,0,0,265,0.0
3643,0,0,258,0.0
3643,0,0,266,0.0
3644,0,0,210,0.0
3644,0,0,221,0.0
3644,0,0,212,0.0271
3644,0,0,232,0.0
3644,0,0,265,0.0
3644,0,0,266,0.0
3644,0,0,244,0.0
3644,0,0,260,0.1636
3645,0,0,210,0.0
3645,0,0,221,0.0
3645,0,0,212,0.0294
3645,0,0,232,0.0
3645,0,0,265,0.0
3645,0,0,266,0.0
3645,0,0,244,0.0
3645,0,0,260,0.1781
3646,0,0,210,0.0
3646,0,0,221,0.0
3646,0,0,212,0.0307
3646,0,0,232,0.0
3646,0,0,265,0.0
3646,0,0,266,0.0
3646,0,0,244,0.0
3646,0,0,260,0.1853
3647,0,0,210,0.0
3647,0,0,221,0.0
3647,0,0,212,0.0318
3647,0,0,232,0.0
3647,0,0,265,0.0
3647,0,0,266,0.0
3647,0,0,244,0.0
3647,0,0,260,0.1887
3648,0,0,210,0.0
3648,0,0,221,0.0
3648,0,0,212,0.019
3648,0,0,232,0.0
3648,0,0,265,0.0
3648,0,0,244,0.0
3648,0,0,260,0.1236
3648,0,0,263,0.0
3649,0,0,210,0.0
3649,0,0,221,0.0
3649,0,0,212,0.0151
3649,0,0,232,0.0
3649,0,0,265,0.0
3649,0,0,244,0.0
3649,0,0,260,0.0995
3649,0,0,263,0.0
3650,0,0,210,0.0
3650,0,0,221,0.0
3650,0,0,212,0.014
3650,0,0,232,0.0
3650,0,0,265,0.0
3650,0,0,244,0.0
3650,0,0,260,0.0917
3650,0,0,263,0.0
3651,0,0,210,0.0
3651,0,0,221,0.0
3651,0,0,212,0.0137
3651,0,0,232,0.0
3651,0,0,265,0.0
3651,0,0,244,0.0
3651,0,0,260,0.0896
3651,0,0,263,0.0
3652,0,0,210,0.0
3652,0,0,221,0.0
3652,0,0,212,0.0137
3652,0,0,232,0.0
3652,0,0,265,0.0
3652,0,0,244,0.0
3652,0,0,260,0.09
3652,0,0,263,0.0
3653,0,0,210,0.0
3653,0,0,221,0.0
3653,0,0,212,0.0138
3653,0,0,232,0.0
3653,0,0,265,0.0
3653,0,0,244,0.0
3653,0,0,260,0.0904
3653,0,0,263,0.0
3654,0,0,210,0.0
3654,0,0,221,0.0
3654,0,0,212,0.014
3654,0,0,232,0.0
3654,0,0,265,0.0
3654,0,0,244,0.0
3654,0,0,260,0.0911
3654,0,0,263,0.0
3655,0,0,210,0.0
3655,0,0,221,0.0
3655,0,0,212,0.0141
3655,0,0,232,0.0
3655,0,0,265,0.0
3655,0,0,244,0.0
3655,0,0,260,0.0922
3655,0,0,263,0.0
3656,0,0,210,0.0
3656,0,0,221,0.0
3656,0,0,212,0.0142
3656,0,0,232,0.0
3656,0,0,265,0.0
3656,0,0,244,0.0
3656,0,0,260,0.0934
3656,0,0,263,0.0
3657,0,0,210,0.0
3657,0,0,221,0.0
3657,0,0,212,0.0139
3657,0,0,232,0.0
3657,0,0,265,0.0
3657,0,0,244,0.0
3657,0,0,260,0.0868
3657,0,0,263,0.0
3658,0,0,210,0.0
3658,0,0,221,0.0
3658,0,0,212,0.023
3658,0,0,232,0.0
3658,0,0,265,0.0
3659,0,0,210,0.0
3659,0,0,221,0.0
3659,0,0,212,0.0272
3659,0,0,232,0.0
3659,0,0,265,0.0
3659,0,0,267,0.0
3659,0,0,268,0.0
3659,0,0,269,0.0
3660,0,0,210,0.0
3660,0,0,221,0.0
3660,0,0,212,0.0287
3660,0,0,232,0.0
3660,0,0,265,0.0
3660,0,0,267,0.0
3660,0,0,268,0.0
3660,0,0,269,0.0
3661,0,0,210,0.0
3661,0,0,221,0.0
3661,0,0,212,0.0293
3661,0,0,232,0.0
3661,0,0,265,0.0
3661,0,0,267,0.0
3661,0,0,268,0.0
3661,0,0,269,0.0
3662,0,0,210,0.0
3662,0,0,221,0.0
3662,0,0,212,0.0345
3662,0,0,232,0.0
3662,0,0,265,0.0
3662,0,0,267,0.0
3662,0,0,268,0.0
3662,0,0,269,0.0
3663,0,0,210,0.0
3663,0,0,221,0.0
3663,0,0,212,0.0366
3663,0,0,232,0.0
3663,0,0,265,0.0
3663,0,0,267,0.0
3663,0,0,268,0.0
3663,0,0,269,0.0
3664,0,0,210,0.0
3664,0,0,221,0.0
3664,0,0,212,0.0373
3664,0,0,232,0.0
3664,0,0,265,0.0
3664,0,0,267,0.0
3664,0,0,268,0.0
3664,0,0,269,0.0
3665,0,0,210,0.0
3665,0,0,221,0.0
3665,0,0,212,0.0374
3665,0,0,232,0.0
3665,0,0,265,0.0
3665,0,0,267,0.0
3665,0,0,268,0.0
3665,0,0,269,0.0
3666,0,0,210,0.0
3666,0,0,221,0.0
3666,0,0,212,0.0372
3666,0,0,232,0.0
3666,0,0,265,0.0
3666,0,0,267,0.0
3666,0,0,268,0.0
3666,0,0,269,0.0
3667,0,0,210,0.0
3667,0,0,221,0.0
3667,0,0,212,0.0
3667,0,0,232,0.0
3667,0,0,265,0.0
3667,0,0,268,0.0
3668,0,0,210,0.0
3668,0,0,221,0.0
3668,0,0,212,0.0
3668,0,0,232,0.0
3668,0,0,265,0.0
3668,0,0,268,0.0
3669,0,0,210,0.0
3669,0,0,221,0.0
3669,0,0,212,0.0
3669,0,0,232,0.0
3669,0,0,265,0.0
3669,0,0,268,0.0
3670,0,0,210,0.0
3670,0,0,221,0.0
3670,0,0,212,0.0
3670,0,0,232,0.0
3670,0,0,265,0.0
3670,0,0,268,0.0
3671,0,0,210,0.0
3671,0,0,221,0.0
3671,0,0,212,0.0
3671,0,0,232,0.0
3671,0,0,265,0.0
3671,0,0,268,0.0
3672,0,0,210,0.0
3672,0,0,221,0.0
3672,0,0,212,0.0
3672,0,0,232,0.0
3672,0,0,265,0.0
3672,0,0,268,0.0
3673,0,0,210,0.0
3673,0,0,221,0.0
3673,0,0,212,0.0
3673,0,0,232,0.0
3673,0,0,265,0.0
3673,0,0,268,0.0
3674,0,0,210,0.0
3674,0,0,221,0.0
3674,0,0,212,0.0
3674,0,0,232,0.0
3674,0,0,265,0.0
3674,0,0,268,0.0
3675,0,0,210,0.0
3675,0,0,221,0.0
3675,0,0,212,0.0
3675,0,0,232,0.0
3675,0,0,265,0.0
3675,0,0,268,0.0
3676,0,0,210,0.0
3676,0,0,221,0.0
3676,0,0,212,0.0
3676,0,0,232,0.0
3676,0,0,265,0.0
3676,0,0,268,0.0
3677,0,0,210,0.0
3677,0,0,221,0.0
3677,0,0,212,0.0
3677,0,0,232,0.0
3677,0,0,265,0.0
3677,0,0,268,0.0
3678,0,0,210,0.0
3678,0,0,221,0.0
3678,0,0,212,0.0
3678,0,0,232,0.0
3678,0,0,265,0.0
3678,0,0,268,0.0
3678,0,0,270,0.0
3679,0,0,210,0.0
3679,0,0,221,0.0
3679,0,0,212,0.0
3679,0,0,232,0.0
3679,0,0,265,0.0
3679,0,0,268,0.0
3679,0,0,270,0.0
3680,0,0,210,0.0
3680,0,0,221,0.0
3680,0,0,212,0.0
3680,0,0,232,0.0
3680,0,0,265,0.0
3680,0,0,268,0.0
3680,0,0,270,0.0
3681,0,0,210,0.0
3681,0,0,221,0.0
3681,0,0,212,0.0
3681,0,0,232,0.0
3681,0,0,265,0.0
3681,0,0,268,0.0
3681,0,0,270,0.0
3682,0,0,210,0.0
3682,0,0,221,0.0
3682,0,0,212,0.0
3682,0,0,232,0.0
3682,0,0,265,0.0
3682,0,0,268,0.0
3682,0,0,270,0.0
3683,0,0,210,0.0
3683,0,0,221,0.0
3683,0,0,212,0.0
3683,0,0,232,0.0
3683,0,0,265,0.0
3683,0,0,268,0.0
3683,0,0,270,0.0
3684,0,0,210,0.0
3684,0,0,221,0.0
3684,0,0,212,0.0
3684,0,0,232,0.0
3684,0,0,265,0.0
3684,0,0,268,0.0
3684,0,0,270,0.0
3685,0,0,210,0.0
3685,0,0,221,0.0
3685,0,0,212,0.0
3685,0,0,232,0.0
3685,0,0,265,0.0
3685,0,0,268,0.0
3685,0,0,270,0.0
3686,0,0,210,0.0
3686,0,0,221,0.0
3686,0,0,212,0.0
3686,0,0,232,0.0
3686,0,0,265,0.0
3686,0,0,268,0.0
3686,0,0,270,0.0
3687,0,0,210,0.0
3687,0,0,221,0.0
3687,0,0,212,0.0
3687,0,0,232,0.0
3687,0,0,265,0.0
3687,0,0,268,0.0
3687,0,0,270,0.0
3688,0,0,210,0.0
3688,0,0,221,0.0
3688,0,0,212,0.0
3688,0,0,232,0.0
3688,0,0,265,0.0
3688,0,0,268,0.0
3688,0,0,270,0.0
3689,0,0,210,0.0
3689,0,0,221,0.0
3689,0,0,212,0.0
3689,0,0,232,0.0
3689,0,0,265,0.0
3689,0,0,268,0.0
3689,0,0,270,0.0
3690,0,0,210,0.0
3690,0,0,221,0.0
3690,0,0,212,0.0
3690,0,0,232,0.0
3690,0,0,265,0.0
3690,0,0,268,0.0
3690,0,0,270,0.0
3691,0,0,210,0.0
3691,0,0,221,0.0
3691,0,0,212,0.0
3691,0,0,232,0.0
3691,0,0,265,0.0
3691,0,0,268,0.0
3691,0,0,270,0.0
3692,0,0,210,0.0
3692,0,0,221,0.0
3692,0,0,212,0.0
3692,0,0,232,0.0
3692,0,0,265,0.0
3692,0,0,270,0.0
3693,0,0,210,0.0
3693,0,0,221,0.0
3693,0,0,212,0.0
3693,0,0,232,0.0
3693,0,0,265,0.0
3693,0,0,270,0.0
3694,0,0,210,0.0
3694,0,0,221,0.0
3694,0,0,212,0.0
3694,0,0,232,0.0
3694,0,0,265,0.0
3694,0,0,270,0.0
3695,0,0,210,0.0
3695,0,0,221,0.0
3695,0,0,212,0.0
3695,0,0,232,0.0
3695,0,0,265,0.0
3695,0,0,270,0.0
3696,0,0,210,0.0
3696,0,0,221,0.0
3696,0,0,212,0.0
3696,0,0,232,0.0
3696,0,0,265,0.0
3696,0,0,270,0.0
3697,0,0,210,0.0
3697,0,0,221,0.0
3697,0,0,212,0.0
3697,0,0,232,0.0
3697,0,0,265,0.0
3697,0,0,270,0.0
3698,0,0,210,0.0
3698,0,0,221,0.0
3698,0,0,212,0.0
3698,0,0,232,0.0
3698,0,0,265,0.0
3698,0,0,270,0.0
3699,0,0,210,0.0
3699,0,0,221,0.0
3699,0,0,212,0.0
3699,0,0,232,0.0
3699,0,0,265,0.0
3699,0,0,270,0.0
3699,0,0,271,0.0
3700,0,0,210,0.0
3700,0,0,221,0.0
3700,0,0,212,0.0
3700,0,0,232,0.0
3700,0,0,265,0.0
3700,0,0,270,0.0
3700,0,0,271,0.0
3701,0,0,210,0.0
3701,0,0,221,0.0
3701,0,0,212,0.0
3701,0,0,232,0.0
3701,0,0,265,0.0
3701,0,0,270,0.0
3701,0,0,271,0.0
3702,0,0,210,0.0
3702,0,0,221,0.0
3702,0,0,212,0.0
3702,0,0,232,0.0
3702,0,0,265,0.0
3702,0,0,270,0.0
3703,0,0,210,0.0
3703,0,0,221,0.0
3703,0,0,212,0.0
3703,0,0,232,0.0
3703,0,0,265,0.0
3703,0,0,270,0.0
3703,0,0,272,0.0
3704,0,0,210,0.0
3704,0,0,221,0.0
3704,0,0,212,0.0
3704,0,0,232,0.0
3704,0,0,265,0.0
3704,0,0,270,0.0
3705,0,0,210,0.0
3705,0,0,221,0.0
3705,0,0,212,0.0
3705,0,0,232,0.0
3705,0,0,265,0.0
3705,0,0,270,0.0
3706,0,0,210,0.0
3706,0,0,221,0.0
3706,0,0,212,0.0
3706,0,0,232,0.0
3706,0,0,265,0.0
3706,0,0,270,0.0
3707,0,0,210,0.0
3707,0,0,221,0.0
3707,0,0,212,0.0
3707,0,0,232,0.0
3707,0,0,265,0.0
3707,0,0,270,0.0
3708,0,0,210,0.0
3708,0,0,221,0.0
3708,0,0,212,0.0
3708,0,0,232,0.0
3708,0,0,265,0.0
3708,0,0,270,0.0
3709,0,0,210,0.0
3709,0,0,221,0.0
3709,0,0,212,0.0
3709,0,0,232,0.0
3709,0,0,265,0.0
3709,0,0,270,0.0
3710,0,0,210,0.0
3710,0,0,221,0.0
3710,0,0,212,0.0
3710,0,0,232,0.0
3710,0,0,265,0.0
3710,0,0,270,0.0
3710,0,0,272,0.0
3711,0,0,210,0.0
3711,0,0,221,0.0
3711,0,0,212,0.0
3711,0,0,232,0.0
3711,0,0,265,0.0
3711,0,0,270,0.0
3711,0,0,272,0.0
3712,0,0,210,0.0
3712,0,0,221,0.0
3712,0,0,212,0.0
3712,0,0,232,0.0
3712,0,0,265,0.0
3712,0,0,270,0.0
3712,0,0,272,0.0
3713,0,0,210,0.0
3713,0,0,221,0.0
3713,0,0,212,0.0
3713,0,0,232,0.0
3713,0,0,265,0.0
3713,0,0,270,0.0
3713,0,0,272,0.0
3714,0,0,210,0.0
3714,0,0,221,0.0
3714,0,0,212,0.0
3714,0,0,232,0.0
3714,0,0,265,0.0
3714,0,0,270,0.0
3714,0,0,272,0.0
3715,0,0,210,0.0
3715,0,0,221,0.0
3715,0,0,212,0.0
3715,0,0,232,0.0
3715,0,0,265,0.0
3715,0,0,270,0.0
3715,0,0,272,0.0
3716,0,0,210,0.0
3716,0,0,221,0.0
3716,0,0,212,0.0
3716,0,0,232,0.0
3716,0,0,265,0.0
3716,0,0,270,0.0
3716,0,0,272,0.0
3717,0,0,210,0.0
3717,0,0,221,0.0
3717,0,0,212,0.0
3717,0,0,232,0.0
3717,0,0,265,0.0
3717,0,0,270,0.0
3717,0,0,272,0.0
3718,0,0,210,0.0
3718,0,0,221,0.0
3718,0,0,212,0.0
3718,0,0,232,0.0
3718,0,0,265,0.0
3718,0,0,270,0.0
3718,0,0,272,0.0
3719,0,0,210,0.0
3719,0,0,221,0.0
3719,0,0,212,0.0
3719,0,0,232,0.0
3719,0,0,265,0.0
3719,0,0,270,0.0
3719,0,0,272,0.0
3719,0,0,275,0.0
3720,0,0,210,0.0
3720,0,0,221,0.0
3720,0,0,212,0.0
3720,0,0,232,0.0
3720,0,0,265,0.0
3720,0,0,270,0.0
3720,0,0,272,0.0
3720,0,0,275,0.0
3721,0,0,210,0.0
3721,0,0,221,0.0
3721,0,0,212,0.0
3721,0,0,232,0.0
3721,0,0,265,0.0
3721,0,0,270,0.0
3721,0,0,272,0.0
3721,0,0,275,0.0
3722,0,0,210,0.0
3722,0,0,221,0.0
3722,0,0,212,0.0
3722,0,0,232,0.0
3722,0,0,265,0.0
3722,0,0,270,0.0
3722,0,0,272,0.0
3722,0,0,275,0.0
3723,0,0,210,0.0
3723,0,0,221,0.0
3723,0,0,212,0.0
3723,0,0,232,0.0
3723,0,0,265,0.0
3723,0,0,270,0.0
3723,0,0,272,0.0
3723,0,0,275,0.0
3724,0,0,210,0.0
3724,0,0,221,0.0
3724,0,0,212,0.0
3724,0,0,232,0.0
3724,0,0,265,0.0
3724,0,0,270,0.0
3724,0,0,272,0.0
3724,0,0,275,0.0
3725,0,0,210,0.0
3725,0,0,221,0.0
3725,0,0,212,0.0
3725,0,0,232,0.0
3725,0,0,265,0.0
3725,0,0,270,0.0
3725,0,0,272,0.0
3725,0,0,275,0.0
3726,0,0,210,0.0
3726,0,0,221,0.0
3726,0,0,212,0.0
3726,0,0,265,0.0
3726,0,0,270,0.0
3726,0,0,272,0.0
3727,0,0,210,0.0
3727,0,0,221,0.0
3727,0,0,212,0.0
3727,0,0,265,0.0
3727,0,0,270,0.0
3727,0,0,272,0.0
3727,0,0,276,0.0
3728,0,0,210,0.0
3728,0,0,221,0.0
3728,0,0,212,0.0
3728,0,0,265,0.0
3728,0,0,270,0.0
3728,0,0,272,0.0
3728,0,0,276,0.0
3729,0,0,210,0.0
3729,0,0,221,0.0
3729,0,0,212,0.0
3729,0,0,265,0.0
3729,0,0,270,0.0
3729,0,0,272,0.0
3729,0,0,276,0.0
3730,0,0,210,0.0
3730,0,0,221,0.0
3730,0,0,212,0.0
3730,0,0,265,0.0
3730,0,0,270,0.0
3730,0,0,272,0.0
3730,0,0,276,0.0
3731,0,0,210,0.0
3731,0,0,221,0.0
3731,0,0,212,0.0
3731,0,0,265,0.0
3731,0,0,270,0.0
3731,0,0,272,0.0
3731,0,0,276,0.0
3732,0,0,210,0.0
3732,0,0,221,0.0
3732,0,0,212,0.0
3732,0,0,265,0.0
3732,0,0,270,0.0
3732,0,0,272,0.0
3732,0,0,276,0.0
3733,0,0,210,0.0
3733,0,0,221,0.0
3733,0,0,212,0.0
3733,0,0,265,0.0
3733,0,0,270,0.0
3733,0,0,272,0.0
3733,0,0,276,0.0
3734,0,0,210,0.0
3734,0,0,221,0.0
3734,0,0,212,0.0
3734,0,0,265,0.0
3734,0,0,270,0.0
3734,0,0,272,0.0
3734,0,0,276,0.0
3735,0,0,210,0.0
3735,0,0,221,0.0
3735,0,0,212,0.0
3735,0,0,265,0.0
3735,0,0,270,0.0
3735,0,0,272,0.0
3735,0,0,276,0.0
3735,0,0,279,0.0
3735,0,0,232,0.0
3736,0,0,210,0.0
3736,0,0,221,0.0
3736,0,0,212,0.0
3736,0,0,265,0.0
3736,0,0,270,0.0
3736,0,0,272,0.0
3736,0,0,276,0.0
3736,0,0,279,0.0
3736,0,0,232,0.0
3737,0,0,210,0.0
3737,0,0,221,0.0
3737,0,0,212,0.0
3737,0,0,265,0.0
3737,0,0,270,0.0
3737,0,0,272,0.0
3737,0,0,276,0.0
3737,0,0,279,0.0
3737,0,0,232,0.0
3738,0,0,210,0.0
3738,0,0,221,0.0
3738,0,0,212,0.0
3738,0,0,265,0.0
3738,0,0,270,0.0
3738,0,0,272,0.0
3738,0,0,276,0.0
3738,0,0,279,0.0
3738,0,0,232,0.0
3739,0,0,210,0.0
3739,0,0,221,0.0
3739,0,0,212,0.0
3739,0,0,265,0.0
3739,0,0,270,0.0
3739,0,0,272,0.0
3739,0,0,276,0.0
3739,0,0,279,0.0
3739,0,0,232,0.0
3740,0,0,210,0.0
3740,0,0,221,0.0
3740,0,0,212,0.0
3740,0,0,265,0.0
3740,0,0,270,0.0
3740,0,0,272,0.0
3740,0,0,276,0.0
3740,0,0,279,0.0
3740,0,0,232,0.0
3741,0,0,210,0.0
3741,0,0,221,0.0
3741,0,0,212,0.0
3741,0,0,265,0.0
3741,0,0,270,0.0
3741,0,0,272,0.0
3741,0,0,276,0.0
3741,0,0,279,0.0
3741,0,0,232,0.0
3742,0,0,210,0.0
3742,0,0,221,0.0
3742,0,0,212,0.0
3742,0,0,265,0.0
3742,0,0,270,0.0
3742,0,0,272,0.0
3742,0,0,276,0.0
3742,0,0,279,0.0
3742,0,0,232,0.0
3743,0,0,210,0.0
3743,0,0,221,0.0
3743,0,0,212,0.0
3743,0,0,265,0.0
3743,0,0,270,0.0
3743,0,0,272,0.0
3743,0,0,276,0.0
3743,0,0,279,0.0
3743,0,0,232,0.0
3744,0,0,210,0.0
3744,0,0,221,0.0
3744,0,0,212,0.0
3744,0,0,265,0.0
3744,0,0,270,0.0
3744,0,0,272,0.0
3744,0,0,276,0.0
3744,0,0,232,0.0
3745,0,0,210,0.0
3745,0,0,221,0.0
3745,0,0,212,0.0
3745,0,0,265,0.0
3745,0,0,270,0.0
3745,0,0,272,0.0
3745,0,0,276,0.0
3745,0,0,232,0.0
3746,0,0,210,0.0
3746,0,0,221,0.0
3746,0,0,212,0.0
3746,0,0,265,0.0
3746,0,0,270,0.0
3746,0,0,272,0.0
3746,0,0,276,0.0
3746,0,0,232,0.0
3747,0,0,210,0.0
3747,0,0,221,0.0
3747,0,0,212,0.0
3747,0,0,265,0.0
3747,0,0,270,0.0
3747,0,0,272,0.0
3747,0,0,276,0.0
3747,0,0,232,0.0
3748,0,0,210,0.0
3748,0,0,221,0.0
3748,0,0,212,0.0
3748,0,0,265,0.0
3748,0,0,270,0.0
3748,0,0,272,0.0
3748,0,0,276,0.0
3748,0,0,232,0.0
3749,0,0,210,0.0
3749,0,0,221,0.0
3749,0,0,212,0.0
3749,0,0,265,0.0
3749,0,0,270,0.0
3749,0,0,272,0.0
3749,0,0,276,0.0
3749,0,0,232,0.0
3750,0,0,210,0.0
3750,0,0,221,0.0
3750,0,0,212,0.0
3750,0,0,265,0.0
3750,0,0,270,0.0
3750,0,0,272,0.0
3750,0,0,276,0.0
3750,0,0,232,0.0
3751,0,0,210,0.0
3751,0,0,221,0.0
3751,0,0,212,0.0
3751,0,0,265,0.0
3751,0,0,270,0.0
3751,0,0,272,0.0
3751,0,0,276,0.0
3751,0,0,232,0.0
3752,0,0,210,0.0
3752,0,0,221,0.0
3752,0,0,212,0.0
3752,0,0,265,0.0
3752,0,0,270,0.0
3752,0,0,272,0.0
3752,0,0,276,0.0
3752,0,0,232,0.0
3753,0,0,210,0.0
3753,0,0,221,0.0
3753,0,0,212,0.0
3753,0,0,265,0.0
3753,0,0,270,0.0
3753,0,0,272,0.0
3753,0,0,276,0.0
3753,0,0,232,0.0
3754,0,0,210,0.0
3754,0,0,221,0.0
3754,0,0,212,0.0
3754,0,0,265,0.0
3754,0,0,270,0.0
3754,0,0,272,0.0
3754,0,0,276,0.0
3754,0,0,232,0.0
3755,0,0,210,0.0
3755,0,0,221,0.0
3755,0,0,212,0.0
3755,0,0,265,0.0
3755,0,0,270,0.0
3755,0,0,272,0.0
3755,0,0,276,0.0
3755,0,0,232,0.0
3756,0,0,210,0.0
3756,0,0,221,0.0
3756,0,0,212,0.0
3756,0,0,265,0.0
3756,0,0,270,0.0
3756,0,0,272,0.0
3756,0,0,276,0.0
3756,0,0,232,0.0
3757,0,0,210,0.0
3757,0,0,221,0.0
3757,0,0,212,0.0
3757,0,0,265,0.0
3757,0,0,270,0.0
3757,0,0,272,0.0
3757,0,0,276,0.0
3757,0,0,232,0.0
3758,0,0,210,0.0
3758,0,0,221,0.0
3758,0,0,212,0.0
3758,0,0,265,0.0
3758,0,0,270,0.0
3758,0,0,272,0.0
3758,0,0,276,0.0
3758,0,0,232,0.0
3759,0,0,210,0.0
3759,0,0,221,0.0
3759,0,0,212,0.0
3759,0,0,265,0.0
3759,0,0,270,0.0
3759,0,0,272,0.0
3759,0,0,276,0.0
3759,0,0,232,0.0
3760,0,0,210,0.0
3760,0,0,221,0.0
3760,0,0,212,0.0
3760,0,0,265,0.0
3760,0,0,270,0.0
3760,0,0,272,0.0
3760,0,0,276,0.0
3760,0,0,232,0.0
3761,0,0,210,0.0
3761,0,0,221,0.0
3761,0,0,212,0.0
3761,0,0,265,0.0
3761,0,0,270,0.0
3761,0,0,272,0.0
3761,0,0,276,0.0
3761,0,0,232,0.0
3762,0,0,210,0.0211
3762,0,0,221,0.0
3762,0,0,212,0.0
3762,0,0,265,0.0
3762,0,0,270,0.0
3762,0,0,272,0.0
3762,0,0,276,0.0
3762,0,0,232,0.0
3763,0,0,210,0.0454
3763,0,0,221,0.0
3763,0,0,212,0.0
3763,0,0,265,0.0
3763,0,0,270,0.0
3763,0,0,272,0.0
3763,0,0,276,0.0
3763,0,0,232,0.0
3764,0,0,210,0.0572
3764,0,0,221,0.0
3764,0,0,212,0.0
3764,0,0,265,0.0
3764,0,0,270,0.0
3764,0,0,272,0.0
3764,0,0,276,0.0
3764,0,0,232,0.0
3765,0,0,210,0.0618
3765,0,0,221,0.0
3765,0,0,212,0.0
3765,0,0,265,0.0
3765,0,0,270,0.0
3765,0,0,272,0.0
3765,0,0,276,0.0
3765,0,0,232,0.0
3766,0,0,210,0.0632
3766,0,0,221,0.0
3766,0,0,212,0.0
3766,0,0,265,0.0
3766,0,0,270,0.0
3766,0,0,272,0.0
3766,0,0,276,0.0
3766,0,0,232,0.0
3767,0,0,210,0.0632
3767,0,0,221,0.0
3767,0,0,212,0.0
3767,0,0,265,0.0
3767,0,0,270,0.0
3767,0,0,272,0.0
3767,0,0,276,0.0
3767,0,0,232,0.0
3768,0,0,210,0.0629
3768,0,0,221,0.0
3768,0,0,212,0.0
3768,0,0,265,0.0
3768,0,0,270,0.0
3768,0,0,272,0.0
3768,0,0,276,0.0
3768,0,0,232,0.0
3769,0,0,210,0.0626
3769,0,0,221,0.0
3769,0,0,212,0.0
3769,0,0,265,0.0
3769,0,0,270,0.0
3769,0,0,272,0.0
3769,0,0,276,0.0
3769,0,0,232,0.0
3770,0,0,210,0.0623
3770,0,0,221,0.0
3770,0,0,212,0.0
3770,0,0,265,0.0
3770,0,0,270,0.0
3770,0,0,272,0.0
3770,0,0,276,0.0
3770,0,0,232,0.0
3771,0,0,210,0.492
3771,0,0,221,0.0
3771,0,0,212,0.0
3771,0,0,265,0.0
3771,0,0,270,0.0
3771,0,0,272,0.0
3771,0,0,276,0.0
3771,0,0,232,0.0
3772,0,0,210,0.719
3772,0,0,221,0.0
3772,0,0,212,0.0
3772,0,0,265,0.0
3772,0,0,270,0.0
3772,0,0,272,0.0
3772,0,0,276,0.0
3772,0,0,232,0.0
3773,0,0,210,0.7881
3773,0,0,221,0.0
3773,0,0,212,0.0
3773,0,0,265,0.0
3773,0,0,270,0.0
3773,0,0,272,0.0
3773,0,0,276,0.0
3773,0,0,232,0.0
3774,0,0,210,0.8077
3774,0,0,221,0.0
3774,0,0,212,0.0
3774,0,0,265,0.0
3774,0,0,270,0.0
3774,0,0,272,0.0
3774,0,0,276,0.0
3774,0,0,232,0.0
3775,0,0,210,0.8109
3775,0,0,221,0.0
3775,0,0,212,0.0
3775,0,0,265,0.0
3775,0,0,270,0.0
3775,0,0,272,0.0
3775,0,0,276,0.0
3775,0,0,232,0.0
3776,0,0,210,0.8091
3776,0,0,221,0.0
3776,0,0,212,0.0
3776,0,0,265,0.0
3776,0,0,270,0.0
3776,0,0,272,0.0
3776,0,0,276,0.0
3776,0,0,232,0.0
3777,0,0,210,0.8059
3777,0,0,221,0.0
3777,0,0,212,0.0
3777,0,0,265,0.0
3777,0,0,270,0.0
3777,0,0,272,0.0
3777,0,0,276,0.0
3777,0,0,232,0.0
3778,0,0,210,0.8016
3778,0,0,221,0.0
3778,0,0,212,0.0
3778,0,0,265,0.0
3778,0,0,270,0.0
3778,0,0,272,0.0
3778,0,0,276,0.0
3778,0,0,232,0.0
3779,0,0,210,0.7984
3779,0,0,221,0.0
3779,0,0,212,0.0
3779,0,0,265,0.0
3779,0,0,270,0.0
3779,0,0,272,0.0
3779,0,0,276,0.0
3779,0,0,232,0.0
3780,0,0,210,0.9111
3780,0,0,221,0.0
3780,0,0,265,0.0
3780,0,0,270,0.0
3780,0,0,272,0.0
3780,0,0,276,0.0
3780,0,0,232,0.0
3781,0,0,210,0.9418
3781,0,0,221,0.0
3781,0,0,265,0.0
3781,0,0,270,0.0
3781,0,0,272,0.0
3781,0,0,276,0.0
3781,0,0,232,0.0
3782,0,0,210,0.9501
3782,0,0,221,0.0
3782,0,0,265,0.0
3782,0,0,270,0.0
3782,0,0,272,0.0
3782,0,0,276,0.0
3782,0,0,232,0.0
3783,0,0,210,0.952
3783,0,0,221,0.0
3783,0,0,265,0.0
3783,0,0,270,0.0
3783,0,0,272,0.0
3783,0,0,276,0.0
3783,0,0,232,0.0
3784,0,0,210,0.9506
3784,0,0,221,0.0
3784,0,0,265,0.0
3784,0,0,270,0.0
3784,0,0,272,0.0
3784,0,0,276,0.0
3784,0,0,232,0.0
3785,0,0,210,0.9487
3785,0,0,221,0.0
3785,0,0,265,0.0
3785,0,0,270,0.0
3785,0,0,272,0.0
3785,0,0,276,0.0
3785,0,0,232,0.0
3786,0,0,210,0.9473
3786,0,0,221,0.0
3786,0,0,265,0.0
3786,0,0,270,0.0
3786,0,0,272,0.0
3786,0,0,276,0.0
3786,0,0,232,0.0
3787,0,0,210,0.9466
3787,0,0,221,0.0
3787,0,0,265,0.0
3787,0,0,270,0.0
3787,0,0,272,0.0
3787,0,0,276,0.0
3787,0,0,232,0.0
3788,0,0,210,0.9392
3788,0,0,221,0.0
3788,0,0,265,0.0
3788,0,0,270,0.0
3788,0,0,272,0.0
3788,0,0,276,0.0
3788,0,0,232,0.0
3788,0,0,212,0.0
3789,0,0,210,0.9383
3789,0,0,221,0.0
3789,0,0,265,0.0
3789,0,0,270,0.0
3789,0,0,272,0.0
3789,0,0,276,0.0
3789,0,0,232,0.0
3789,0,0,212,0.0
3790,0,0,210,0.937
3790,0,0,221,0.0
3790,0,0,265,0.0
3790,0,0,270,0.0
3790,0,0,272,0.0
3790,0,0,276,0.0
3790,0,0,232,0.0
3790,0,0,212,0.0
3790,0,0,285,0.0
3791,0,0,210,0.9358
3791,0,0,221,0.0
3791,0,0,265,0.0
3791,0,0,270,0.0
3791,0,0,272,0.0
3791,0,0,276,0.0
3791,0,0,232,0.0
3791,0,0,212,0.0
3791,0,0,285,0.0
3792,0,0,210,0.9348
3792,0,0,221,0.0
3792,0,0,265,0.0
3792,0,0,270,0.0
3792,0,0,272,0.0
3792,0,0,276,0.0
3792,0,0,232,0.0
3792,0,0,212,0.0
3792,0,0,285,0.0
3793,0,0,210,0.934
3793,0,0,221,0.0
3793,0,0,265,0.0
3793,0,0,270,0.0
3793,0,0,272,0.0
3793,0,0,276,0.0
3793,0,0,232,0.0
3793,0,0,212,0.0
3793,0,0,285,0.0
3794,0,0,210,0.9319
3794,0,0,221,0.0
3794,0,0,265,0.0
3794,0,0,270,0.0
3794,0,0,272,0.0
3794,0,0,276,0.0
3794,0,0,232,0.0
3794,0,0,212,0.0
3794,0,0,285,0.0
3795,0,0,210,0.9302
3795,0,0,221,0.0
3795,0,0,265,0.0
3795,0,0,270,0.0
3795,0,0,272,0.0
3795,0,0,276,0.0
3795,0,0,232,0.0
3795,0,0,212,0.0
3795,0,0,285,0.0
3796,0,0,210,0.9306
3796,0,0,221,0.0
3796,0,0,265,0.0
3796,0,0,270,0.0
3796,0,0,272,0.0
3796,0,0,276,0.0
3796,0,0,232,0.0
3796,0,0,212,0.0
3796,0,0,285,0.0
3797,0,0,210,0.8612
3797,0,0,221,0.0
3797,0,0,265,0.0
3797,0,0,270,0.0
3797,0,0,276,0.0
3797,0,0,232,0.0
3797,0,0,285,0.0
3798,0,0,210,0.8305
3798,0,0,221,0.0
3798,0,0,265,0.0
3798,0,0,270,0.0
3798,0,0,276,0.0
3798,0,0,232,0.0
3798,0,0,285,0.0
3798,0,0,287,0.0
3798,0,0,288,0.0
3799,0,0,210,0.8195
3799,0,0,221,0.0
3799,0,0,265,0.0
3799,0,0,270,0.0
3799,0,0,276,0.0
3799,0,0,232,0.0
3799,0,0,285,0.0
3799,0,0,287,0.0
3799,0,0,288,0.0
3800,0,0,210,0.8162
3800,0,0,221,0.0
3800,0,0,265,0.0
3800,0,0,270,0.0
3800,0,0,276,0.0
3800,0,0,232,0.0
3800,0,0,285,0.0
3800,0,0,287,0.0
3800,0,0,288,0.0
3801,0,0,210,0.8162
3801,0,0,221,0.0
3801,0,0,265,0.0
3801,0,0,270,0.0
3801,0,0,276,0.0
3801,0,0,232,0.0
3801,0,0,285,0.0
3801,0,0,287,0.0
3801,0,0,288,0.0
3802,0,0,210,0.8174
3802,0,0,221,0.0
3802,0,0,265,0.0
3802,0,0,270,0.0
3802,0,0,276,0.0
3802,0,0,232,0.0
3802,0,0,285,0.0
3802,0,0,287,0.0
3802,0,0,288,0.0
3803,0,0,210,0.8188
3803,0,0,221,0.0
3803,0,0,265,0.0
3803,0,0,270,0.0
3803,0,0,276,0.0
3803,0,0,232,0.0
3803,0,0,285,0.0
3803,0,0,287,0.0
3803,0,0,288,0.0
3804,0,0,210,0.8201
3804,0,0,221,0.0
3804,0,0,265,0.0
3804,0,0,270,0.0
3804,0,0,276,0.0
3804,0,0,232,0.0
3804,0,0,285,0.0
3804,0,0,287,0.0
3804,0,0,288,0.0
3805,0,0,210,0.8208
3805,0,0,221,0.0
3805,0,0,265,0.0
3805,0,0,270,0.0
3805,0,0,276,0.0
3805,0,0,232,0.0
3805,0,0,285,0.0
3805,0,0,287,0.0
3805,0,0,288,0.0
3806,0,0,210,0.5697
3806,0,0,221,0.0
3806,0,0,265,0.0
3806,0,0,270,0.0
3806,0,0,276,0.0
3806,0,0,232,0.0
3806,0,0,285,0.0
3806,0,0,288,0.0
3807,0,0,210,0.5556
3807,0,0,221,0.0
3807,0,0,265,0.0
3807,0,0,270,0.0
3807,0,0,276,0.0
3807,0,0,232,0.0
3807,0,0,285,0.0
3807,0,0,288,0.0
3808,0,0,210,0.5555
3808,0,0,221,0.0
3808,0,0,265,0.0
3808,0,0,270,0.0
3808,0,0,276,0.0
3808,0,0,232,0.0
3808,0,0,285,0.0
3808,0,0,288,0.0
3809,0,0,210,0.5562
3809,0,0,221,0.0
3809,0,0,265,0.0
3809,0,0,270,0.0
3809,0,0,276,0.0
3809,0,0,232,0.0
3809,0,0,285,0.0
3809,0,0,288,0.0
3810,0,0,210,0.5577
3810,0,0,221,0.0
3810,0,0,265,0.0
3810,0,0,270,0.0
3810,0,0,276,0.0
3810,0,0,232,0.0
3810,0,0,285,0.0
3810,0,0,288,0.0
3811,0,0,210,0.5501
3811,0,0,221,0.0
3811,0,0,265,0.0
3811,0,0,270,0.0
3811,0,0,276,0.0
3811,0,0,232,0.0
3811,0,0,285,0.0
3811,0,0,288,0.0
3812,0,0,210,0.5589
3812,0,0,221,0.0
3812,0,0,265,0.0
3812,0,0,270,0.0
3812,0,0,276,0.0
3812,0,0,232,0.0
3812,0,0,285,0.0
3812,0,0,288,0.0
3813,0,0,210,0.5643
3813,0,0,221,0.0
3813,0,0,265,0.0
3813,0,0,270,0.0
3813,0,0,276,0.0
3813,0,0,232,0.0
3813,0,0,285,0.0
3813,0,0,288,0.0
3814,0,0,210,0.5652
3814,0,0,221,0.0
3814,0,0,265,0.0
3814,0,0,270,0.0
3814,0,0,276,0.0
3814,0,0,232,0.0
3814,0,0,285,0.0
3814,0,0,288,0.0
3815,1,0,210,0.5657
3815,1,0,221,0.0
3815,1,0,265,0.0
3815,1,0,270,0.0
3815,1,0,276,0.0
3815,1,0,232,0.0
3815,1,0,285,0.0
3815,1,0,288,0.0
3816,1,0,210,0.546
3816,1,0,221,0.0
3816,1,0,265,0.0
3816,1,0,270,0.0
3816,1,0,276,0.0
3816,1,0,232,0.0
3816,1,0,285,0.0
3816,1,0,288,0.0
3816,1,0,289,0.0
3817,1,0,210,0.5398
3817,1,0,221,0.0
3817,1,0,265,0.0
3817,1,0,270,0.0
3817,1,0,276,0.0
3817,1,0,232,0.0
3817,1,0,285,0.0
3817,1,0,288,0.0
3817,1,0,289,0.0
3818,1,0,210,0.5379
3818,1,0,221,0.0
3818,1,0,265,0.0
3818,1,0,270,0.0
3818,1,0,276,0.0
3818,1,0,232,0.0
3818,1,0,285,0.0
3818,1,0,288,0.0
3818,1,0,289,0.0
3819,1,0,210,0.5366
3819,1,0,221,0.0
3819,1,0,265,0.0
3819,1,0,270,0.0
3819,1,0,276,0.0
3819,1,0,232,0.0
3819,1,0,285,0.0
3819,1,0,288,0.0
3819,1,0,289,0.0
3820,1,0,210,0.5397
3820,1,0,221,0.0
3820,1,0,265,0.0
3820,1,0,270,0.0
3820,1,0,276,0.0
3820,1,0,232,0.0
3820,1,0,285,0.0
3820,1,0,288,0.0
3820,1,0,289,0.0
3821,1,0,210,0.543
3821,1,0,221,0.0
3821,1,0,265,0.0
3821,1,0,270,0.0
3821,1,0,276,0.0
3821,1,0,232,0.0
3821,1,0,285,0.0
3821,1,0,288,0.0
3821,1,0,289,0.0
3822,1,0,210,0.5455
3822,1,0,221,0.0
3822,1,0,265,0.0
3822,1,0,270,0.0
3822,1,0,276,0.0
3822,1,0,232,0.0
3822,1,0,285,0.0
3822,1,0,288,0.0
3822,1,0,289,0.0
3823,1,0,210,0.5456
3823,1,0,221,0.0
3823,1,0,265,0.0
3823,1,0,270,0.0
3823,1,0,276,0.0
3823,1,0,232,0.0
3823,1,0,285,0.0
3823,1,0,288,0.0
3823,1,0,289,0.0
3824,1,0,221,0.0
3824,1,0,265,0.0
3824,1,0,270,0.0
3824,1,0,276,0.0
3824,1,0,232,0.0
3824,1,0,285,0.0
3824,1,0,288,0.0
3824,1,0,289,0.0
3825,1,0,221,0.0
3825,1,0,265,0.0
3825,1,0,270,0.0
3825,1,0,276,0.0
3825,1,0,232,0.0
3825,1,0,285,0.0
3825,1,0,289,0.0
3826,1,0,221,0.0
3826,1,0,265,0.0
3826,1,0,270,0.0
3826,1,0,276,0.0
3826,1,0,232,0.0
3826,1,0,285,0.0
3826,1,0,289,0.0
3827,1,0,221,0.0
3827,1,0,265,0.0
3827,1,0,270,0.0
3827,1,0,276,0.0
3827,1,0,232,0.0
3827,1,0,285,0.0
3827,1,0,289,0.0
3828,1,0,221,0.0
3828,1,0,265,0.0
3828,1,0,270,0.0
3828,1,0,276,0.0
3828,1,0,232,0.0
3828,1,0,285,0.0
3828,1,0,289,0.0
3829,1,0,221,0.0
3829,1,0,265,0.0
3829,1,0,270,0.0
3829,1,0,276,0.0
3829,1,0,232,0.0
3829,1,0,285,0.0
3829,1,0,289,0.0
3830,1,0,221,0.0
3830,1,0,265,0.0
3830,1,0,270,0.0
3830,1,0,276,0.0
3830,1,0,232,0.0
3830,1,0,285,0.0
3830,1,0,289,0.0
3831,1,0,221,0.0
3831,1,0,265,0.0
3831,1,0,270,0.0
3831,1,0,276,0.0
3831,1,0,232,0.0
3831,1,0,285,0.0
3831,1,0,289,0.0
3832,0,0,221,0.0
3832,0,0,265,0.0
3832,0,0,270,0.0
3832,0,0,276,0.0
3832,0,0,232,0.0
3832,0,0,285,0.0
3832,0,0,289,0.0
3832,0,0,288,0.0
3833,0,0,221,0.0
3833,0,0,265,0.0
3833,0,0,270,0.0
3833,0,0,276,0.0
3833,0,0,232,0.0
3833,0,0,285,0.0
3833,0,0,289,0.0
3833,0,0,288,0.0
3834,0,0,221,0.0
3834,0,0,265,0.0
3834,0,0,270,0.0
3834,0,0,276,0.0
3834,0,0,232,0.0
3834,0,0,285,0.0
3834,0,0,289,0.0
3834,0,0,288,0.0
3835,0,0,221,0.0
3835,0,0,265,0.0
3835,0,0,270,0.0
3835,0,0,276,0.0
3835,0,0,232,0.0
3835,0,0,285,0.0
3835,0,0,289,0.0
3835,0,0,288,0.0
3836,0,0,221,0.0
3836,0,0,265,0.0
3836,0,0,270,0.0
3836,0,0,276,0.0
3836,0,0,232,0.0
3836,0,0,285,0.0
3836,0,0,289,0.0
3836,0,0,288,0.0
3837,0,0,221,0.0
3837,0,0,265,0.0
3837,0,0,270,0.0
3837,0,0,276,0.0
3837,0,0,232,0.0
3837,0,0,285,0.0
3837,0,0,289,0.0
3837,0,0,288,0.0
3838,0,0,221,0.0
3838,0,0,265,0.0
3838,0,0,270,0.0
3838,0,0,276,0.0
3838,0,0,232,0.0
3838,0,0,285,0.0
3838,0,0,289,0.0
3838,0,0,288,0.0
3839,0,0,221,0.0
3839,0,0,265,0.0
3839,0,0,270,0.0
3839,0,0,276,0.0
3839,0,0,232,0.0
3839,0,0,285,0.0
3839,0,0,289,0.0
3839,0,0,288,0.0
3840,0,0,221,0.0
3840,0,0,265,0.0
3840,0,0,270,0.0
3840,0,0,276,0.0
3840,0,0,232,0.0
3840,0,0,285,0.0
3840,0,0,289,0.0
3840,0,0,288,0.0
3841,0,0,221,0.0
3841,0,0,265,0.0
3841,0,0,270,0.0
3841,0,0,276,0.0
3841,0,0,232,0.0
3841,0,0,285,0.0
3841,0,0,289,0.0
3841,0,0,288,0.0
3841,0,0,293,0.0
3842,0,0,221,0.0
3842,0,0,265,0.0
3842,0,0,270,0.0
3842,0,0,276,0.0
3842,0,0,232,0.0
3842,0,0,285,0.0
3842,0,0,289,0.0
3842,0,0,288,0.0
3842,0,0,293,0.0
3843,0,0,221,0.0
3843,0,0,265,0.0
3843,0,0,270,0.0
3843,0,0,276,0.0
3843,0,0,232,0.0
3843,0,0,285,0.0
3843,0,0,289,0.0
3843,0,0,288,0.0
3843,0,0,293,0.0
3844,0,0,221,0.0
3844,0,0,265,0.0
3844,0,0,270,0.0
3844,0,0,276,0.0
3844,0,0,232,0.0
3844,0,0,285,0.0
3844,0,0,289,0.0
3844,0,0,288,0.0
3844,0,0,293,0.0
3845,0,0,221,0.0
3845,0,0,265,0.0
3845,0,0,270,0.0
3845,0,0,276,0.0
3845,0,0,232,0.0
3845,0,0,285,0.0
3845,0,0,289,0.0
3845,0,0,288,0.0
3845,0,0,293,0.0
3846,0,0,221,0.0
3846,0,0,265,0.0
3846,0,0,270,0.0
3846,0,0,276,0.0
3846,0,0,232,0.0
3846,0,0,285,0.0
3846,0,0,289,0.0
3846,0,0,288,0.0
3846,0,0,293,0.0
3847,0,0,221,0.0
3847,0,0,265,0.0
3847,0,0,270,0.0
3847,0,0,276,0.0
3847,0,0,232,0.0
3847,0,0,285,0.0
3847,0,0,289,0.0
3847,0,0,288,0.0
3847,0,0,293,0.0
3848,0,0,221,0.0
3848,0,0,265,0.0
3848,0,0,270,0.0
3848,0,0,276,0.0
3848,0,0,232,0.0
3848,0,0,285,0.0
3848,0,0,289,0.0
3848,0,0,288,0.0
3848,0,0,293,0.0
3849,0,0,221,0.0
3849,0,0,265,0.0
3849,0,0,270,0.0
3849,0,0,276,0.0
3849,0,0,232,0.0
3849,0,0,285,0.0
3849,0,0,289,0.0
3849,0,0,288,0.0
3849,0,0,293,0.0
3850,0,0,221,0.0
3850,0,0,265,0.0
3850,0,0,270,0.0
3850,0,0,276,0.0
3850,0,0,232,0.0
3850,0,0,285,0.0
3850,0,0,289,0.0
3850,0,0,288,0.0
3850,0,0,293,0.0
3851,0,0,221,0.0
3851,0,0,265,0.0
3851,0,0,270,0.0
3851,0,0,276,0.0
3851,0,0,232,0.0
3851,0,0,285,0.0
3851,0,0,289,0.0
3851,0,0,288,0.0
3851,0,0,293,0.0
3852,0,0,221,0.0
3852,0,0,265,0.0
3852,0,0,270,0.0
3852,0,0,276,0.0
3852,0,0,232,0.0
3852,0,0,285,0.0
3852,0,0,289,0.0
3852,0,0,288,0.0
3852,0,0,293,0.0
3853,0,0,221,0.0
3853,0,0,265,0.0
3853,0,0,270,0.0
3853,0,0,276,0.0
3853,0,0,232,0.0
3853,0,0,285,0.0
3853,0,0,289,0.0
3853,0,0,288,0.0
3853,0,0,293,0.0
3854,0,0,221,0.0
3854,0,0,265,0.0
3854,0,0,270,0.0
3854,0,0,276,0.0
3854,0,0,232,0.0
3854,0,0,285,0.0
3854,0,0,289,0.0
3854,0,0,288,0.0
3854,0,0,293,0.0
3855,0,0,221,0.0
3855,0,0,265,0.0
3855,0,0,270,0.0
3855,0,0,276,0.0
3855,0,0,232,0.0
3855,0,0,285,0.0
3855,0,0,289,0.0
3855,0,0,288,0.0
3855,0,0,293,0.0
3856,0,0,221,0.0
3856,0,0,265,0.0
3856,0,0,270,0.0
3856,0,0,276,0.0
3856,0,0,232,0.0
3856,0,0,285,0.0
3856,0,0,289,0.0
3856,0,0,288,0.0
3856,0,0,293,0.0
3857,0,0,221,0.0
3857,0,0,265,0.0
3857,0,0,270,0.0
3857,0,0,276,0.0
3857,0,0,232,0.0
3857,0,0,289,0.0779
3857,0,0,288,0.0
3858,0,0,221,0.0
3858,0,0,265,0.0
3858,0,0,270,0.0
3858,0,0,276,0.0
3858,0,0,232,0.0
3858,0,0,289,0.7157
3858,0,0,288,0.0
3858,0,0,296,0.0
3859,0,0,221,0.0
3859,0,0,265,0.0
3859,0,0,270,0.0
3859,0,0,276,0.0
3859,0,0,232,0.0
3859,0,0,289,0.9058
3859,0,0,288,0.0
3859,0,0,296,0.0
3860,0,0,221,0.0
3860,0,0,265,0.0
3860,0,0,270,0.0
3860,0,0,276,0.0
3860,0,0,232,0.0
3860,0,0,289,0.9414
3860,0,0,288,0.0
3860,0,0,296,0.0
3861,0,0,221,0.0
3861,0,0,265,0.0
3861,0,0,270,0.0
3861,0,0,276,0.0
3861,0,0,232,0.0
3861,0,0,289,0.948
3861,0,0,288,0.0
3861,0,0,296,0.0
3861,0,0,285,0.0
3862,0,0,221,0.0
3862,0,0,265,0.0
3862,0,0,270,0.0
3862,0,0,276,0.0
3862,0,0,232,0.0
3862,0,0,289,0.9461
3862,0,0,288,0.0
3862,0,0,296,0.0
3862,0,0,300,0.0
3862,0,0,285,0.0
3863,0,0,221,0.0
3863,0,0,265,0.0
3863,0,0,270,0.0
3863,0,0,276,0.0
3863,0,0,232,0.0
3863,0,0,289,0.94
3863,0,0,288,0.0
3863,0,0,296,0.0
3863,0,0,300,0.0
3863,0,0,285,0.0
3864,0,0,221,0.0
3864,0,0,265,0.0
3864,0,0,270,0.0
3864,0,0,276,0.0
3864,0,0,232,0.0
3864,0,0,289,0.9334
3864,0,0,288,0.0
3864,0,0,296,0.0
3864,0,0,300,0.0
3864,0,0,285,0.0
3865,0,0,265,0.0
3865,0,0,270,0.0
3865,0,0,276,0.0
3865,0,0,232,0.0
3865,0,0,288,0.0
3865,0,0,296,0.0
3866,0,0,265,0.0
3866,0,0,270,0.0
3866,0,0,276,0.0
3866,0,0,232,0.0
3866,0,0,288,0.0
3866,0,0,296,0.0
3867,0,0,265,0.0
3867,0,0,270,0.0
3867,0,0,276,0.0
3867,0,0,232,0.0
3867,0,0,288,0.0
3867,0,0,296,0.0
3868,0,0,265,0.0
3868,0,0,270,0.0
3868,0,0,276,0.0
3868,0,0,232,0.0
3868,0,0,288,0.0
3868,0,0,296,0.0
3869,0,0,265,0.0
3869,0,0,270,0.0
3869,0,0,276,0.0
3869,0,0,232,0.0
3869,0,0,288,0.0
3869,0,0,296,0.0
3870,0,0,265,0.0
3870,0,0,270,0.0
3870,0,0,276,0.0
3870,0,0,232,0.0
3870,0,0,288,0.0
3870,0,0,296,0.0
3871,0,0,265,0.0
3871,0,0,270,0.0
3871,0,0,276,0.0
3871,0,0,232,0.0
3871,0,0,288,0.0
3871,0,0,296,0.0
3872,0,0,265,0.0
3872,0,0,270,0.0
3872,0,0,276,0.0
3872,0,0,232,0.0
3872,0,0,288,0.0
3872,0,0,296,0.0
3873,0,0,265,0.0
3873,0,0,270,0.0
3873,0,0,276,0.0
3873,0,0,232,0.0
3873,0,0,288,0.0
3873,0,0,296,0.0
3874,0,0,265,0.0
3874,0,0,270,0.0
3874,0,0,276,0.0
3874,0,0,232,0.0
3874,0,0,288,0.0
3874,0,0,296,0.0
3875,0,0,265,0.0
3875,0,0,270,0.0
3875,0,0,276,0.0
3875,0,0,232,0.0
3875,0,0,288,0.0
3876,0,0,265,0.0
3876,0,0,270,0.0
3876,0,0,276,0.0
3876,0,0,232,0.0
3876,0,0,288,0.0
3877,0,0,265,0.0
3877,0,0,270,0.0
3877,0,0,276,0.0
3877,0,0,232,0.0
3877,0,0,288,0.0
3878,0,0,265,0.0
3878,0,0,270,0.0
3878,0,0,276,0.0
3878,0,0,232,0.0
3878,0,0,288,0.0
3879,0,0,265,0.0
3879,0,0,270,0.0
3879,0,0,276,0.0
3879,0,0,232,0.0
3879,0,0,288,0.0
3880,0,0,265,0.0
3880,0,0,270,0.0
3880,0,0,276,0.0
3880,0,0,232,0.0
3880,0,0,288,0.0
3881,0,0,265,0.0
3881,0,0,270,0.0
3881,0,0,276,0.0
3881,0,0,232,0.0
3881,0,0,288,0.0
3882,0,0,265,0.0
3882,0,0,270,0.0
3882,0,0,276,0.0
3882,0,0,232,0.0
3882,0,0,288,0.0
3883,0,0,265,0.0
3883,0,0,270,0.0
3883,0,0,276,0.0
3883,0,0,232,0.0
3883,0,0,288,0.0
3883,0,0,296,0.0
3884,0,0,265,0.0
3884,0,0,270,0.0
3884,0,0,276,0.0
3884,0,0,232,0.0
3884,0,0,288,0.0
3884,0,0,296,0.0
3885,0,0,265,0.0
3885,0,0,270,0.0
3885,0,0,276,0.0
3885,0,0,232,0.0
3885,0,0,288,0.0
3885,0,0,296,0.0
3886,0,0,265,0.0
3886,0,0,270,0.0
3886,0,0,276,0.0
3886,0,0,232,0.0
3886,0,0,288,0.0
3886,0,0,296,0.0
3887,0,0,265,0.0
3887,0,0,270,0.0
3887,0,0,276,0.0
3887,0,0,232,0.0
3887,0,0,288,0.0
3887,0,0,296,0.0
3888,0,0,265,0.0
3888,0,0,270,0.0
3888,0,0,276,0.0
3888,0,0,232,0.0
3888,0,0,288,0.0
3888,0,0,296,0.0
3889,0,0,265,0.0
3889,0,0,270,0.0
3889,0,0,276,0.0
3889,0,0,232,0.0
3889,0,0,288,0.0
3889,0,0,296,0.0
3890,0,0,265,0.0
3890,0,0,270,0.0
3890,0,0,276,0.0
3890,0,0,232,0.0
3890,0,0,288,0.0
3890,0,0,296,0.0
3891,0,0,265,0.0
3891,0,0,270,0.0
3891,0,0,276,0.0
3891,0,0,232,0.0
3891,0,0,288,0.0
3891,0,0,296,0.0
3891,0,0,303,0.0
3892,0,0,265,0.0
3892,0,0,270,0.0
3892,0,0,276,0.0
3892,0,0,232,0.0
3892,0,0,288,0.0
3892,0,0,296,0.0
3892,0,0,303,0.0
3893,0,0,265,0.0
3893,0,0,270,0.0
3893,0,0,276,0.0
3893,0,0,232,0.0
3893,0,0,288,0.0
3893,0,0,296,0.0
3893,0,0,303,0.0
3894,0,0,265,0.0
3894,0,0,270,0.0
3894,0,0,276,0.0
3894,0,0,232,0.0
3894,0,0,288,0.0
3894,0,0,296,0.0
3894,0,0,303,0.0
3895,0,0,265,0.0
3895,0,0,270,0.0
3895,0,0,276,0.0
3895,0,0,232,0.0
3895,0,0,288,0.0
3895,0,0,296,0.0
3895,0,0,303,0.0
3896,0,0,265,0.0
3896,0,0,270,0.0
3896,0,0,276,0.0
3896,0,0,232,0.0
3896,0,0,288,0.0
3896,0,0,296,0.0
3896,0,0,303,0.0
3897,0,0,265,0.0
3897,0,0,270,0.0
3897,0,0,276,0.0
3897,0,0,232,0.0
3897,0,0,288,0.0
3897,0,0,296,0.0
3898,0,0,265,0.0
3898,0,0,270,0.0
3898,0,0,276,0.0
3898,0,0,232,0.0
3898,0,0,288,0.0
3898,0,0,296,0.0
3898,0,0,303,0.0
3899,0,0,265,0.0
3899,0,0,270,0.0
3899,0,0,276,0.0
3899,0,0,232,0.0
3899,0,0,288,0.0
3899,0,0,296,0.0
3899,0,0,303,0.0
3900,0,0,265,0.0
3900,0,0,270,0.0
3900,0,0,276,0.0
3900,0,0,232,0.0
3900,0,0,288,0.0
3900,0,0,296,0.0
3900,0,0,303,0.0
3901,0,0,265,0.0
3901,0,0,270,0.0
3901,0,0,276,0.0
3901,0,0,232,0.0
3901,0,0,288,0.0
3901,0,0,296,0.0
3901,0,0,303,0.0
3902,0,0,265,0.0
3902,0,0,270,0.0
3902,0,0,276,0.0
3902,0,0,232,0.0
3902,0,0,288,0.0
3902,0,0,296,0.0
3902,0,0,303,0.0
3903,0,0,265,0.0
3903,0,0,270,0.0
3903,0,0,276,0.0
3903,0,0,232,0.0
3903,0,0,288,0.0
3903,0,0,296,0.0
3903,0,0,303,0.0
3904,0,0,265,0.0
3904,0,0,270,0.0
3904,0,0,276,0.0
3904,0,0,232,0.0
3904,0,0,288,0.0
3904,0,0,296,0.0
3904,0,0,303,0.0
3905,0,0,265,0.0
3905,0,0,270,0.0
3905,0,0,276,0.0
3905,0,0,232,0.0
3905,0,0,288,0.0
3905,0,0,296,0.0
3905,0,0,303,0.0
3906,0,0,265,0.0
3906,0,0,270,0.0
3906,0,0,276,0.0
3906,0,0,232,0.0
3906,0,0,288,0.0
3906,0,0,296,0.0
3906,0,0,303,0.0
3907,0,0,265,0.0
3907,0,0,270,0.0
3907,0,0,276,0.0
3907,0,0,232,0.0
3907,0,0,288,0.0
3907,0,0,296,0.0
3907,0,0,303,0.0
3908,0,0,265,0.0
3908,0,0,270,0.0
3908,0,0,276,0.0
3908,0,0,232,0.0
3908,0,0,288,0.0
3908,0,0,296,0.0
3908,0,0,303,0.0
3909,0,0,265,0.0
3909,0,0,270,0.0
3909,0,0,276,0.0
3909,0,0,232,0.0
3909,0,0,288,0.0
3909,0,0,296,0.0
3910,0,0,265,0.0
3910,0,0,270,0.0
3910,0,0,276,0.0
3910,0,0,232,0.0
3910,0,0,288,0.0
3910,0,0,296,0.0
3911,0,0,265,0.0
3911,0,0,270,0.0
3911,0,0,276,0.0
3911,0,0,232,0.0
3911,0,0,288,0.0
3911,0,0,296,0.0
3912,0,0,265,0.0
3912,0,0,270,0.0
3912,0,0,276,0.0
3912,0,0,232,0.0
3912,0,0,288,0.0
3912,0,0,296,0.0
3913,0,0,265,0.0
3913,0,0,270,0.0
3913,0,0,276,0.0
3913,0,0,232,0.0
3913,0,0,288,0.0
3913,0,0,296,0.0
3914,0,0,265,0.0
3914,0,0,270,0.0
3914,0,0,276,0.0
3914,0,0,232,0.0
3914,0,0,288,0.0
3914,0,0,296,0.0
3915,0,0,265,0.0
3915,0,0,270,0.0
3915,0,0,276,0.0
3915,0,0,232,0.0
3915,0,0,288,0.0
3915,0,0,296,0.0
3916,0,0,265,0.0
3916,0,0,270,0.0
3916,0,0,276,0.0
3916,0,0,232,0.0
3916,0,0,288,0.0
3916,0,0,296,0.0
3916,0,0,306,0.0
3917,0,0,265,0.0
3917,0,0,270,0.0
3917,0,0,276,0.0
3917,0,0,232,0.0
3917,0,0,288,0.0
3917,0,0,296,0.0
3917,0,0,306,0.0
3918,0,0,265,0.0
3918,0,0,270,0.0
3918,0,0,276,0.0
3918,0,0,232,0.0
3918,0,0,288,0.0
3918,0,0,296,0.0
3918,0,0,306,0.0
3918,0,0,308,0.0
3919,0,0,265,0.0
3919,0,0,270,0.0
3919,0,0,276,0.0
3919,0,0,232,0.0
3919,0,0,288,0.0
3919,0,0,296,0.0
3919,0,0,306,0.0
3919,0,0,308,0.0
3920,0,0,265,0.0
3920,0,0,270,0.0
3920,0,0,276,0.0
3920,0,0,232,0.0
3920,0,0,288,0.0
3920,0,0,296,0.0
3920,0,0,306,0.0
3920,0,0,308,0.0
3921,0,0,265,0.0
3921,0,0,270,0.0
3921,0,0,276,0.0
3921,0,0,232,0.0
3921,0,0,288,0.0
3921,0,0,296,0.0
3921,0,0,306,0.0
3921,0,0,308,0.0
3922,0,0,265,0.0
3922,0,0,270,0.0
3922,0,0,276,0.0
3922,0,0,232,0.0
3922,0,0,288,0.0
3922,0,0,296,0.0
3922,0,0,306,0.0
3922,0,0,308,0.0
3923,0,0,265,0.0
3923,0,0,270,0.0
3923,0,0,276,0.0
3923,0,0,232,0.0
3923,0,0,288,0.0
3923,0,0,296,0.0
3923,0,0,306,0.0
3923,0,0,308,0.0
3924,0,0,265,0.0
3924,0,0,270,0.0
3924,0,0,276,0.0
3924,0,0,232,0.0
3924,0,0,288,0.0
3924,0,0,296,0.0
3924,0,0,306,0.0
3924,0,0,308,0.0
3925,0,0,265,0.0
3925,0,0,270,0.0
3925,0,0,276,0.0
3925,0,0,288,0.0
3925,0,0,296,0.0
3926,0,0,265,0.0
3926,0,0,270,0.0
3926,0,0,276,0.0
3926,0,0,288,0.0
3926,0,0,296,0.0
3927,0,0,265,0.0
3927,0,0,270,0.0
3927,0,0,276,0.0
3927,0,0,288,0.0
3927,0,0,296,0.0
3928,0,0,265,0.0
3928,0,0,270,0.0
3928,0,0,276,0.0
3928,0,0,288,0.0
3928,0,0,296,0.0
3929,0,0,265,0.0
3929,0,0,270,0.0
3929,0,0,276,0.0
3929,0,0,288,0.0
3929,0,0,296,0.0
3930,0,0,265,0.0
3930,0,0,270,0.0
3930,0,0,276,0.0
3930,0,0,288,0.0
3930,0,0,296,0.0
3931,0,0,265,0.0
3931,0,0,270,0.0
3931,0,0,276,0.0
3931,0,0,288,0.0
3931,0,0,296,0.0
3932,0,0,265,0.0
3932,0,0,270,0.0
3932,0,0,276,0.0
3932,0,0,288,0.0
3932,0,0,296,0.0
3933,0,0,265,0.0
3933,0,0,270,0.0
3933,0,0,276,0.0
3933,0,0,288,0.0
3933,0,0,296,0.0
3934,0,0,265,0.0
3934,0,0,270,0.0
3934,0,0,276,0.0
3934,0,0,288,0.0
3934,0,0,296,0.0
3935,0,0,265,0.0
3935,0,0,270,0.0
3935,0,0,276,0.0
3935,0,0,288,0.0
3935,0,0,296,0.0
3936,0,0,265,0.0
3936,0,0,270,0.0
3936,0,0,276,0.0
3936,0,0,288,0.0
3936,0,0,296,0.0
3937,0,0,265,0.0
3937,0,0,270,0.0
3937,0,0,276,0.0
3937,0,0,288,0.0
3937,0,0,296,0.0
3938,0,0,265,0.0
3938,0,0,270,0.0
3938,0,0,276,0.0
3938,0,0,288,0.0
3938,0,0,296,0.0
3939,0,0,265,0.0
3939,0,0,270,0.0
3939,0,0,276,0.0
3939,0,0,288,0.0
3939,0,0,296,0.0
3940,0,0,265,0.0
3940,0,0,270,0.0
3940,0,0,276,0.0
3940,0,0,288,0.0
3940,0,0,296,0.0
3941,0,0,265,0.0
3941,0,0,270,0.0
3941,0,0,276,0.0
3941,0,0,288,0.0
3941,0,0,296,0.0
3942,0,0,265,0.0
3942,0,0,270,0.0
3942,0,0,276,0.0
3942,0,0,288,0.0
3942,0,0,296,0.0
3943,0,0,265,0.0
3943,0,0,270,0.0
3943,0,0,276,0.0
3943,0,0,288,0.0
3943,0,0,296,0.0
3944,0,0,265,0.0
3944,0,0,270,0.0
3944,0,0,276,0.0
3944,0,0,288,0.0
3944,0,0,296,0.0
3945,0,0,265,0.0
3945,0,0,270,0.0
3945,0,0,276,0.0
3945,0,0,288,0.0
3945,0,0,296,0.0
3946,0,0,265,0.0
3946,0,0,270,0.0
3946,0,0,276,0.0
3946,0,0,288,0.0
3946,0,0,296,0.0
3947,0,0,265,0.0
3947,0,0,270,0.0
3947,0,0,276,0.0
3947,0,0,288,0.0
3947,0,0,296,0.0
3948,0,0,265,0.0
3948,0,0,270,0.0
3948,0,0,276,0.0
3948,0,0,288,0.0
3948,0,0,296,0.0
3949,0,0,265,0.0
3949,0,0,270,0.0
3949,0,0,276,0.0
3949,0,0,288,0.0
3949,0,0,296,0.0
3950,0,0,265,0.0
3950,0,0,270,0.0
3950,0,0,276,0.0
3950,0,0,288,0.0
3950,0,0,296,0.0
3951,0,0,265,0.0
3951,0,0,270,0.0
3951,0,0,276,0.0
3951,0,0,288,0.0
3951,0,0,296,0.0
3952,0,0,265,0.0
3952,0,0,270,0.0
3952,0,0,276,0.0
3952,0,0,288,0.0
3952,0,0,296,0.0
3953,0,0,265,0.0
3953,0,0,270,0.0
3953,0,0,276,0.0
3953,0,0,288,0.0
3953,0,0,296,0.0
3954,0,0,265,0.0
3954,0,0,270,0.0
3954,0,0,276,0.0
3954,0,0,288,0.0
3954,0,0,296,0.0
3954,0,0,313,0.0
3954,0,0,314,0.5074
3955,0,0,265,0.0
3955,0,0,270,0.0
3955,0,0,276,0.0
3955,0,0,288,0.0
3955,0,0,296,0.0
3955,0,0,313,0.0
3955,0,0,314,0.168
3956,0,0,265,0.0
3956,0,0,270,0.0
3956,0,0,276,0.0
3956,0,0,288,0.0
3956,0,0,296,0.0
3956,0,0,313,0.0
3956,0,0,314,0.0797
3957,0,0,265,0.0
3957,0,0,270,0.0
3957,0,0,276,0.0
3957,0,0,288,0.0
3957,0,0,296,0.0
3957,0,0,313,0.0
3957,0,0,314,0.0709
3958,0,0,265,0.0
3958,0,0,270,0.0
3958,0,0,276,0.0
3958,0,0,288,0.0
3958,0,0,296,0.0
3958,0,0,313,0.0
3958,0,0,314,0.1118
3959,0,0,265,0.0
3959,0,0,270,0.0
3959,0,0,276,0.0
3959,0,0,288,0.0
3959,0,0,296,0.0
3959,0,0,313,0.0
3959,0,0,314,0.055
3960,0,0,265,0.0
3960,0,0,270,0.0
3960,0,0,276,0.0
3960,0,0,288,0.0
3960,0,0,296,0.0
3960,0,0,313,0.0
3960,0,0,314,0.0913
3961,0,0,265,0.0
3961,0,0,270,0.0
3961,0,0,288,0.0
3961,0,0,296,0.0
3961,0,0,313,0.0
3961,0,0,314,0.4364
3962,0,0,265,0.0
3962,0,0,270,0.0
3962,0,0,288,0.0
3962,0,0,296,0.0
3962,0,0,313,0.0
3962,0,0,314,0.588
3962,0,0,316,0.0
3962,0,0,317,0.0
3963,0,0,265,0.0
3963,0,0,270,0.0
3963,0,0,288,0.0
3963,0,0,296,0.0
3963,0,0,313,0.0
3963,0,0,314,0.641
3963,0,0,316,0.0
3963,0,0,317,0.0
3964,0,0,265,0.0
3964,0,0,270,0.0
3964,0,0,288,0.0
3964,0,0,296,0.0
3964,0,0,313,0.0
3964,0,0,314,0.6585
3964,0,0,316,0.0
3964,0,0,317,0.0
3965,0,0,265,0.0
3965,0,0,270,0.0
3965,0,0,288,0.0
3965,0,0,296,0.0
3965,0,0,313,0.0
3965,0,0,314,0.657
3965,0,0,316,0.0
3965,0,0,317,0.0
3966,0,0,265,0.0
3966,0,0,270,0.0
3966,0,0,288,0.0
3966,0,0,296,0.0
3966,0,0,313,0.0
3966,0,0,314,0.6551
3966,0,0,316,0.0
3966,0,0,317,0.0
3967,0,0,265,0.0
3967,0,0,270,0.0
3967,0,0,288,0.0
3967,0,0,296,0.0
3967,0,0,313,0.0
3967,0,0,314,0.6533
3967,0,0,316,0.0
3967,0,0,317,0.0
3968,0,0,265,0.0
3968,0,0,270,0.0
3968,0,0,288,0.0
3968,0,0,296,0.0
3968,0,0,313,0.0
3968,0,0,314,0.6494
3968,0,0,316,0.0
3968,0,0,317,0.0
3969,0,0,265,0.0
3969,0,0,270,0.0
3969,0,0,288,0.0
3969,0,0,296,0.0
3969,0,0,313,0.0
3969,0,0,316,0.0
3970,0,0,265,0.0
3970,0,0,270,0.0
3970,0,0,288,0.0
3970,0,0,296,0.0
3970,0,0,313,0.0
3970,0,0,316,0.0
3971,0,0,265,0.0
3971,0,0,270,0.0
3971,0,0,288,0.0
3971,0,0,296,0.0
3971,0,0,313,0.0
3971,0,0,316,0.0
3972,0,0,265,0.0
3972,0,0,270,0.0
3972,0,0,288,0.0
3972,0,0,296,0.0
3972,0,0,313,0.0
3972,0,0,316,0.0
3973,0,0,265,0.0
3973,0,0,270,0.0
3973,0,0,288,0.0
3973,0,0,296,0.0
3973,0,0,313,0.0
3973,0,0,316,0.0
3974,0,0,265,0.0
3974,0,0,270,0.0
3974,0,0,288,0.0
3974,0,0,296,0.0
3974,0,0,313,0.0
3974,0,0,316,0.0
3975,0,0,265,0.0
3975,0,0,270,0.0
3975,0,0,288,0.0
3975,0,0,296,0.0
3975,0,0,313,0.0
3975,0,0,316,0.0
3976,0,0,265,0.0
3976,0,0,270,0.0
3976,0,0,288,0.0
3976,0,0,296,0.0
3976,0,0,313,0.0
3977,0,0,265,0.0
3977,0,0,270,0.0
3977,0,0,288,0.0
3977,0,0,296,0.0
3977,0,0,313,0.0
3977,0,0,319,0.0
3977,0,0,320,0.0
3978,0,0,265,0.0
3978,0,0,270,0.0
3978,0,0,288,0.0
3978,0,0,296,0.0
3978,0,0,313,0.0
3978,0,0,319,0.0
3979,0,0,265,0.0
3979,0,0,270,0.0
3979,0,0,288,0.0
3979,0,0,296,0.0
3979,0,0,313,0.0
3979,0,0,319,0.0
3979,0,0,320,0.0
3980,0,0,265,0.0
3980,0,0,270,0.0
3980,0,0,288,0.0
3980,0,0,296,0.0
3980,0,0,313,0.0
3980,0,0,319,0.0
3980,0,0,320,0.0
3981,0,0,265,0.0
3981,0,0,270,0.0
3981,0,0,288,0.0
3981,0,0,296,0.0
3981,0,0,313,0.0
3981,0,0,319,0.0
3981,0,0,320,0.0
3982,0,0,265,0.0
3982,0,0,270,0.0
3982,0,0,288,0.0
3982,0,0,296,0.0
3982,0,0,313,0.0
3982,0,0,319,0.0
3983,0,0,265,0.0
3983,0,0,270,0.0
3983,0,0,288,0.0
3983,0,0,296,0.0
3983,0,0,313,0.0
3983,0,0,320,0.0
3984,0,0,265,0.0
3984,0,0,270,0.0
3984,0,0,288,0.0
3984,0,0,296,0.0
3984,0,0,313,0.0
3984,0,0,320,0.0
3984,0,0,319,0.0
3985,0,0,265,0.0
3985,0,0,270,0.0
3985,0,0,288,0.0
3985,0,0,296,0.0
3985,0,0,313,0.0
3985,0,0,320,0.0
3986,0,0,265,0.0
3986,0,0,270,0.0
3986,0,0,288,0.0
3986,0,0,296,0.0
3986,0,0,313,0.0
3986,0,0,320,0.0
3987,0,0,265,0.0
3987,0,0,270,0.0
3987,0,0,288,0.0
3987,0,0,296,0.0
3987,0,0,313,0.0
3987,0,0,320,0.0
3987,0,0,319,0.0
3988,0,0,265,0.0
3988,0,0,270,0.0
3988,0,0,288,0.0
3988,0,0,296,0.0
3988,0,0,313,0.0
3988,0,0,320,0.0
3988,0,0,319,0.0
3988,0,0,314,0.9873
3989,0,0,265,0.0
3989,0,0,270,0.0
3989,0,0,288,0.0
3989,0,0,296,0.0
3989,0,0,313,0.0
3989,0,0,320,0.0
3989,0,0,319,0.0
3989,0,0,322,0.0
3989,0,0,314,0.9884
3990,0,0,265,0.0
3990,0,0,270,0.0
3990,0,0,288,0.0
3990,0,0,296,0.0
3990,0,0,313,0.0
3990,0,0,320,0.0
3990,0,0,319,0.0
3990,0,0,322,0.0
3990,0,0,314,0.9856
3991,0,0,265,0.0
3991,0,0,270,0.0
3991,0,0,288,0.0
3991,0,0,296,0.0
3991,0,0,313,0.0
3991,0,0,320,0.0
3991,0,0,319,0.0
3991,0,0,322,0.0
3991,0,0,314,0.9841
3992,0,0,265,0.0
3992,0,0,270,0.0
3992,0,0,288,0.0
3992,0,0,296,0.0
3992,0,0,313,0.0
3992,0,0,320,0.0
3992,0,0,319,0.0
3992,0,0,322,0.0
3992,0,0,314,0.982
3993,0,0,265,0.0
3993,0,0,270,0.0
3993,0,0,288,0.0
3993,0,0,296,0.0
3993,0,0,313,0.0
3993,0,0,320,0.0
3993,0,0,319,0.0
3993,0,0,322,0.0
3993,0,0,314,0.9756
3994,0,0,265,0.0
3994,0,0,270,0.0
3994,0,0,288,0.0
3994,0,0,296,0.0
3994,0,0,313,0.0
3994,0,0,320,0.0
3994,0,0,319,0.0
3994,0,0,322,0.0
3994,0,0,314,0.966
3995,0,0,265,0.0
3995,0,0,270,0.0
3995,0,0,288,0.0
3995,0,0,296,0.0
3995,0,0,313,0.0
3996,0,0,265,0.0
3996,0,0,270,0.0
3996,0,0,288,0.0
3996,0,0,296,0.0
3996,0,0,313,0.0
3997,0,0,265,0.0
3997,0,0,270,0.0
3997,0,0,288,0.0
3997,0,0,296,0.0
3997,0,0,313,0.0
3998,0,0,265,0.0
3998,0,0,270,0.0
3998,0,0,288,0.0
3998,0,0,296,0.0
3998,0,0,313,0.0
3999,0,0,265,0.0
3999,0,0,270,0.0
3999,0,0,288,0.0
3999,0,0,296,0.0
3999,0,0,313,0.0
4000,0,0,265,0.0
4000,0,0,270,0.0
4000,0,0,288,0.0
4000,0,0,296,0.0
4000,0,0,313,0.0
4001,0,0,265,0.0
4001,0,0,270,0.0
4001,0,0,288,0.0
4001,0,0,296,0.0
4001,0,0,313,0.0
4002,0,0,265,0.0
4002,0,0,270,0.0
4002,0,0,288,0.0
4002,0,0,296,0.0
4002,0,0,313,0.0
4003,0,0,265,0.0
4003,0,0,270,0.0
4003,0,0,288,0.0
4003,0,0,296,0.0
4003,0,0,313,0.0
4004,0,0,265,0.0
4004,0,0,270,0.0
4004,0,0,288,0.0
4004,0,0,296,0.0
4004,0,0,313,0.0
4005,0,0,265,0.0
4005,0,0,270,0.0
4005,0,0,288,0.0
4005,0,0,296,0.0
4005,0,0,313,0.0
4006,0,0,265,0.0
4006,0,0,270,0.0
4006,0,0,288,0.0
4006,0,0,296,0.0
4006,0,0,313,0.0
4007,0,0,265,0.0
4007,0,0,270,0.0
4007,0,0,288,0.0
4007,0,0,296,0.0
4007,0,0,313,0.0
4008,0,0,265,0.0
4008,0,0,270,0.0
4008,0,0,288,0.0
4008,0,0,296,0.0
4008,0,0,313,0.0
4009,0,0,265,0.0
4009,0,0,270,0.0
4009,0,0,288,0.0
4009,0,0,296,0.0
4009,0,0,313,0.0
4010,0,0,265,0.0
4010,0,0,270,0.0
4010,0,0,288,0.0
4010,0,0,296,0.0
4010,0,0,313,0.0
4011,0,0,265,0.0
4011,0,0,270,0.0
4011,0,0,288,0.0
4011,0,0,296,0.0
4011,0,0,313,0.0
4012,0,0,265,0.0
4012,0,0,270,0.0
4012,0,0,288,0.0
4012,0,0,296,0.0
4012,0,0,313,0.0
4013,0,0,265,0.0
4013,0,0,270,0.0
4013,0,0,288,0.0
4013,0,0,296,0.0
4013,0,0,313,0.0
4014,0,0,265,0.0
4014,0,0,270,0.0
4014,0,0,288,0.0
4014,0,0,296,0.0
4014,0,0,313,0.0
4015,0,0,265,0.0
4015,0,0,270,0.0
4015,0,0,288,0.0
4015,0,0,296,0.0
4015,0,0,313,0.0
4015,0,0,314,0.7859
4016,0,0,265,0.0
4016,0,0,270,0.0
4016,0,0,288,0.0
4016,0,0,296,0.0
4016,0,0,313,0.0
4016,0,0,324,0.0
4016,0,0,314,0.7819
4017,0,0,265,0.0
4017,0,0,270,0.0
4017,0,0,288,0.0
4017,0,0,296,0.0
4017,0,0,313,0.0
4017,0,0,324,0.0
4017,0,0,314,0.7804
4018,0,0,265,0.0
4018,0,0,270,0.0
4018,0,0,288,0.0
4018,0,0,296,0.0
4018,0,0,313,0.0
4018,0,0,324,0.0
4018,0,0,314,0.7765
4019,0,0,265,0.0
4019,0,0,270,0.0
4019,0,0,288,0.0
4019,0,0,296,0.0
4019,0,0,313,0.0
4019,0,0,324,0.0
4019,0,0,314,0.7737
4020,0,0,265,0.0
4020,0,0,270,0.0
4020,0,0,288,0.0
4020,0,0,296,0.0
4020,0,0,313,0.0
4020,0,0,324,0.0
4020,0,0,314,0.7769
4021,0,0,265,0.0
4021,0,0,270,0.0
4021,0,0,288,0.0
4021,0,0,296,0.0
4021,0,0,313,0.0
4021,0,0,324,0.0
4021,0,0,314,0.7794
4022,0,0,265,0.0
4022,0,0,270,0.0
4022,0,0,288,0.0
4022,0,0,296,0.0
4022,0,0,313,0.0
4023,0,0,265,0.0
4023,0,0,270,0.0
4023,0,0,288,0.0
4023,0,0,296,0.0
4023,0,0,313,0.0
4024,0,0,265,0.0
4024,0,0,270,0.0
4024,0,0,288,0.0
4024,0,0,296,0.0
4024,0,0,313,0.0
4025,0,0,265,0.0
4025,0,0,270,0.0
4025,0,0,288,0.0
4025,0,0,296,0.0
4025,0,0,313,0.0
4026,0,0,265,0.0
4026,0,0,270,0.0
4026,0,0,288,0.0
4026,0,0,296,0.0
4026,0,0,313,0.0
4027,0,0,265,0.0
4027,0,0,270,0.0
4027,0,0,288,0.0
4027,0,0,296,0.0
4027,0,0,313,0.0
4028,0,0,265,0.0
4028,0,0,270,0.0
4028,0,0,288,0.0
4028,0,0,296,0.0
4028,0,0,313,0.0
4029,0,0,265,0.0
4029,0,0,270,0.0
4029,0,0,288,0.0
4029,0,0,296,0.0
4029,0,0,313,0.0
4030,0,0,265,0.0
4030,0,0,270,0.0
4030,0,0,288,0.0
4030,0,0,296,0.0
4030,0,0,313,0.0
4031,0,0,265,0.0
4031,0,0,270,0.0
4031,0,0,288,0.0
4031,0,0,296,0.0
4031,0,0,313,0.0
4032,0,0,265,0.0
4032,0,0,270,0.0
4032,0,0,288,0.0
4032,0,0,296,0.0
4032,0,0,313,0.0
4033,0,0,265,0.0
4033,0,0,270,0.0
4033,0,0,288,0.0
4033,0,0,296,0.0
4033,0,0,313,0.0
4034,0,0,265,0.0
4034,0,0,270,0.0
4034,0,0,288,0.0
4034,0,0,296,0.0
4034,0,0,313,0.0
4035,0,0,265,0.0
4035,0,0,270,0.0
4035,0,0,288,0.0
4035,0,0,296,0.0
4035,0,0,313,0.0
4036,0,0,265,0.0
4036,0,0,270,0.0
4036,0,0,288,0.0
4036,0,0,296,0.0
4036,0,0,313,0.0
4037,0,0,265,0.0
4037,0,0,270,0.0
4037,0,0,288,0.0
4037,0,0,296,0.0
4037,0,0,313,0.0
4038,0,0,265,0.0
4038,0,0,270,0.0
4038,0,0,288,0.0
4038,0,0,296,0.0
4038,0,0,313,0.0
4039,0,0,265,0.0
4039,0,0,270,0.0
4039,0,0,288,0.0
4039,0,0,296,0.0
4039,0,0,313,0.0
4040,1,0,265,0.0
4040,1,0,270,0.0
4040,1,0,288,0.0
4040,1,0,296,0.0
4040,1,0,313,0.0
4040,1,0,327,0.0
4041,1,0,265,0.0
4041,1,0,270,0.0
4041,1,0,288,0.0
4041,1,0,296,0.0
4041,1,0,313,0.0
4041,1,0,327,0.0
4042,1,0,265,0.0
4042,1,0,270,0.0
4042,1,0,288,0.0
4042,1,0,296,0.0
4042,1,0,313,0.0
4042,1,0,327,0.0
4043,1,0,265,0.0
4043,1,0,270,0.0
4043,1,0,288,0.0
4043,1,0,296,0.0
4043,1,0,313,0.0
4043,1,0,327,0.0
4044,1,0,265,0.0
4044,1,0,270,0.0
4044,1,0,288,0.0
4044,1,0,296,0.0
4044,1,0,313,0.0
4044,1,0,327,0.0
4045,1,0,265,0.0
4045,1,0,270,0.0
4045,1,0,288,0.0
4045,1,0,296,0.0
4045,1,0,313,0.0
4045,1,0,327,0.0
4046,1,0,265,0.0
4046,1,0,270,0.0
4046,1,0,288,0.0
4046,1,0,296,0.0
4046,1,0,313,0.0
4046,1,0,327,0.0
4047,1,0,265,0.0
4047,1,0,270,0.0
4047,1,0,288,0.0
4047,1,0,296,0.0
4047,1,0,313,0.0
4047,1,0,314,0.0
4048,1,0,265,0.0
4048,1,0,270,0.0
4048,1,0,288,0.0
4048,1,0,296,0.0
4048,1,0,313,0.0
4048,1,0,328,0.0
4048,1,0,314,0.0
4049,1,0,265,0.0
4049,1,0,270,0.0
4049,1,0,288,0.0
4049,1,0,296,0.0
4049,1,0,313,0.0
4049,1,0,328,0.0
4049,1,0,314,0.0
4050,1,0,265,0.0
4050,1,0,270,0.0
4050,1,0,288,0.0
4050,1,0,296,0.0
4050,1,0,313,0.0
4050,1,0,328,0.0
4050,1,0,314,0.0
4051,1,0,265,0.0
4051,1,0,270,0.0
4051,1,0,288,0.0
4051,1,0,296,0.0
4051,1,0,313,0.0
4051,1,0,328,0.0
4051,1,0,314,0.0
4052,1,0,265,0.0
4052,1,0,270,0.0
4052,1,0,288,0.0
4052,1,0,296,0.0
4052,1,0,313,0.0
4052,1,0,328,0.0
4052,1,0,314,0.0001
4053,1,0,265,0.0
4053,1,0,270,0.0
4053,1,0,288,0.0
4053,1,0,296,0.0
4053,1,0,313,0.0
4053,1,0,328,0.0
4053,1,0,314,0.003
4054,1,0,265,0.0
4054,1,0,270,0.0
4054,1,0,288,0.0
4054,1,0,296,0.0
4054,1,0,313,0.0
4054,1,0,328,0.0
4054,1,0,314,0.0047
4055,1,0,265,0.0
4055,1,0,270,0.0
4055,1,0,288,0.0
4055,1,0,296,0.0
4055,1,0,313,0.0
4055,1,0,328,0.0
4055,1,0,314,0.0006
4056,1,0,265,0.0
4056,1,0,270,0.0
4056,1,0,288,0.0
4056,1,0,296,0.0
4056,1,0,313,0.0
4056,1,0,328,0.0
4056,1,0,314,0.0001
4056,1,0,330,0.0
4056,1,0,331,0.0
4057,1,0,265,0.0
4057,1,0,270,0.0
4057,1,0,288,0.0
4057,1,0,296,0.0
4057,1,0,313,0.0
4057,1,0,328,0.0
4057,1,0,314,0.0
4057,1,0,330,0.0
4057,1,0,331,0.0
4058,1,0,265,0.0
4058,1,0,270,0.0
4058,1,0,288,0.0
4058,1,0,296,0.0
4058,1,0,313,0.0
4058,1,0,328,0.0
4058,1,0,314,0.0
4058,1,0,330,0.0
4058,1,0,331,0.0
4059,1,0,265,0.0
4059,1,0,270,0.0
4059,1,0,288,0.0
4059,1,0,296,0.0
4059,1,0,313,0.0
4059,1,0,328,0.0
4059,1,0,314,0.0
4059,1,0,330,0.0
4059,1,0,331,0.0
4060,1,0,265,0.0
4060,1,0,270,0.0
4060,1,0,288,0.0
4060,1,0,296,0.0
4060,1,0,313,0.0
4060,1,0,328,0.0
4060,1,0,314,0.0004
4060,1,0,330,0.0
4061,1,0,265,0.0
4061,1,0,270,0.0
4061,1,0,288,0.0
4061,1,0,296,0.0
4061,1,0,313,0.0
4061,1,0,328,0.0
4061,1,0,314,0.0008
4061,1,0,330,0.0
4062,1,0,265,0.0
4062,1,0,270,0.0
4062,1,0,288,0.0
4062,1,0,296,0.0
4062,1,0,313,0.0
4062,1,0,328,0.0
4062,1,0,314,0.0009
4062,1,0,330,0.0
4063,1,0,265,0.0
4063,1,0,270,0.0
4063,1,0,288,0.0
4063,1,0,296,0.0
4063,1,0,313,0.0
4063,1,0,328,0.0
4063,1,0,314,0.001
4063,1,0,330,0.0
4064,1,0,265,0.0
4064,1,0,270,0.0
4064,1,0,288,0.0
4064,1,0,296,0.0
4064,1,0,313,0.0
4064,1,0,328,0.0
4064,1,0,314,0.001
4064,1,0,330,0.0
4065,1,0,265,0.0
4065,1,0,270,0.0
4065,1,0,288,0.0
4065,1,0,296,0.0
4065,1,0,328,0.0
4065,1,0,314,0.0003
4065,1,0,330,0.0
4066,1,0,265,0.0
4066,1,0,270,0.0
4066,1,0,288,0.0
4066,1,0,296,0.0
4066,1,0,328,0.0
4066,1,0,314,0.0001
4066,1,0,330,0.0
4066,1,0,332,0.0
4067,1,0,265,0.0
4067,1,0,270,0.0
4067,1,0,288,0.0
4067,1,0,296,0.0
4067,1,0,328,0.0
4067,1,0,314,0.0001
4067,1,0,330,0.0
4067,1,0,332,0.0
4068,1,0,265,0.0
4068,1,0,270,0.0
4068,1,0,288,0.0
4068,1,0,296,0.0
4068,1,0,328,0.0
4068,1,0,314,0.0
4068,1,0,330,0.0
4068,1,0,332,0.0
4069,1,0,265,0.0
4069,1,0,270,0.0
4069,1,0,288,0.0
4069,1,0,296,0.0
4069,1,0,328,0.0
4069,1,0,314,0.0
4069,1,0,330,0.0
4069,1,0,332,0.0
4070,1,0,265,0.0
4070,1,0,270,0.0
4070,1,0,288,0.0
4070,1,0,296,0.0
4070,1,0,328,0.0
4070,1,0,314,0.0
4070,1,0,330,0.0
4070,1,0,332,0.0
4071,1,0,265,0.0
4071,1,0,270,0.0
4071,1,0,288,0.0
4071,1,0,296,0.0
4071,1,0,328,0.0
4071,1,0,314,0.0
4071,1,0,330,0.0
4071,1,0,332,0.0
4072,1,0,265,0.0
4072,1,0,270,0.0
4072,1,0,288,0.0
4072,1,0,296,0.0
4072,1,0,328,0.0
4072,1,0,314,0.0
4072,1,0,330,0.0
4072,1,0,332,0.0
4073,1,0,265,0.0
4073,1,0,270,0.0
4073,1,0,288,0.0
4073,1,0,296,0.0
4073,1,0,314,0.0
4073,1,0,330,0.0
4074,1,0,265,0.0
4074,1,0,270,0.0
4074,1,0,288,0.0
4074,1,0,296,0.0
4074,1,0,314,0.0
4074,1,0,330,0.0
4075,1,0,265,0.0
4075,1,0,270,0.0
4075,1,0,288,0.0
4075,1,0,296,0.0
4075,1,0,314,0.0
4075,1,0,330,0.0
4076,1,0,265,0.0
4076,1,0,270,0.0
4076,1,0,288,0.0
4076,1,0,296,0.0
4076,1,0,314,0.0
4076,1,0,330,0.0
4077,1,0,265,0.0
4077,1,0,270,0.0
4077,1,0,288,0.0
4077,1,0,296,0.0
4077,1,0,314,0.0
4077,1,0,330,0.0
4078,1,0,265,0.0
4078,1,0,270,0.0
4078,1,0,288,0.0
4078,1,0,296,0.0
4078,1,0,314,0.0
4078,1,0,330,0.0
4078,1,0,331,0.0
4078,1,0,332,0.0
4079,1,0,265,0.0
4079,1,0,270,0.0
4079,1,0,288,0.0
4079,1,0,296,0.0
4079,1,0,314,0.0
4079,1,0,330,0.0
4079,1,0,331,0.0
4079,1,0,332,0.0
4080,1,0,265,0.0
4080,1,0,270,0.0
4080,1,0,288,0.0
4080,1,0,296,0.0
4080,1,0,314,0.0
4080,1,0,330,0.0
4080,1,0,331,0.0
4080,1,0,332,0.0
4081,0,0,265,0.0
4081,0,0,270,0.0
4081,0,0,288,0.0
4081,0,0,296,0.0
4081,0,0,314,0.0
4081,0,0,330,0.0
4082,0,0,265,0.0
4082,0,0,270,0.0
4082,0,0,288,0.0
4082,0,0,296,0.0
4082,0,0,314,0.0
4082,0,0,330,0.0
4082,0,0,334,0.0
4082,0,0,336,0.0
4083,0,0,265,0.0
4083,0,0,270,0.0
4083,0,0,288,0.0
4083,0,0,296,0.0
4083,0,0,314,0.0
4083,0,0,330,0.0
4083,0,0,334,0.0
4083,0,0,336,0.0
4084,0,0,265,0.0
4084,0,0,270,0.0
4084,0,0,288,0.0
4084,0,0,296,0.0
4084,0,0,314,0.0
4084,0,0,330,0.0
4084,0,0,334,0.0
4085,0,0,265,0.0
4085,0,0,270,0.0
4085,0,0,288,0.0
4085,0,0,296,0.0
4085,0,0,314,0.0
4085,0,0,330,0.0
4085,0,0,334,0.0
4086,0,0,265,0.0
4086,0,0,270,0.0
4086,0,0,288,0.0
4086,0,0,296,0.0
4086,0,0,314,0.0
4086,0,0,330,0.0
4086,0,0,334,0.0
4087,0,0,265,0.0
4087,0,0,270,0.0
4087,0,0,288,0.0
4087,0,0,296,0.0
4087,0,0,314,0.0
4087,0,0,330,0.0
4087,0,0,334,0.0
4088,0,0,265,0.0
4088,0,0,270,0.0
4088,0,0,288,0.0
4088,0,0,296,0.0
4088,0,0,314,0.0
4088,0,0,330,0.0
4088,0,0,334,0.0
4089,0,0,265,0.0
4089,0,0,270,0.0
4089,0,0,288,0.0
4089,0,0,296,0.0
4089,0,0,314,0.0
4089,0,0,330,0.0
4089,0,0,334,0.0
4090,0,0,265,0.0
4090,0,0,270,0.0
4090,0,0,288,0.0
4090,0,0,296,0.0
4090,0,0,314,0.0
4090,0,0,330,0.0
4090,0,0,334,0.0
4091,0,0,265,0.0
4091,0,0,288,0.0
4091,0,0,296,0.0
4091,0,0,314,0.0
4091,0,0,330,0.0
4091,0,0,336,0.0
4092,0,0,265,0.0
4092,0,0,288,0.0
4092,0,0,296,0.0
4092,0,0,314,0.0
4092,0,0,330,0.0
4092,0,0,336,0.0
4093,0,0,265,0.0
4093,0,0,288,0.0
4093,0,0,296,0.0
4093,0,0,314,0.0
4093,0,0,330,0.0
4093,0,0,270,0.0
4094,0,0,265,0.0
4094,0,0,288,0.0
4094,0,0,296,0.0
4094,0,0,314,0.0
4094,0,0,330,0.0
4094,0,0,270,0.0
4095,0,0,265,0.0
4095,0,0,288,0.0
4095,0,0,296,0.0
4095,0,0,314,0.0
4095,0,0,330,0.0
4095,0,0,270,0.0
4095,0,0,336,0.0
4096,0,0,265,0.0
4096,0,0,288,0.0
4096,0,0,296,0.0
4096,0,0,314,0.0
4096,0,0,330,0.0
4096,0,0,270,0.0
4096,0,0,338,0.0
4096,0,0,340,0.0
4096,0,0,336,0.0
4097,0,0,265,0.0
4097,0,0,288,0.0
4097,0,0,296,0.0
4097,0,0,314,0.0
4097,0,0,330,0.0
4097,0,0,270,0.0
4097,0,0,336,0.0
4098,0,0,265,0.0
4098,0,0,288,0.0
4098,0,0,296,0.0
4098,0,0,314,0.0
4098,0,0,330,0.0
4098,0,0,270,0.0
4098,0,0,336,0.0
4099,0,0,265,0.0
4099,0,0,288,0.0
4099,0,0,296,0.0
4099,0,0,314,0.0
4099,0,0,330,0.0
4099,0,0,270,0.0
4099,0,0,336,0.0
4100,0,0,265,0.0
4100,0,0,288,0.0
4100,0,0,296,0.0
4100,0,0,314,0.0
4100,0,0,330,0.0
4100,0,0,336,0.0
4101,0,0,265,0.0
4101,0,0,288,0.0
4101,0,0,296,0.0
4101,0,0,314,0.0
4101,0,0,330,0.0
4101,0,0,336,0.0
4101,0,0,342,0.0
4102,0,0,265,0.0
4102,0,0,288,0.0
4102,0,0,296,0.0
4102,0,0,314,0.0
4102,0,0,330,0.0
4102,0,0,336,0.0
4102,0,0,342,0.0
4103,0,0,265,0.0
4103,0,0,288,0.0
4103,0,0,296,0.0
4103,0,0,314,0.0
4103,0,0,330,0.0
4103,0,0,336,0.0
4103,0,0,342,0.0
4104,0,0,265,0.0
4104,0,0,288,0.0
4104,0,0,296,0.0
4104,0,0,314,0.0
4104,0,0,330,0.0
4104,0,0,336,0.0
4104,0,0,342,0.0
4105,0,0,265,0.0
4105,0,0,288,0.0
4105,0,0,296,0.0
4105,0,0,314,0.0
4105,0,0,330,0.0
4105,0,0,336,0.0
4105,0,0,342,0.0
4106,0,0,265,0.0
4106,0,0,288,0.0
4106,0,0,296,0.0
4106,0,0,314,0.0
4106,0,0,330,0.0
4106,0,0,336,0.0
4106,0,0,342,0.0
4107,0,0,265,0.0
4107,0,0,288,0.0
4107,0,0,296,0.0
4107,0,0,314,0.0
4107,0,0,330,0.0
4107,0,0,336,0.0
4107,0,0,342,0.0
4108,0,0,265,0.0
4108,0,0,288,0.0
4108,0,0,296,0.0
4108,0,0,314,0.0
4108,0,0,330,0.0
4108,0,0,336,0.0
4108,0,0,270,0.0
4108,0,0,332,0.0
4109,0,0,265,0.0
4109,0,0,288,0.0
4109,0,0,296,0.0
4109,0,0,314,0.0
4109,0,0,330,0.0
4109,0,0,336,0.0
4109,0,0,270,0.0
4109,0,0,332,0.0
4110,0,0,265,0.0
4110,0,0,288,0.0
4110,0,0,296,0.0
4110,0,0,314,0.0
4110,0,0,330,0.0
4110,0,0,336,0.0
4110,0,0,270,0.0
4110,0,0,332,0.0
4111,0,0,265,0.0
4111,0,0,288,0.0
4111,0,0,296,0.0
4111,0,0,314,0.0
4111,0,0,330,0.0
4111,0,0,336,0.0
4111,0,0,270,0.0
4111,0,0,332,0.0
4112,0,0,265,0.0
4112,0,0,288,0.0
4112,0,0,296,0.0
4112,0,0,314,0.0
4112,0,0,330,0.0
4112,0,0,336,0.0
4112,0,0,270,0.0
4112,0,0,332,0.0
4113,0,0,265,0.0
4113,0,0,288,0.0
4113,0,0,296,0.0
4113,0,0,314,0.0
4113,0,0,330,0.0
4113,0,0,336,0.0
4113,0,0,270,0.0
4113,0,0,332,0.0
4114,0,0,265,0.0
4114,0,0,288,0.0
4114,0,0,296,0.0
4114,0,0,314,0.0
4114,0,0,330,0.0
4114,0,0,336,0.0
4114,0,0,270,0.0
4114,0,0,332,0.0
4115,0,0,265,0.0
4115,0,0,288,0.0
4115,0,0,296,0.0
4115,0,0,314,0.0
4115,0,0,330,0.0
4115,0,0,336,0.0
4115,0,0,270,0.0
4115,0,0,332,0.0
4116,1,0,265,0.0
4116,1,0,288,0.0
4116,1,0,296,0.0
4116,1,0,314,0.0
4116,1,0,330,0.0
4116,1,0,336,0.0
4116,1,0,270,0.0
4116,1,0,332,0.0
4117,1,0,265,0.0
4117,1,0,288,0.0
4117,1,0,296,0.0
4117,1,0,314,0.0
4117,1,0,330,0.0
4117,1,0,336,0.0
4117,1,0,270,0.0
4117,1,0,332,0.0
4118,1,0,265,0.0
4118,1,0,288,0.0
4118,1,0,296,0.0
4118,1,0,314,0.0
4118,1,0,330,0.0
4118,1,0,336,0.0
4118,1,0,270,0.0
4118,1,0,332,0.0
4119,1,0,265,0.0
4119,1,0,288,0.0
4119,1,0,296,0.0
4119,1,0,314,0.0
4119,1,0,336,0.0
4119,1,0,270,0.0
4119,1,0,332,0.0
4120,1,0,265,0.0
4120,1,0,288,0.0
4120,1,0,296,0.0
4120,1,0,314,0.0
4120,1,0,336,0.0
4120,1,0,270,0.0
4120,1,0,332,0.0
4120,1,0,345,0.0
4121,1,0,265,0.0
4121,1,0,288,0.0
4121,1,0,296,0.0
4121,1,0,314,0.0
4121,1,0,336,0.0
4121,1,0,270,0.0
4121,1,0,332,0.0
4121,1,0,345,0.0
4122,1,0,265,0.0
4122,1,0,288,0.0
4122,1,0,296,0.0
4122,1,0,314,0.0
4122,1,0,336,0.0
4122,1,0,332,0.0
4122,1,0,345,0.0
4123,1,0,265,0.0
4123,1,0,288,0.0
4123,1,0,296,0.0
4123,1,0,314,0.0
4123,1,0,336,0.0
4123,1,0,332,0.0
4123,1,0,345,0.0
4124,1,0,265,0.0
4124,1,0,288,0.0
4124,1,0,296,0.0
4124,1,0,314,0.0
4124,1,0,336,0.0
4124,1,0,332,0.0
4124,1,0,345,0.0
4125,1,0,265,0.0
4125,1,0,288,0.0
4125,1,0,296,0.0
4125,1,0,314,0.0
4125,1,0,336,0.0
4125,1,0,332,0.0
4125,1,0,345,0.0
4126,0,0,265,0.0
4126,0,0,288,0.0
4126,0,0,296,0.0
4126,0,0,314,0.0
4126,0,0,345,0.0
4126,0,0,270,0.0
4127,0,0,265,0.0
4127,0,0,288,0.0
4127,0,0,296,0.0
4127,0,0,314,0.0
4127,0,0,345,0.0
4127,0,0,346,0.0
4127,0,0,348,0.0
4127,0,0,349,0.0
4127,0,0,336,0.0
4128,0,0,265,0.0
4128,0,0,288,0.0
4128,0,0,296,0.0
4128,0,0,314,0.0
4128,0,0,345,0.0
4128,0,0,346,0.0
4128,0,0,348,0.0
4128,0,0,349,0.0
4128,0,0,336,0.0
4129,0,0,265,0.0
4129,0,0,288,0.0
4129,0,0,296,0.0
4129,0,0,314,0.0
4129,0,0,345,0.0
4129,0,0,346,0.0
4129,0,0,348,0.0
4129,0,0,349,0.0
4129,0,0,270,0.0
4130,0,0,265,0.0
4130,0,0,288,0.0
4130,0,0,296,0.0
4130,0,0,314,0.0
4130,0,0,345,0.0
4130,0,0,346,0.0
4130,0,0,348,0.0
4130,0,0,349,0.0
4130,0,0,336,0.0
4131,0,0,265,0.0
4131,0,0,288,0.0
4131,0,0,296,0.0
4131,0,0,314,0.0
4131,0,0,345,0.0
4131,0,0,346,0.0
4131,0,0,348,0.0
4131,0,0,349,0.0
4131,0,0,270,0.0
4132,0,0,265,0.0
4132,0,0,288,0.0
4132,0,0,296,0.0
4132,0,0,314,0.0
4132,0,0,345,0.0
4132,0,0,346,0.0
4132,0,0,348,0.0
4132,0,0,349,0.0
4132,0,0,270,0.0
4133,0,0,265,0.0
4133,0,0,288,0.0
4133,0,0,296,0.0
4133,0,0,314,0.0
4133,0,0,345,0.0
4133,0,0,346,0.0
4133,0,0,348,0.0
4133,0,0,270,0.0
4134,0,0,265,0.0
4134,0,0,288,0.0
4134,0,0,296,0.0
4134,0,0,314,0.0
4134,0,0,345,0.0
4134,0,0,346,0.0
4134,0,0,348,0.0
4134,0,0,270,0.0
4135,1,0,265,0.0
4135,1,0,288,0.0
4135,1,0,296,0.0
4135,1,0,314,0.0
4135,1,0,345,0.0
4135,1,0,346,0.0
4135,1,0,348,0.0
4135,1,0,336,0.0
4136,1,0,265,0.0
4136,1,0,288,0.0
4136,1,0,296,0.0
4136,1,0,314,0.0
4136,1,0,345,0.0
4136,1,0,346,0.0
4136,1,0,348,0.0
4136,1,0,270,0.0
4137,1,0,265,0.0
4137,1,0,288,0.0
4137,1,0,296,0.0
4137,1,0,314,0.0
4137,1,0,345,0.0
4137,1,0,346,0.0
4137,1,0,348,0.0
4137,1,0,270,0.0
4138,1,0,265,0.0
4138,1,0,288,0.0
4138,1,0,296,0.0
4138,1,0,314,0.0
4138,1,0,345,0.0
4138,1,0,346,0.0
4138,1,0,348,0.0
4138,1,0,270,0.0
4139,1,0,265,0.0
4139,1,0,288,0.0
4139,1,0,296,0.0
4139,1,0,314,0.0
4139,1,0,345,0.0
4139,1,0,346,0.0
4139,1,0,348,0.0
4139,1,0,336,0.0
4140,1,0,265,0.0
4140,1,0,288,0.0
4140,1,0,296,0.0
4140,1,0,314,0.0
4140,1,0,345,0.0
4140,1,0,346,0.0
4140,1,0,348,0.0
4140,1,0,270,0.0
4141,1,0,265,0.0
4141,1,0,288,0.0
4141,1,0,296,0.0
4141,1,0,314,0.0
4141,1,0,345,0.0
4141,1,0,346,0.0
4141,1,0,348,0.0
4141,1,0,270,0.0
4142,1,0,265,0.0
4142,1,0,288,0.0
4142,1,0,296,0.0
4142,1,0,314,0.0
4142,1,0,345,0.0
4142,1,0,346,0.0
4142,1,0,348,0.0
4142,1,0,270,0.0
4143,0,0,265,0.0
4143,0,0,288,0.0
4143,0,0,296,0.0
4143,0,0,314,0.0
4143,0,0,345,0.0
4143,0,0,348,0.0
4143,0,0,270,0.0
4144,0,0,265,0.0
4144,0,0,288,0.0
4144,0,0,296,0.0
4144,0,0,314,0.0
4144,0,0,345,0.0
4144,0,0,348,0.0
4144,0,0,336,0.0
4145,0,0,265,0.0
4145,0,0,288,0.0
4145,0,0,296,0.0
4145,0,0,314,0.0
4145,0,0,345,0.0
4145,0,0,348,0.0
4145,0,0,270,0.0
4146,0,0,265,0.0
4146,0,0,288,0.0
4146,0,0,296,0.0
4146,0,0,314,0.0
4146,0,0,345,0.0
4146,0,0,348,0.0
4146,0,0,270,0.0
4147,0,0,265,0.0
4147,0,0,288,0.0
4147,0,0,296,0.0
4147,0,0,314,0.0
4147,0,0,345,0.0
4147,0,0,348,0.0
4147,0,0,270,0.0
4148,0,0,265,0.0
4148,0,0,288,0.0
4148,0,0,296,0.0
4148,0,0,314,0.0
4148,0,0,345,0.0
4148,0,0,348,0.0
4149,0,0,265,0.0
4149,0,0,288,0.0
4149,0,0,296,0.0
4149,0,0,314,0.0
4149,0,0,345,0.0
4149,0,0,348,0.0
4149,0,0,270,0.0
4150,0,0,265,0.0
4150,0,0,288,0.0
4150,0,0,296,0.0
4150,0,0,314,0.0
4150,0,0,345,0.0
4150,0,0,348,0.0
4150,0,0,270,0.0
4151,1,0,265,0.0
4151,1,0,288,0.0
4151,1,0,296,0.0
4151,1,0,314,0.0
4151,1,0,345,0.0
4151,1,0,348,0.0
4151,1,0,270,0.0
4152,1,0,265,0.0
4152,1,0,288,0.0
4152,1,0,296,0.0
4152,1,0,314,0.0
4152,1,0,345,0.0
4152,1,0,348,0.0
4152,1,0,270,0.0
4153,1,0,265,0.0
4153,1,0,288,0.0
4153,1,0,296,0.0
4153,1,0,314,0.0
4153,1,0,345,0.0
4153,1,0,348,0.0
4153,1,0,270,0.0
4154,1,0,265,0.0
4154,1,0,288,0.0
4154,1,0,296,0.0
4154,1,0,314,0.0
4154,1,0,345,0.0
4154,1,0,348,0.0
4154,1,0,270,0.0
4155,1,0,265,0.0
4155,1,0,288,0.0
4155,1,0,296,0.0
4155,1,0,314,0.0
4155,1,0,345,0.0
4155,1,0,348,0.0
4155,1,0,270,0.0
4156,1,0,265,0.0
4156,1,0,288,0.0
4156,1,0,296,0.0
4156,1,0,314,0.0
4156,1,0,345,0.0
4156,1,0,348,0.0
4156,1,0,270,0.0
4157,1,0,265,0.0
4157,1,0,288,0.0
4157,1,0,296,0.0
4157,1,0,314,0.0
4157,1,0,345,0.0
4157,1,0,348,0.0
4157,1,0,270,0.0
4158,1,0,265,0.0
4158,1,0,288,0.0
4158,1,0,296,0.0
4158,1,0,314,0.0
4158,1,0,345,0.0
4158,1,0,348,0.0
4158,1,0,270,0.0
4159,1,0,265,0.0
4159,1,0,288,0.0
4159,1,0,296,0.0
4159,1,0,314,0.0
4159,1,0,345,0.0
4159,1,0,348,0.0
4159,1,0,270,0.0
4160,1,0,265,0.0
4160,1,0,288,0.0
4160,1,0,296,0.0
4160,1,0,314,0.0
4160,1,0,345,0.0
4160,1,0,348,0.0
4160,1,0,270,0.0
4160,1,0,355,1.0
4161,1,0,265,0.0
4161,1,0,288,0.0
4161,1,0,296,0.0
4161,1,0,314,0.0
4161,1,0,345,0.0
4161,1,0,348,0.0
4161,1,0,270,0.0
4161,1,0,355,1.0
4162,1,0,265,0.0
4162,1,0,288,0.0
4162,1,0,296,0.0
4162,1,0,314,0.0
4162,1,0,345,0.0
4162,1,0,348,0.0
4162,1,0,270,0.0
4162,1,0,355,1.0
4163,1,0,265,0.0
4163,1,0,288,0.0
4163,1,0,296,0.0
4163,1,0,314,0.0
4163,1,0,345,0.0
4163,1,0,348,0.0
4163,1,0,270,0.0
4163,1,0,355,1.0
4164,1,0,265,0.0
4164,1,0,288,0.0
4164,1,0,296,0.0
4164,1,0,314,0.0
4164,1,0,345,0.0
4164,1,0,348,0.0
4164,1,0,270,0.0
4164,1,0,355,1.0
4165,1,0,265,0.0
4165,1,0,288,0.0
4165,1,0,296,0.0
4165,1,0,314,0.0
4165,1,0,345,0.0
4165,1,0,348,0.0
4165,1,0,270,0.0
4165,1,0,355,1.0
4166,1,0,265,0.0
4166,1,0,288,0.0
4166,1,0,296,0.0
4166,1,0,314,0.0
4166,1,0,345,0.0
4166,1,0,348,0.0
4166,1,0,270,0.0
4166,1,0,355,1.0
4167,1,0,265,0.0
4167,1,0,288,0.0
4167,1,0,296,0.0
4167,1,0,314,0.0
4167,1,0,345,0.0
4167,1,0,348,0.0
4167,1,0,270,0.0
4167,1,0,355,1.0
4168,1,0,265,0.0
4168,1,0,288,0.0
4168,1,0,296,0.0
4168,1,0,314,0.0
4168,1,0,345,0.0
4168,1,0,348,0.0
4168,1,0,270,0.0
4168,1,0,355,1.0
4169,1,0,265,0.0
4169,1,0,288,0.0
4169,1,0,296,0.0
4169,1,0,314,0.0
4169,1,0,345,0.0
4169,1,0,348,0.0
4169,1,0,270,0.0
4170,1,0,265,0.0
4170,1,0,288,0.0
4170,1,0,296,0.0
4170,1,0,314,0.0
4170,1,0,345,0.0
4170,1,0,348,0.0
4170,1,0,270,0.0
4171,1,0,265,0.0
4171,1,0,288,0.0
4171,1,0,296,0.0
4171,1,0,314,0.0
4171,1,0,345,0.0
4171,1,0,348,0.0
4171,1,0,270,0.0
4172,1,0,265,0.0
4172,1,0,288,0.0
4172,1,0,296,0.0
4172,1,0,314,0.0
4172,1,0,345,0.0
4172,1,0,348,0.0
4172,1,0,270,0.0
4173,1,0,265,0.0
4173,1,0,288,0.0
4173,1,0,296,0.0
4173,1,0,314,0.0
4173,1,0,345,0.0
4173,1,0,348,0.0
4173,1,0,270,0.0
4174,1,0,265,0.0
4174,1,0,288,0.0
4174,1,0,296,0.0
4174,1,0,314,0.0
4174,1,0,345,0.0
4174,1,0,348,0.0
4174,1,0,270,0.0
4175,1,0,265,0.0
4175,1,0,288,0.0
4175,1,0,296,0.0
4175,1,0,314,0.0
4175,1,0,345,0.0
4175,1,0,348,0.0
4175,1,0,270,0.0
4176,1,0,265,0.0
4176,1,0,288,0.0
4176,1,0,296,0.0
4176,1,0,314,0.0
4176,1,0,345,0.0
4176,1,0,348,0.0
4176,1,0,270,0.0
4177,1,0,265,0.0
4177,1,0,288,0.0
4177,1,0,296,0.0
4177,1,0,314,0.0
4177,1,0,348,0.0
4177,1,0,270,0.0
4177,1,0,355,1.0
4178,1,0,265,0.0
4178,1,0,288,0.0
4178,1,0,296,0.0
4178,1,0,314,0.0
4178,1,0,348,0.0
4178,1,0,270,0.0
4178,1,0,355,1.0
4179,1,0,265,0.0
4179,1,0,288,0.0
4179,1,0,296,0.0
4179,1,0,314,0.0
4179,1,0,348,0.0
4179,1,0,270,0.0
4179,1,0,355,1.0
4180,1,0,265,0.0
4180,1,0,288,0.0
4180,1,0,296,0.0
4180,1,0,314,0.0
4180,1,0,348,0.0
4180,1,0,270,0.0
4180,1,0,355,1.0
4180,1,0,358,0.0
4181,1,0,265,0.0
4181,1,0,288,0.0
4181,1,0,296,0.0
4181,1,0,314,0.0
4181,1,0,348,0.0
4181,1,0,270,0.0
4181,1,0,355,1.0
4182,1,0,265,0.0
4182,1,0,288,0.0
4182,1,0,296,0.0
4182,1,0,314,0.0
4182,1,0,348,0.0
4182,1,0,270,0.0
4182,1,0,355,1.0
4182,1,0,358,0.0
4183,1,0,265,0.0
4183,1,0,288,0.0
4183,1,0,296,0.0
4183,1,0,314,0.0
4183,1,0,348,0.0
4183,1,0,270,0.0
4183,1,0,355,1.0
4183,1,0,358,0.0
4184,1,0,265,0.0
4184,1,0,288,0.0
4184,1,0,296,0.0
4184,1,0,314,0.0
4184,1,0,348,0.0
4184,1,0,270,0.0
4184,1,0,355,1.0
4184,1,0,358,0.0
4185,1,0,265,0.0
4185,1,0,288,0.0
4185,1,0,296,0.0
4185,1,0,314,0.0
4185,1,0,348,0.0
4185,1,0,270,0.0
4185,1,0,355,1.0
4186,1,0,265,0.0
4186,1,0,288,0.0
4186,1,0,296,0.0
4186,1,0,314,0.0
4186,1,0,348,0.0
4186,1,0,270,0.0
4186,1,0,355,1.0
4187,1,0,265,0.0
4187,1,0,288,0.0
4187,1,0,296,0.0
4187,1,0,314,0.0
4187,1,0,348,0.0
4187,1,0,270,0.0
4187,1,0,355,1.0
4188,1,0,265,0.0
4188,1,0,288,0.0
4188,1,0,296,0.0
4188,1,0,314,0.0
4188,1,0,348,0.0
4188,1,0,270,0.0
4188,1,0,355,1.0
4189,1,0,265,0.0
4189,1,0,288,0.0
4189,1,0,296,0.0
4189,1,0,314,0.0
4189,1,0,348,0.0
4189,1,0,270,0.0
4189,1,0,355,1.0
4190,1,0,265,0.0
4190,1,0,288,0.0
4190,1,0,296,0.0
4190,1,0,314,0.0
4190,1,0,348,0.0
4190,1,0,270,0.0
4190,1,0,355,1.0
4191,1,0,265,0.0
4191,1,0,288,0.0
4191,1,0,296,0.0
4191,1,0,314,0.0
4191,1,0,348,0.0
4191,1,0,270,0.0
4191,1,0,355,1.0
4192,1,0,265,0.0
4192,1,0,288,0.0
4192,1,0,296,0.0
4192,1,0,314,0.0
4192,1,0,348,0.0
4192,1,0,270,0.0
4192,1,0,355,1.0
4193,1,0,265,0.0
4193,1,0,288,0.0
4193,1,0,296,0.0
4193,1,0,314,0.0
4193,1,0,348,0.0
4193,1,0,270,0.0
4193,1,0,355,1.0
4194,1,0,265,0.0
4194,1,0,288,0.0
4194,1,0,296,0.0
4194,1,0,314,0.0
4194,1,0,348,0.0
4194,1,0,270,0.0
4194,1,0,355,1.0
4195,1,0,265,0.0
4195,1,0,288,0.0
4195,1,0,296,0.0
4195,1,0,314,0.0
4195,1,0,348,0.0
4195,1,0,270,0.0
4195,1,0,355,1.0
4196,1,0,265,0.0
4196,1,0,288,0.0
4196,1,0,296,0.0
4196,1,0,314,0.0
4196,1,0,348,0.0
4196,1,0,270,0.0
4196,1,0,355,1.0
4197,1,0,265,0.0
4197,1,0,288,0.0
4197,1,0,296,0.0
4197,1,0,314,0.0
4197,1,0,348,0.0
4197,1,0,270,0.0
4197,1,0,355,1.0
4198,1,0,265,0.0
4198,1,0,288,0.0
4198,1,0,296,0.0
4198,1,0,314,0.0
4198,1,0,348,0.0
4198,1,0,270,0.0
4198,1,0,355,1.0
4199,1,0,265,0.0
4199,1,0,288,0.0
4199,1,0,296,0.0
4199,1,0,314,0.0
4199,1,0,348,0.0
4199,1,0,270,0.0
4199,1,0,355,1.0
4200,1,0,265,0.0
4200,1,0,288,0.0
4200,1,0,296,0.0
4200,1,0,314,0.0
4200,1,0,348,0.0
4200,1,0,270,0.0
4200,1,0,355,1.0
4201,1,0,265,0.0
4201,1,0,288,0.0
4201,1,0,296,0.0
4201,1,0,314,0.0
4201,1,0,348,0.0
4201,1,0,270,0.0
4201,1,0,355,1.0
4202,1,0,265,0.0
4202,1,0,288,0.0
4202,1,0,296,0.0
4202,1,0,314,0.0
4202,1,0,348,0.0
4202,1,0,270,0.0
4202,1,0,355,1.0
4203,1,0,265,0.0
4203,1,0,288,0.0
4203,1,0,296,0.0
4203,1,0,314,0.0
4203,1,0,348,0.0
4203,1,0,270,0.0
4203,1,0,355,1.0
4204,1,0,265,0.0
4204,1,0,288,0.0
4204,1,0,296,0.0
4204,1,0,314,0.0
4204,1,0,348,0.0
4204,1,0,270,0.0
4204,1,0,355,1.0
4205,1,0,265,0.0
4205,1,0,288,0.0
4205,1,0,296,0.0
4205,1,0,314,0.0
4205,1,0,348,0.0
4205,1,0,270,0.0
4205,1,0,355,1.0
4206,1,0,265,0.0
4206,1,0,288,0.0
4206,1,0,296,0.0
4206,1,0,314,0.0
4206,1,0,348,0.0
4206,1,0,270,0.0
4206,1,0,355,1.0
4207,1,0,265,0.0
4207,1,0,288,0.0
4207,1,0,296,0.0
4207,1,0,314,0.0
4207,1,0,348,0.0
4207,1,0,270,0.0
4207,1,0,355,1.0
4208,1,0,265,0.0
4208,1,0,288,0.0
4208,1,0,296,0.0
4208,1,0,314,0.0
4208,1,0,348,0.0
4208,1,0,270,0.0
4208,1,0,355,1.0
4209,1,0,265,0.0
4209,1,0,288,0.0
4209,1,0,296,0.0
4209,1,0,314,0.0
4209,1,0,348,0.0
4209,1,0,270,0.0
4209,1,0,355,1.0
4210,1,0,265,0.0
4210,1,0,288,0.0
4210,1,0,296,0.0
4210,1,0,314,0.0
4210,1,0,348,0.0
4210,1,0,270,0.0
4210,1,0,355,1.0
4211,1,0,265,0.0
4211,1,0,288,0.0
4211,1,0,296,0.0
4211,1,0,314,0.0
4211,1,0,348,0.0
4211,1,0,270,0.0
4211,1,0,355,1.0
4212,1,0,265,0.0
4212,1,0,288,0.0
4212,1,0,296,0.0
4212,1,0,314,0.0
4212,1,0,348,0.0
4212,1,0,270,0.0
4212,1,0,355,1.0
4213,0,0,265,0.0
4213,0,0,288,0.0
4213,0,0,296,0.0
4213,0,0,314,0.0
4213,0,0,348,0.0
4213,0,0,270,0.0
4213,0,0,355,1.0
4214,0,0,265,0.0
4214,0,0,288,0.0
4214,0,0,296,0.0
4214,0,0,314,0.0
4214,0,0,348,0.0
4214,0,0,270,0.0
4214,0,0,355,1.0
4214,0,0,361,0.0
4215,0,0,265,0.0
4215,0,0,288,0.0
4215,0,0,296,0.0
4215,0,0,314,0.0
4215,0,0,348,0.0
4215,0,0,270,0.0
4215,0,0,355,1.0
4215,0,0,361,0.0
4216,0,0,265,0.0
4216,0,0,288,0.0
4216,0,0,296,0.0
4216,0,0,314,0.0
4216,0,0,348,0.0
4216,0,0,270,0.0
4216,0,0,355,1.0
4216,0,0,361,0.0
4217,0,0,265,0.0
4217,0,0,288,0.0
4217,0,0,296,0.0
4217,0,0,314,0.0
4217,0,0,348,0.0
4217,0,0,270,0.0
4217,0,0,355,1.0
4217,0,0,361,0.0
4218,0,0,265,0.0
4218,0,0,288,0.0
4218,0,0,296,0.0
4218,0,0,314,0.0
4218,0,0,348,0.0
4218,0,0,270,0.0
4218,0,0,355,1.0
4218,0,0,361,0.0
4219,0,0,265,0.0
4219,0,0,288,0.0
4219,0,0,296,0.0
4219,0,0,314,0.0
4219,0,0,348,0.0
4219,0,0,270,0.0
4219,0,0,355,1.0
4219,0,0,361,0.0
4220,0,0,265,0.0
4220,0,0,288,0.0
4220,0,0,296,0.0
4220,0,0,314,0.0
4220,0,0,348,0.0
4220,0,0,270,0.0
4220,0,0,355,1.0
4220,0,0,361,0.0
4221,0,0,265,0.0
4221,0,0,288,0.0
4221,0,0,296,0.0
4221,0,0,314,0.0
4221,0,0,270,0.0
4221,0,0,355,1.0
4222,0,0,265,0.0
4222,0,0,288,0.0
4222,0,0,296,0.0
4222,0,0,314,0.0
4222,0,0,270,0.0
4222,0,0,355,1.0
4223,0,0,265,0.0
4223,0,0,296,0.0
4223,0,0,314,0.0
4223,0,0,270,0.0
4223,0,0,355,1.0
4223,0,0,348,0.0
4224,0,0,265,0.0
4224,0,0,296,0.0
4224,0,0,314,0.0
4224,0,0,270,0.0
4224,0,0,355,1.0
4224,0,0,348,0.0
4225,0,0,265,0.0
4225,0,0,296,0.0
4225,0,0,314,0.0
4225,0,0,270,0.0
4225,0,0,355,1.0
4225,0,0,348,0.0
4226,0,0,265,0.0
4226,0,0,296,0.0
4226,0,0,314,0.0
4226,0,0,270,0.0
4226,0,0,355,1.0
4226,0,0,348,0.0
4227,0,0,265,0.0
4227,0,0,296,0.0
4227,0,0,314,0.0
4227,0,0,270,0.0
4227,0,0,355,1.0
4227,0,0,348,0.0
4228,0,0,265,0.0
4228,0,0,296,0.0
4228,0,0,314,0.0
4228,0,0,270,0.0
4228,0,0,355,1.0
4228,0,0,348,0.0
4229,0,0,265,0.0
4229,0,0,296,0.0
4229,0,0,314,0.0
4229,0,0,270,0.0
4229,0,0,355,1.0
4229,0,0,288,0.0
4230,0,0,265,0.0
4230,0,0,296,0.0
4230,0,0,314,0.0
4230,0,0,270,0.0
4230,0,0,355,1.0
4230,0,0,288,0.0
4231,0,0,265,0.0
4231,0,0,296,0.0
4231,0,0,314,0.0
4231,0,0,270,0.0
4231,0,0,355,1.0
4231,0,0,288,0.0
4232,0,0,265,0.0
4232,0,0,296,0.0
4232,0,0,314,0.0
4232,0,0,270,0.0
4232,0,0,355,1.0
4232,0,0,288,0.0
4233,0,0,265,0.0
4233,0,0,296,0.0
4233,0,0,314,0.0
4233,0,0,270,0.0
4233,0,0,355,1.0
4233,0,0,288,0.0
4234,0,0,265,0.0
4234,0,0,296,0.0
4234,0,0,314,0.0
4234,0,0,270,0.0
4234,0,0,355,1.0
4234,0,0,288,0.0
4235,0,0,265,0.0
4235,0,0,296,0.0
4235,0,0,314,0.0
4235,0,0,270,0.0
4235,0,0,355,1.0
4235,0,0,288,0.0
4236,0,0,265,0.0
4236,0,0,296,0.0
4236,0,0,314,0.0
4236,0,0,270,0.0
4236,0,0,355,1.0
4236,0,0,288,0.0
4237,0,0,265,0.0
4237,0,0,296,0.0
4237,0,0,314,0.0
4237,0,0,270,0.0
4237,0,0,355,1.0
4237,0,0,288,0.0
4238,0,0,265,0.0
4238,0,0,296,0.0
4238,0,0,314,0.0
4238,0,0,270,0.0
4238,0,0,355,1.0
4238,0,0,288,0.0
4239,0,0,265,0.0
4239,0,0,296,0.0
4239,0,0,314,0.0
4239,0,0,270,0.0
4240,0,0,265,0.0
4240,0,0,296,0.0
4240,0,0,314,0.0
4240,0,0,270,0.0
4241,0,0,265,0.0
4241,0,0,296,0.0
4241,0,0,314,0.0
4241,0,0,270,0.0
4242,0,0,265,0.0
4242,0,0,296,0.0
4242,0,0,314,0.0
4242,0,0,270,0.0
4242,0,0,355,1.0
4243,0,0,265,0.0
4243,0,0,296,0.0
4243,0,0,314,0.0
4243,0,0,270,0.0
4243,0,0,355,1.0
4244,0,0,265,0.0
4244,0,0,296,0.0
4244,0,0,314,0.0
4244,0,0,270,0.0
4244,0,0,355,1.0
4245,0,0,265,0.0
4245,0,0,296,0.0
4245,0,0,314,0.0
4245,0,0,270,0.0
4245,0,0,355,1.0
4246,0,0,265,0.0
4246,0,0,296,0.0
4246,0,0,314,0.0
4246,0,0,270,0.0
4246,0,0,355,1.0
4247,0,0,265,0.0
4247,0,0,296,0.0
4247,0,0,314,0.0
4247,0,0,270,0.0
4247,0,0,355,1.0
4248,0,0,265,0.0
4248,0,0,296,0.0
4248,0,0,314,0.0
4248,0,0,270,0.0
4248,0,0,355,1.0
4248,0,0,364,0.0
4249,0,0,265,0.0
4249,0,0,296,0.0
4249,0,0,314,0.0
4249,0,0,270,0.0
4249,0,0,355,1.0
4249,0,0,364,0.0
4250,0,0,265,0.0
4250,0,0,296,0.0
4250,0,0,314,0.0
4250,0,0,270,0.0
4250,0,0,355,1.0
4250,0,0,364,0.0
4251,0,0,265,0.0
4251,0,0,296,0.0
4251,0,0,314,0.0
4251,0,0,270,0.0
4251,0,0,355,1.0
4251,0,0,364,0.0
4252,0,0,265,0.0
4252,0,0,296,0.0
4252,0,0,314,0.0
4252,0,0,270,0.0
4252,0,0,355,1.0
4252,0,0,364,0.0
4253,0,0,265,0.0
4253,0,0,296,0.0
4253,0,0,314,0.0
4253,0,0,270,0.0
4253,0,0,355,1.0
4253,0,0,364,0.0
4254,0,0,265,0.0
4254,0,0,296,0.0
4254,0,0,314,0.0
4254,0,0,270,0.0
4254,0,0,355,1.0
4254,0,0,364,0.0
4255,0,0,265,0.0
4255,0,0,296,0.0
4255,0,0,314,0.0
4255,0,0,270,0.0
4255,0,0,355,0.9839
4256,0,0,265,0.0
4256,0,0,296,0.0
4256,0,0,314,0.0
4256,0,0,270,0.0
4256,0,0,355,0.832
4257,0,0,265,0.0
4257,0,0,296,0.0
4257,0,0,314,0.0
4257,0,0,270,0.0
4257,0,0,355,0.7414
4258,0,0,265,0.0
4258,0,0,296,0.0
4258,0,0,314,0.0
4258,0,0,270,0.0
4258,0,0,355,0.7195
4259,0,0,265,0.0
4259,0,0,296,0.0
4259,0,0,314,0.0
4259,0,0,270,0.0
4259,0,0,355,0.7193
4260,0,0,265,0.0
4260,0,0,296,0.0
4260,0,0,314,0.0
4260,0,0,270,0.0
4260,0,0,355,0.7044
4261,0,0,265,0.0
4261,0,0,296,0.0
4261,0,0,314,0.0
4261,0,0,270,0.0
4261,0,0,355,0.6991
4262,0,0,265,0.0
4262,0,0,296,0.0
4262,0,0,314,0.0
4262,0,0,270,0.0
4263,0,0,265,0.0
4263,0,0,296,0.0
4263,0,0,314,0.0031
4263,0,0,270,0.0
4263,0,0,365,0.0
4264,0,0,265,0.0
4264,0,0,296,0.0
4264,0,0,314,0.0054
4264,0,0,270,0.0
4264,0,0,365,0.0
4265,0,0,265,0.0
4265,0,0,296,0.0
4265,0,0,314,0.0062
4265,0,0,270,0.0
4265,0,0,365,0.0
4266,0,0,265,0.0
4266,0,0,296,0.0
4266,0,0,314,0.0064
4266,0,0,270,0.0
4266,0,0,365,0.0
4267,0,0,265,0.0
4267,0,0,296,0.0
4267,0,0,314,0.0063
4267,0,0,270,0.0
4267,0,0,365,0.0
4268,0,0,265,0.0
4268,0,0,296,0.0
4268,0,0,314,0.0059
4268,0,0,270,0.0
4268,0,0,365,0.0
4269,0,0,265,0.0
4269,0,0,296,0.0
4269,0,0,314,0.0055
4269,0,0,270,0.0
4269,0,0,365,0.0
4270,0,0,265,0.0
4270,0,0,296,0.0
4270,0,0,314,0.0052
4270,0,0,270,0.0
4270,0,0,365,0.0
4271,0,0,265,0.0
4271,0,0,296,0.0
4271,0,0,314,0.005
4271,0,0,270,0.0
4271,0,0,365,0.0
4272,0,0,265,0.0
4272,0,0,296,0.0
4272,0,0,314,0.0049
4272,0,0,270,0.0
4272,0,0,365,0.0
4273,0,0,265,0.0
4273,0,0,296,0.0
4273,0,0,314,0.0
4273,0,0,270,0.0
4274,0,0,265,0.0
4274,0,0,296,0.0
4274,0,0,314,0.0
4274,0,0,270,0.0
4274,0,0,366,0.0
4275,0,0,265,0.0
4275,0,0,296,0.0
4275,0,0,314,0.0
4275,0,0,270,0.0
4275,0,0,366,0.0
4276,0,0,265,0.0
4276,0,0,296,0.0
4276,0,0,314,0.0
4276,0,0,270,0.0
4276,0,0,366,0.0
4277,0,0,265,0.0
4277,0,0,296,0.0
4277,0,0,314,0.0
4277,0,0,270,0.0
4277,0,0,366,0.0
4278,0,0,265,0.0
4278,0,0,296,0.0
4278,0,0,314,0.0
4278,0,0,270,0.0
4279,0,0,265,0.0
4279,0,0,296,0.0
4279,0,0,314,0.0
4279,0,0,270,0.0
4280,0,0,265,0.0
4280,0,0,296,0.0
4280,0,0,314,0.0
4280,0,0,270,0.0
4281,0,0,265,0.0
4281,0,0,296,0.0
4281,0,0,314,0.0
4281,0,0,270,0.0
4281,0,0,366,0.0
4282,0,0,265,0.0
4282,0,0,296,0.0
4282,0,0,314,0.0
4282,0,0,270,0.0
4282,0,0,366,0.0
4283,0,0,265,0.0
4283,0,0,296,0.0
4283,0,0,314,0.0
4283,0,0,270,0.0
4283,0,0,366,0.0
4284,0,0,265,0.0
4284,0,0,296,0.0
4284,0,0,314,0.0
4284,0,0,270,0.0
4284,0,0,366,0.0
4285,0,0,265,0.0
4285,0,0,296,0.0
4285,0,0,314,0.0
4285,0,0,270,0.0
4285,0,0,366,0.0
4286,0,0,265,0.0
4286,0,0,296,0.0
4286,0,0,314,0.0
4286,0,0,270,0.0
4286,0,0,366,0.0
4287,0,0,265,0.0
4287,0,0,296,0.0
4287,0,0,314,0.0
4287,0,0,270,0.0
4287,0,0,366,0.0
4288,0,0,265,0.0
4288,0,0,296,0.0
4288,0,0,314,0.0
4288,0,0,270,0.0
4288,0,0,366,0.0
4289,0,0,265,0.0
4289,0,0,296,0.0
4289,0,0,314,0.0
4289,0,0,270,0.0
4290,0,0,265,0.0
4290,0,0,296,0.0
4290,0,0,314,0.0
4290,0,0,270,0.0
4290,0,0,368,0.0
4291,0,0,265,0.0
4291,0,0,296,0.0
4291,0,0,314,0.0
4291,0,0,270,0.0
4291,0,0,368,0.0
4292,0,0,265,0.0
4292,0,0,296,0.0
4292,0,0,314,0.0
4292,0,0,270,0.0
4292,0,0,368,0.0
4293,0,0,265,0.0
4293,0,0,296,0.0
4293,0,0,314,0.0
4293,0,0,270,0.0
4293,0,0,368,0.0
4294,0,0,265,0.0
4294,0,0,296,0.0
4294,0,0,314,0.0
4294,0,0,270,0.0
4294,0,0,368,0.0
4295,0,0,265,0.0
4295,0,0,296,0.0
4295,0,0,314,0.0
4295,0,0,270,0.0
4295,0,0,368,0.0
4296,0,0,265,0.0
4296,0,0,296,0.0
4296,0,0,314,0.0
4296,0,0,270,0.0
4296,0,0,368,0.0
4297,0,0,265,0.0
4297,0,0,296,0.0
4297,0,0,314,0.0
4297,0,0,270,0.0
4297,0,0,368,0.0
4298,0,0,265,0.0
4298,0,0,296,0.0
4298,0,0,314,0.0
4298,0,0,270,0.0
4298,0,0,368,0.0
4299,0,0,265,0.0
4299,0,0,296,0.0
4299,0,0,314,0.0
4299,0,0,270,0.0
4299,0,0,368,0.0
4300,0,0,265,0.0
4300,0,0,296,0.0
4300,0,0,314,0.0
4300,0,0,270,0.0
4300,0,0,368,0.0
4301,0,0,265,0.0
4301,0,0,296,0.0
4301,0,0,314,0.0
4301,0,0,270,0.0
4301,0,0,368,0.0
4302,0,0,265,0.0
4302,0,0,296,0.0
4302,0,0,314,0.0
4302,0,0,270,0.0
4302,0,0,368,0.0
4303,0,0,265,0.0
4303,0,0,296,0.0
4303,0,0,314,0.0
4303,0,0,270,0.0
4303,0,0,368,0.0
4304,0,0,265,0.0
4304,0,0,296,0.0
4304,0,0,314,0.0
4304,0,0,270,0.0
4304,0,0,368,0.0
4305,0,0,265,0.0
4305,0,0,296,0.0
4305,0,0,314,0.0
4305,0,0,270,0.0
4305,0,0,368,0.0
4306,0,0,265,0.0
4306,0,0,296,0.0
4306,0,0,314,0.0
4306,0,0,270,0.0
4306,0,0,368,0.0
4307,0,0,265,0.0
4307,0,0,296,0.0
4307,0,0,314,0.0
4307,0,0,270,0.0
4307,0,0,368,0.0
4308,0,0,265,0.0
4308,0,0,296,0.0
4308,0,0,314,0.0
4308,0,0,270,0.0
4308,0,0,368,0.0
4309,0,0,265,0.0
4309,0,0,296,0.0
4309,0,0,314,0.0
4309,0,0,270,0.0
4309,0,0,368,0.0
4309,0,0,370,0.6996
4310,0,0,265,0.0
4310,0,0,296,0.0
4310,0,0,314,0.0
4310,0,0,270,0.0
4310,0,0,368,0.0
4310,0,0,370,0.7013
4311,0,0,265,0.0
4311,0,0,296,0.0
4311,0,0,314,0.0
4311,0,0,270,0.0
4311,0,0,368,0.0
4311,0,0,370,0.7024
4312,0,0,265,0.0
4312,0,0,296,0.0
4312,0,0,314,0.0
4312,0,0,270,0.0
4312,0,0,368,0.0
4312,0,0,370,0.7005
4313,0,0,265,0.0
4313,0,0,296,0.0
4313,0,0,314,0.0
4313,0,0,270,0.0
4313,0,0,368,0.0
4313,0,0,370,0.6994
4314,0,0,265,0.0
4314,0,0,296,0.0
4314,0,0,314,0.0
4314,0,0,270,0.0
4314,0,0,368,0.0
4315,0,0,265,0.0
4315,0,0,296,0.0
4315,0,0,314,0.0
4315,0,0,270,0.0
4315,0,0,368,0.0
4316,0,0,265,0.0
4316,0,0,296,0.0
4316,0,0,314,0.0
4316,0,0,270,0.0
4316,0,0,368,0.0
4317,0,0,265,0.0
4317,0,0,296,0.0
4317,0,0,314,0.0
4317,0,0,270,0.0
4317,0,0,368,0.0
4318,0,0,265,0.0
4318,0,0,296,0.0
4318,0,0,314,0.0
4318,0,0,270,0.0
4318,0,0,368,0.0
4319,0,0,265,0.0
4319,0,0,296,0.0
4319,0,0,314,0.0
4319,0,0,270,0.0
4319,0,0,368,0.0
4320,0,0,265,0.0
4320,0,0,296,0.0
4320,0,0,314,0.0
4320,0,0,270,0.0
4320,0,0,368,0.0
4321,0,0,265,0.0
4321,0,0,296,0.0
4321,0,0,314,0.0
4321,0,0,270,0.0
4321,0,0,368,0.0
4322,0,0,265,0.0
4322,0,0,296,0.0
4322,0,0,314,0.0
4322,0,0,270,0.0
4322,0,0,368,0.0
4323,0,0,265,0.0
4323,0,0,296,0.0
4323,0,0,314,0.0
4323,0,0,270,0.0
4323,0,0,368,0.0
4324,0,0,265,0.0
4324,0,0,296,0.0
4324,0,0,314,0.0
4324,0,0,270,0.0
4324,0,0,368,0.0
4325,0,0,265,0.0
4325,0,0,296,0.0
4325,0,0,314,0.0
4325,0,0,270,0.0
4325,0,0,368,0.0
4326,0,0,265,0.0
4326,0,0,296,0.0
4326,0,0,314,0.0
4326,0,0,270,0.0
4326,0,0,368,0.0
4327,0,0,265,0.0
4327,0,0,296,0.0
4327,0,0,314,0.0
4327,0,0,270,0.0
4327,0,0,368,0.0
4328,0,0,265,0.0
4328,0,0,296,0.0
4328,0,0,314,0.0
4328,0,0,270,0.0
4328,0,0,368,0.0
4329,0,0,265,0.0
4329,0,0,296,0.0
4329,0,0,314,0.0
4329,0,0,270,0.0
4329,0,0,368,0.0
4330,0,0,265,0.0
4330,0,0,296,0.0
4330,0,0,314,0.0
4330,0,0,270,0.0
4330,0,0,368,0.0
4331,0,0,265,0.0
4331,0,0,296,0.0
4331,0,0,314,0.0
4331,0,0,270,0.0
4331,0,0,368,0.0
4332,0,0,265,0.0
4332,0,0,296,0.0
4332,0,0,314,0.0
4332,0,0,270,0.0
4332,0,0,368,0.0
4333,0,0,265,0.0
4333,0,0,296,0.0
4333,0,0,314,0.0
4333,0,0,270,0.0
4333,0,0,368,0.0
4334,0,0,265,0.0
4334,0,0,296,0.0
4334,0,0,314,0.0
4334,0,0,270,0.0
4334,0,0,368,0.0
4335,0,0,265,0.0
4335,0,0,296,0.0
4335,0,0,314,0.0
4335,0,0,270,0.0
4335,0,0,368,0.0
4336,0,0,265,0.0
4336,0,0,296,0.0
4336,0,0,314,0.0
4336,0,0,270,0.0
4336,0,0,368,0.0
4337,0,0,265,0.0
4337,0,0,296,0.0
4337,0,0,314,0.0
4337,0,0,270,0.0
4337,0,0,368,0.0
4338,0,0,265,0.0
4338,0,0,296,0.0
4338,0,0,314,0.0
4338,0,0,270,0.0
4338,0,0,368,0.0
4339,0,0,265,0.0
4339,0,0,296,0.0
4339,0,0,314,0.0
4339,0,0,270,0.0
4339,0,0,368,0.0
4340,0,0,265,0.0
4340,0,0,296,0.0
4340,0,0,314,0.0
4340,0,0,270,0.0
4340,0,0,368,0.0
4341,0,0,265,0.0
4341,0,0,296,0.0
4341,0,0,314,0.0
4341,0,0,270,0.0
4341,0,0,368,0.0
4342,0,0,265,0.0
4342,0,0,296,0.0
4342,0,0,314,0.0
4342,0,0,270,0.0
4342,0,0,368,0.0
4342,0,0,376,0.0
4343,0,0,265,0.0
4343,0,0,296,0.0
4343,0,0,314,0.0
4343,0,0,270,0.0
4343,0,0,368,0.0
4343,0,0,376,0.0
4344,0,0,265,0.0
4344,0,0,296,0.0
4344,0,0,314,0.0
4344,0,0,270,0.0
4344,0,0,368,0.0
4344,0,0,376,0.0
4345,0,0,265,0.0
4345,0,0,296,0.0
4345,0,0,314,0.0
4345,0,0,270,0.0
4345,0,0,368,0.0
4346,0,0,265,0.0
4346,0,0,296,0.0
4346,0,0,314,0.0
4346,0,0,270,0.0
4346,0,0,368,0.0
4346,0,0,376,0.0
4347,0,0,265,0.0
4347,0,0,296,0.0
4347,0,0,314,0.0
4347,0,0,270,0.0
4347,0,0,368,0.0
4347,0,0,376,0.0
4348,0,0,265,0.0
4348,0,0,296,0.0
4348,0,0,314,0.0
4348,0,0,270,0.0
4348,0,0,368,0.0
4349,0,0,265,0.0
4349,0,0,296,0.0
4349,0,0,314,0.0
4349,0,0,270,0.0
4349,0,0,368,0.0
4350,0,0,265,0.0
4350,0,0,296,0.0
4350,0,0,314,0.0
4350,0,0,270,0.0
4350,0,0,368,0.0
4350,0,0,376,0.0
4351,0,0,265,0.0
4351,0,0,296,0.0
4351,0,0,314,0.0
4351,0,0,270,0.0
4351,0,0,368,0.0
4351,0,0,376,0.0
4352,0,0,265,0.0
4352,0,0,296,0.0
4352,0,0,314,0.0
4352,0,0,270,0.0
4352,0,0,368,0.0
4352,0,0,376,0.0
4353,0,0,265,0.0
4353,0,0,296,0.0
4353,0,0,314,0.0
4353,0,0,270,0.0
4353,0,0,368,0.0
4353,0,0,376,0.0
4354,0,0,265,0.0
4354,0,0,296,0.0
4354,0,0,314,0.0
4354,0,0,270,0.0
4354,0,0,368,0.0
4354,0,0,376,0.0
4355,0,0,265,0.0
4355,0,0,296,0.0
4355,0,0,314,0.0
4355,0,0,270,0.0
4355,0,0,368,0.0
4355,0,0,376,0.0
4356,0,0,265,0.0
4356,0,0,296,0.0
4356,0,0,314,0.0
4356,0,0,270,0.0
4356,0,0,368,0.0
4356,0,0,376,0.0
4357,0,0,265,0.0
4357,0,0,296,0.0
4357,0,0,314,0.0
4357,0,0,270,0.0
4357,0,0,368,0.0
4357,0,0,376,0.0
4358,0,0,265,0.0
4358,0,0,296,0.0
4358,0,0,314,0.0
4358,0,0,270,0.0
4358,0,0,368,0.0
4358,0,0,376,0.0
4359,0,0,265,0.0
4359,0,0,296,0.0
4359,0,0,314,0.0
4359,0,0,270,0.0
4359,0,0,368,0.0
4359,0,0,376,0.0
4360,0,0,265,0.0
4360,0,0,296,0.0
4360,0,0,314,0.0
4360,0,0,270,0.0
4360,0,0,368,0.0
4360,0,0,376,0.0
4360,0,0,377,0.7714
4361,0,0,265,0.0
4361,0,0,296,0.0
4361,0,0,314,0.0
4361,0,0,270,0.0
4361,0,0,368,0.0
4361,0,0,376,0.0
4361,0,0,377,0.7681
4362,0,0,265,0.0
4362,0,0,296,0.0
4362,0,0,314,0.0
4362,0,0,270,0.0
4362,0,0,368,0.0
4362,0,0,376,0.0
4362,0,0,377,0.7667
4363,0,0,265,0.0
4363,0,0,296,0.0
4363,0,0,314,0.0
4363,0,0,270,0.0
4363,0,0,368,0.0
4363,0,0,376,0.0
4363,0,0,377,0.7664
4364,0,0,265,0.0
4364,0,0,296,0.0
4364,0,0,314,0.0
4364,0,0,270,0.0
4364,0,0,368,0.0
4364,0,0,376,0.0
4364,0,0,377,0.7672
4365,0,0,265,0.0
4365,0,0,296,0.0
4365,0,0,314,0.0
4365,0,0,270,0.0
4365,0,0,368,0.0
4365,0,0,376,0.0
4365,0,0,377,0.7678
4366,0,0,265,0.0
4366,0,0,296,0.0
4366,0,0,314,0.0
4366,0,0,270,0.0
4366,0,0,368,0.0
4366,0,0,376,0.0
4366,0,0,377,0.7658
4367,0,0,265,0.0
4367,0,0,296,0.0
4367,0,0,314,0.0
4367,0,0,270,0.0
4367,0,0,368,0.0
4367,0,0,376,0.0
4367,0,0,377,0.7649
4368,0,0,265,0.0
4368,0,0,296,0.0
4368,0,0,314,0.0
4368,0,0,270,0.0
4368,0,0,368,0.0
4368,0,0,376,0.0
4368,0,0,377,0.9996
4369,0,0,265,0.0
4369,0,0,296,0.0
4369,0,0,314,0.0
4369,0,0,270,0.0
4369,0,0,368,0.0
4369,0,0,376,0.0
4369,0,0,377,1.0
4370,0,0,265,0.0
4370,0,0,296,0.0
4370,0,0,314,0.0
4370,0,0,270,0.0
4370,0,0,368,0.0
4370,0,0,376,0.0
4370,0,0,377,1.0
4371,0,0,265,0.0
4371,0,0,296,0.0
4371,0,0,314,0.0
4371,0,0,270,0.0
4371,0,0,368,0.0
4371,0,0,376,0.0
4371,0,0,377,1.0
4372,0,0,265,0.0
4372,0,0,296,0.0
4372,0,0,314,0.0
4372,0,0,270,0.0
4372,0,0,368,0.0
4372,0,0,376,0.0
4372,0,0,377,1.0
4373,0,0,265,0.0
4373,0,0,296,0.0
4373,0,0,314,0.0
4373,0,0,270,0.0
4373,0,0,368,0.0
4373,0,0,376,0.0
4373,0,0,377,1.0
4374,0,0,265,0.0
4374,0,0,296,0.0
4374,0,0,314,0.0
4374,0,0,270,0.0
4374,0,0,368,0.0
4374,0,0,376,0.0
4374,0,0,377,1.0
4375,0,0,265,0.0
4375,0,0,296,0.0
4375,0,0,314,0.0
4375,0,0,270,0.0
4375,0,0,368,0.0
4375,0,0,376,0.0
4375,0,0,377,1.0
4376,0,0,265,0.0
4376,0,0,296,0.0
4376,0,0,314,0.0
4376,0,0,270,0.0
4376,0,0,368,0.0
4376,0,0,377,1.0
4377,0,0,265,0.0
4377,0,0,296,0.0
4377,0,0,314,0.0
4377,0,0,270,0.0
4377,0,0,368,0.0
4377,0,0,377,1.0
4378,0,0,265,0.0
4378,0,0,296,0.0
4378,0,0,314,0.0
4378,0,0,270,0.0
4378,0,0,368,0.0
4378,0,0,377,1.0
4379,0,0,265,0.0
4379,0,0,296,0.0
4379,0,0,314,0.0
4379,0,0,270,0.0
4379,0,0,368,0.0
4379,0,0,377,1.0
4380,0,0,265,0.0
4380,0,0,296,0.0
4380,0,0,314,0.0
4380,0,0,270,0.0
4380,0,0,368,0.0
4380,0,0,377,1.0
4381,0,0,265,0.0
4381,0,0,296,0.0
4381,0,0,314,0.0
4381,0,0,270,0.0
4381,0,0,368,0.0
4381,0,0,377,1.0
4382,0,0,265,0.0
4382,0,0,296,0.0
4382,0,0,314,0.0
4382,0,0,270,0.0
4382,0,0,368,0.0
4382,0,0,377,1.0
4383,0,0,265,0.0
4383,0,0,296,0.0
4383,0,0,314,0.0
4383,0,0,270,0.0
4383,0,0,368,0.0
4383,0,0,377,1.0
4384,0,0,265,0.0
4384,0,0,296,0.0
4384,0,0,314,0.0
4384,0,0,270,0.0
4384,0,0,368,0.0
4384,0,0,377,1.0
4385,0,0,265,0.0
4385,0,0,296,0.0
4385,0,0,314,0.0
4385,0,0,270,0.0
4385,0,0,368,0.0
4385,0,0,377,1.0
4386,0,0,265,0.0
4386,0,0,296,0.0
4386,0,0,314,0.0
4386,0,0,270,0.0
4386,0,0,368,0.0006
4386,0,0,377,1.0
4386,0,0,380,0.0
4387,0,0,265,0.0
4387,0,0,296,0.0
4387,0,0,314,0.0
4387,0,0,270,0.0
4387,0,0,368,0.0011
4387,0,0,377,1.0
4387,0,0,380,0.0
4388,0,0,265,0.0
4388,0,0,296,0.0
4388,0,0,314,0.0
4388,0,0,270,0.0
4388,0,0,368,0.0012
4388,0,0,377,1.0
4388,0,0,380,0.0
4389,0,0,265,0.0
4389,0,0,296,0.0
4389,0,0,314,0.0
4389,0,0,270,0.0
4389,0,0,368,0.0011
4389,0,0,377,1.0
4389,0,0,380,0.0
4390,0,0,265,0.0
4390,0,0,296,0.0
4390,0,0,314,0.0
4390,0,0,270,0.0
4390,0,0,368,0.0009
4390,0,0,377,1.0
4390,0,0,380,0.0
4391,0,0,265,0.0
4391,0,0,296,0.0
4391,0,0,314,0.0
4391,0,0,270,0.0
4391,0,0,368,0.0008
4391,0,0,377,1.0
4391,0,0,380,0.0
4392,0,0,265,0.0
4392,0,0,296,0.0
4392,0,0,314,0.0
4392,0,0,270,0.0
4392,0,0,368,0.0158
4392,0,0,377,1.0
4392,0,0,380,0.0
4393,0,0,265,0.0
4393,0,0,296,0.0
4393,0,0,314,0.0
4393,0,0,270,0.0
4393,0,0,368,0.0257
4393,0,0,377,1.0
4393,0,0,380,0.0
4393,0,0,382,0.0
4394,0,0,265,0.0
4394,0,0,296,0.0
4394,0,0,314,0.0
4394,0,0,270,0.0
4394,0,0,368,0.0301
4394,0,0,377,1.0
4394,0,0,380,0.0
4394,0,0,382,0.0
4395,0,0,265,0.0
4395,0,0,296,0.0
4395,0,0,314,0.0
4395,0,0,270,0.0
4395,0,0,368,0.0315
4395,0,0,377,1.0
4395,0,0,380,0.0
4395,0,0,382,0.0
4396,0,0,265,0.0
4396,0,0,296,0.0
4396,0,0,314,0.0
4396,0,0,270,0.0
4396,0,0,368,0.0316
4396,0,0,377,1.0
4396,0,0,380,0.0
4396,0,0,382,0.0
4397,0,0,265,0.0
4397,0,0,296,0.0
4397,0,0,314,0.0
4397,0,0,270,0.0
4397,0,0,368,0.0313
4397,0,0,377,1.0
4397,0,0,380,0.0
4397,0,0,382,0.0
4398,0,0,265,0.0
4398,0,0,296,0.0
4398,0,0,314,0.0
4398,0,0,270,0.0
4398,0,0,368,0.0309
4398,0,0,377,1.0
4398,0,0,380,0.0
4398,0,0,382,0.0
4399,0,0,265,0.0
4399,0,0,296,0.0
4399,0,0,314,0.0
4399,0,0,270,0.0
4399,0,0,368,0.0315
4399,0,0,377,1.0
4399,0,0,380,0.0
4399,0,0,382,0.0
4400,0,0,265,0.0
4400,0,0,296,0.0
4400,0,0,314,0.0
4400,0,0,270,0.0
4400,0,0,368,0.0314
4400,0,0,377,1.0
4400,0,0,380,0.0
4400,0,0,382,0.0
4401,0,0,265,0.0
4401,0,0,296,0.0
4401,0,0,314,0.0
4401,0,0,270,0.0
4401,0,0,368,0.0308
4401,0,0,377,1.0
4401,0,0,380,0.0
4401,0,0,382,0.0
4402,0,0,265,0.0
4402,0,0,296,0.0
4402,0,0,314,0.0
4402,0,0,270,0.0
4402,0,0,368,0.0717
4402,0,0,377,1.0
4402,0,0,380,0.0
4402,0,0,382,0.0
4403,0,0,265,0.0
4403,0,0,296,0.0
4403,0,0,314,0.0
4403,0,0,270,0.0
4403,0,0,368,0.0917
4403,0,0,377,0.9953
4403,0,0,380,0.0
4403,0,0,382,0.0
4404,0,0,265,0.0
4404,0,0,296,0.0
4404,0,0,314,0.0
4404,0,0,270,0.0
4404,0,0,368,0.1094
4404,0,0,377,0.9647
4404,0,0,380,0.0
4404,0,0,382,0.0
4405,0,0,265,0.0
4405,0,0,296,0.0
4405,0,0,314,0.0
4405,0,0,270,0.0
4405,0,0,368,0.1078
4405,0,0,382,0.0
4405,0,0,383,0.0
4406,0,0,265,0.0
4406,0,0,296,0.0
4406,0,0,314,0.0
4406,0,0,270,0.0
4406,0,0,368,0.106
4406,0,0,382,0.0
4406,0,0,383,0.0
4407,0,0,265,0.0
4407,0,0,296,0.0
4407,0,0,314,0.0
4407,0,0,270,0.0
4407,0,0,368,0.1051
4407,0,0,382,0.0
4407,0,0,383,0.0
4408,0,0,265,0.0
4408,0,0,296,0.0
4408,0,0,314,0.0
4408,0,0,270,0.0
4408,0,0,368,0.1045
4408,0,0,382,0.0
4408,0,0,383,0.0
4409,0,0,265,0.0
4409,0,0,296,0.0
4409,0,0,314,0.0
4409,0,0,270,0.0
4409,0,0,368,0.1037
4409,0,0,382,0.0
4409,0,0,383,0.0
4410,0,0,265,0.0
4410,0,0,296,0.0
4410,0,0,314,0.0
4410,0,0,270,0.0
4410,0,0,368,0.105
4410,0,0,382,0.0
4410,0,0,383,0.0
4411,0,0,265,0.0
4411,0,0,296,0.0
4411,0,0,314,0.0
4411,0,0,270,0.0
4411,0,0,368,0.255
4411,0,0,382,0.0
4411,0,0,377,0.0
4412,0,0,265,0.0
4412,0,0,296,0.0
4412,0,0,314,0.0
4412,0,0,270,0.0
4412,0,0,368,0.3075
4412,0,0,382,0.0
4412,0,0,386,0.0
4412,0,0,377,0.0
4413,0,0,265,0.0
4413,0,0,296,0.0
4413,0,0,314,0.0
4413,0,0,270,0.0
4413,0,0,368,0.3206
4413,0,0,382,0.0
4413,0,0,386,0.0
4413,0,0,377,0.0
4414,0,0,265,0.0
4414,0,0,296,0.0
4414,0,0,314,0.0
4414,0,0,270,0.0
4414,0,0,368,0.3262
4414,0,0,382,0.0
4414,0,0,386,0.0
4414,0,0,377,0.0
4415,0,0,265,0.0
4415,0,0,296,0.0
4415,0,0,314,0.0
4415,0,0,270,0.0
4415,0,0,368,0.3289
4415,0,0,382,0.0
4415,0,0,386,0.0
4415,0,0,377,0.0
4416,0,0,265,0.0
4416,0,0,296,0.0
4416,0,0,314,0.0
4416,0,0,270,0.0
4416,0,0,368,0.3277
4416,0,0,382,0.0
4416,0,0,386,0.0
4416,0,0,377,0.0
4417,0,0,265,0.0
4417,0,0,296,0.0
4417,0,0,314,0.0
4417,0,0,270,0.0
4417,0,0,368,0.3246
4417,0,0,382,0.0
4417,0,0,386,0.0
4417,0,0,377,0.0
4418,0,0,265,0.0
4418,0,0,296,0.0
4418,0,0,314,0.0
4418,0,0,270,0.0
4418,0,0,368,0.4337
4418,0,0,382,0.0
4419,0,0,265,0.0
4419,0,0,296,0.0
4419,0,0,314,0.0
4419,0,0,270,0.0
4419,0,0,368,0.4759
4419,0,0,382,0.0
4420,0,0,265,0.0
4420,0,0,296,0.0
4420,0,0,314,0.0
4420,0,0,270,0.0
4420,0,0,368,0.4906
4420,0,0,382,0.0
4421,0,0,265,0.0
4421,0,0,296,0.0
4421,0,0,314,0.0
4421,0,0,270,0.0
4421,0,0,368,0.4927
4421,0,0,382,0.0
4422,0,0,265,0.0
4422,0,0,296,0.0
4422,0,0,314,0.0
4422,0,0,270,0.0
4422,0,0,368,0.4925
4422,0,0,382,0.0
4423,0,0,265,0.0
4423,0,0,296,0.0
4423,0,0,314,0.0
4423,0,0,270,0.0
4423,0,0,368,0.5136
4423,0,0,382,0.0
4424,0,0,265,0.0
4424,0,0,296,0.0
4424,0,0,314,0.0
4424,0,0,270,0.0
4424,0,0,368,0.5208
4424,0,0,382,0.0
4424,0,0,387,0.8646
4425,0,0,265,0.0
4425,0,0,296,0.0
4425,0,0,314,0.0
4425,0,0,270,0.0
4425,0,0,368,0.5219
4425,0,0,382,0.0
4425,0,0,387,0.8669
4426,0,0,265,0.0
4426,0,0,296,0.0
4426,0,0,314,0.0
4426,0,0,270,0.0
4426,0,0,368,0.5215
4426,0,0,382,0.0
4426,0,0,387,0.8669
4427,0,0,265,0.0
4427,0,0,296,0.0
4427,0,0,314,0.0
4427,0,0,270,0.0
4427,0,0,368,0.5204
4427,0,0,382,0.0
4427,0,0,387,0.8636
4428,0,0,265,0.0
4428,0,0,296,0.0972
4428,0,0,314,0.0
4428,0,0,270,0.0
4428,0,0,368,0.5208
4428,0,0,382,0.0
4428,0,0,387,0.0
4429,0,0,265,0.0
4429,0,0,296,0.6993
4429,0,0,314,0.0
4429,0,0,270,0.0
4429,0,0,368,0.536
4429,0,0,382,0.0
4429,0,0,387,0.0
4429,0,0,380,0.0
4430,0,0,265,0.0
4430,0,0,296,0.8938
4430,0,0,314,0.0
4430,0,0,270,0.0
4430,0,0,368,0.5405
4430,0,0,382,0.0
4430,0,0,388,0.0
4430,0,0,380,0.0
4430,0,0,377,0.0
4431,0,0,265,0.0
4431,0,0,296,0.9343
4431,0,0,314,0.0
4431,0,0,270,0.0
4431,0,0,368,0.541
4431,0,0,382,0.0
4431,0,0,388,0.0
4431,0,0,380,0.0
4431,0,0,377,0.0
4432,0,0,265,0.0
4432,0,0,296,0.9895
4432,0,0,314,0.0
4432,0,0,270,0.0
4432,0,0,368,0.5424
4432,0,0,382,0.0
4432,0,0,388,0.0
4432,0,0,380,0.0
4432,0,0,377,0.0
4433,0,0,265,0.0
4433,0,0,296,0.9595
4433,0,0,314,0.0
4433,0,0,270,0.0
4433,0,0,368,0.5423
4433,0,0,382,0.0
4433,0,0,388,0.0
4433,0,0,380,0.0
4433,0,0,377,0.0
4434,0,0,265,0.0
4434,0,0,296,0.9414
4434,0,0,314,0.0
4434,0,0,270,0.0
4434,0,0,368,0.5418
4434,0,0,382,0.0
4434,0,0,388,0.0
4434,0,0,380,0.0
4434,0,0,377,0.0
4435,0,0,265,0.0
4435,0,0,296,0.9304
4435,0,0,314,0.0
4435,0,0,270,0.0
4435,0,0,368,0.5408
4435,0,0,382,0.0
4435,0,0,388,0.0
4435,0,0,380,0.0
4435,0,0,377,0.0
4436,0,0,265,0.0
4436,0,0,296,0.9221
4436,0,0,314,0.0
4436,0,0,270,0.0
4436,0,0,368,0.5419
4436,0,0,382,0.0
4436,0,0,388,0.0
4436,0,0,380,0.0
4436,0,0,377,0.0
4437,0,0,265,0.0
4437,0,0,296,0.9173
4437,0,0,314,0.0
4437,0,0,270,0.0
4437,0,0,368,0.5418
4437,0,0,382,0.0
4437,0,0,388,0.0
4437,0,0,380,0.0
4437,0,0,377,0.0
4438,0,0,265,0.0
4438,0,0,314,0.0
4438,0,0,270,0.0
4438,0,0,368,0.6086
4438,0,0,382,0.0
4438,0,0,377,0.0
4439,0,0,265,0.0
4439,0,0,314,0.0
4439,0,0,270,0.0
4439,0,0,368,0.6374
4439,0,0,382,0.0
4439,0,0,377,0.0
4439,0,0,389,0.0
4440,0,0,265,0.0
4440,0,0,314,0.0
4440,0,0,270,0.0
4440,0,0,368,0.6478
4440,0,0,382,0.0
4440,0,0,377,0.0
4440,0,0,389,0.0
4441,0,0,265,0.0
4441,0,0,314,0.0
4441,0,0,270,0.0
4441,0,0,368,0.6457
4441,0,0,382,0.0
4441,0,0,377,0.0
4441,0,0,389,0.0
4441,0,0,380,0.0
4442,0,0,265,0.0
4442,0,0,314,0.0
4442,0,0,270,0.0
4442,0,0,368,0.6446
4442,0,0,382,0.0
4442,0,0,377,0.0
4442,0,0,389,0.0
4442,0,0,380,0.0
4443,0,0,265,0.0
4443,0,0,314,0.0
4443,0,0,270,0.0
4443,0,0,368,0.6437
4443,0,0,382,0.0
4443,0,0,377,0.0
4443,0,0,389,0.0
4443,0,0,380,0.0
4444,0,0,265,0.0
4444,0,0,314,0.0
4444,0,0,270,0.0
4444,0,0,368,0.643
4444,0,0,382,0.0
4444,0,0,377,0.0
4444,0,0,389,0.0
4444,0,0,380,0.0
4445,0,0,265,0.0
4445,0,0,314,0.0
4445,0,0,270,0.0
4445,0,0,368,0.6423
4445,0,0,382,0.0
4445,0,0,377,0.0
4445,0,0,389,0.0
4445,0,0,380,0.0
4446,0,0,265,0.0
4446,0,0,314,0.0
4446,0,0,270,0.0
4446,0,0,368,0.6421
4446,0,0,382,0.0
4446,0,0,377,0.0
4446,0,0,389,0.0
4446,0,0,380,0.0
4447,0,0,265,0.0
4447,0,0,314,0.0
4447,0,0,270,0.0
4447,0,0,368,0.8147
4447,0,0,382,0.0
4447,0,0,377,0.0
4447,0,0,380,0.0
4448,0,0,265,0.0
4448,0,0,314,0.0
4448,0,0,270,0.0
4448,0,0,368,0.8749
4448,0,0,382,0.0
4448,0,0,377,0.0
4448,0,0,380,0.0
4449,0,0,265,0.0
4449,0,0,314,0.0
4449,0,0,270,0.0
4449,0,0,368,0.8952
4449,0,0,382,0.0
4449,0,0,377,0.0
4449,0,0,380,0.0
4450,0,0,265,0.0
4450,0,0,314,0.0
4450,0,0,270,0.0
4450,0,0,368,0.9016
4450,0,0,382,0.0
4450,0,0,377,0.0
4450,0,0,380,0.0
4451,0,0,265,0.0
4451,0,0,314,0.0
4451,0,0,270,0.0
4451,0,0,368,0.9034
4451,0,0,382,0.0
4451,0,0,377,0.0
4451,0,0,380,0.0
4452,0,0,265,0.0
4452,0,0,314,0.0
4452,0,0,270,0.0
4452,0,0,368,0.9034
4452,0,0,382,0.0
4452,0,0,377,0.0
4452,0,0,380,0.0
4453,0,0,265,0.0
4453,0,0,314,0.0
4453,0,0,270,0.0
4453,0,0,368,0.9027
4453,0,0,382,0.0
4453,0,0,377,0.0
4453,0,0,380,0.0
4454,0,0,265,0.0
4454,0,0,314,0.0
4454,0,0,270,0.0
4454,0,0,368,0.9027
4454,0,0,382,0.0
4454,0,0,377,0.0
4454,0,0,380,0.0
4455,0,0,265,0.0
4455,0,0,314,0.0
4455,0,0,270,0.0
4455,0,0,368,0.9848
4455,0,0,382,0.0
4455,0,0,377,0.0
4455,0,0,380,0.0
4456,0,0,265,0.0
4456,0,0,314,0.0
4456,0,0,270,0.0
4456,0,0,368,0.9971
4456,0,0,382,0.0
4456,0,0,377,0.0
4456,0,0,380,0.0
4456,0,0,390,0.0
4457,0,0,265,0.0
4457,0,0,314,0.0
4457,0,0,270,0.0
4457,0,0,368,0.9991
4457,0,0,382,0.0
4457,0,0,377,0.0
4457,0,0,380,0.0
4457,0,0,390,0.0
4458,0,0,265,0.0
4458,0,0,314,0.0
4458,0,0,270,0.0
4458,0,0,368,0.9995
4458,0,0,382,0.0
4458,0,0,377,0.0
4458,0,0,380,0.0
4458,0,0,390,0.0
4459,0,0,265,0.0
4459,0,0,314,0.0
4459,0,0,270,0.0
4459,0,0,368,0.9985
4459,0,0,382,0.0
4459,0,0,377,0.0
4459,0,0,390,0.0
4460,0,0,265,0.0
4460,0,0,314,0.0
4460,0,0,270,0.0
4460,0,0,368,0.9979
4460,0,0,382,0.0
4460,0,0,377,0.0
4460,0,0,390,0.0
4461,0,0,265,0.0
4461,0,0,314,0.0
4461,0,0,270,0.0
4461,0,0,368,0.9975
4461,0,0,382,0.0
4461,0,0,377,0.0
4461,0,0,390,0.0
4462,0,0,265,0.0
4462,0,0,314,0.0
4462,0,0,270,0.0
4462,0,0,368,0.9971
4462,0,0,382,0.0
4462,0,0,377,0.0
4462,0,0,390,0.0
4463,0,0,265,0.0
4463,0,0,314,0.0
4463,0,0,270,0.0
4463,0,0,368,1.0
4463,0,0,382,0.0
4463,0,0,377,0.0
4463,0,0,390,0.0
4464,0,0,265,0.0
4464,0,0,314,0.0
4464,0,0,270,0.0
4464,0,0,368,1.0
4464,0,0,382,0.0
4464,0,0,377,0.0
4464,0,0,390,0.0
4465,0,0,265,0.0
4465,0,0,314,0.0
4465,0,0,270,0.0
4465,0,0,368,1.0
4465,0,0,382,0.0
4465,0,0,377,0.0
4465,0,0,390,0.0
4466,0,0,265,0.0
4466,0,0,314,0.0
4466,0,0,270,0.0
4466,0,0,368,1.0
4466,0,0,382,0.0
4466,0,0,377,0.0
4466,0,0,390,0.0
4467,0,0,265,0.0
4467,0,0,314,0.0
4467,0,0,270,0.0
4467,0,0,368,1.0
4467,0,0,382,0.0
4467,0,0,377,0.0
4467,0,0,390,0.0
4468,0,0,265,0.0
4468,0,0,314,0.0
4468,0,0,270,0.0
4468,0,0,368,1.0
4468,0,0,382,0.0
4468,0,0,377,0.0
4468,0,0,390,0.0
4469,0,0,265,0.0
4469,0,0,314,0.0
4469,0,0,270,0.0
4469,0,0,368,1.0
4469,0,0,382,0.0
4469,0,0,377,0.0
4469,0,0,390,0.0
4470,0,0,265,0.0
4470,0,0,314,0.0
4470,0,0,270,0.0
4470,0,0,368,1.0
4470,0,0,382,0.0
4470,0,0,377,0.0
4470,0,0,390,0.0
4471,0,0,265,0.0
4471,0,0,314,0.0
4471,0,0,270,0.0
4471,0,0,368,1.0
4471,0,0,382,0.0
4471,0,0,377,0.0
4471,0,0,390,0.0
4472,0,0,265,0.0
4472,0,0,314,0.0
4472,0,0,270,0.0
4472,0,0,368,1.0
4472,0,0,382,0.0
4472,0,0,377,0.0
4472,0,0,390,0.0
4472,0,0,392,0.9624
4472,0,0,393,0.0
4473,0,0,265,0.0
4473,0,0,314,0.0
4473,0,0,270,0.0
4473,0,0,368,1.0
4473,0,0,382,0.0
4473,0,0,377,0.0
4473,0,0,390,0.0
4473,0,0,392,0.9649
4473,0,0,393,0.0
4474,0,0,265,0.0
4474,0,0,314,0.0
4474,0,0,270,0.0
4474,0,0,368,1.0
4474,0,0,382,0.0
4474,0,0,377,0.0
4474,0,0,390,0.0
4474,0,0,392,0.9634
4474,0,0,393,0.0
4475,0,0,265,0.0
4475,0,0,314,0.0
4475,0,0,270,0.0
4475,0,0,368,1.0
4475,0,0,382,0.0
4475,0,0,377,0.0
4475,0,0,390,0.0
4475,0,0,392,0.959
4475,0,0,393,0.0
4476,0,0,265,0.0
4476,0,0,314,0.0
4476,0,0,270,0.0
4476,0,0,368,1.0
4476,0,0,382,0.0
4476,0,0,377,0.0
4476,0,0,390,0.0
4476,0,0,392,0.9583
4476,0,0,393,0.0
4477,0,0,265,0.0
4477,0,0,314,0.0
4477,0,0,270,0.0
4477,0,0,368,1.0
4477,0,0,382,0.0
4477,0,0,377,0.0
4477,0,0,390,0.0
4477,0,0,392,0.962
4477,0,0,393,0.0
4478,0,0,265,0.0
4478,0,0,314,0.0
4478,0,0,270,0.0
4478,0,0,368,1.0
4478,0,0,382,0.0
4478,0,0,377,0.0
4478,0,0,390,0.0
4478,0,0,392,0.9625
4478,0,0,393,0.0
4478,0,0,394,0.0
4479,0,0,265,0.0
4479,0,0,314,0.0
4479,0,0,270,0.0
4479,0,0,368,1.0
4479,0,0,382,0.0
4479,0,0,377,0.0
4479,0,0,390,0.0
4479,0,0,392,0.963
4479,0,0,393,0.0
4479,0,0,394,0.0
4480,0,0,265,0.0
4480,0,0,314,0.0
4480,0,0,270,0.0
4480,0,0,368,1.0
4480,0,0,382,0.0
4480,0,0,377,0.0
4480,0,0,390,0.0
4480,0,0,392,0.9705
4480,0,0,393,0.0
4480,0,0,394,0.0
4481,0,0,265,0.0
4481,0,0,314,0.0
4481,0,0,270,0.0
4481,0,0,368,1.0
4481,0,0,382,0.0
4481,0,0,377,0.0
4481,0,0,390,0.0
4481,0,0,394,0.0
4481,0,0,380,0.0
4482,0,0,265,0.0
4482,0,0,314,0.0
4482,0,0,270,0.0
4482,0,0,368,1.0
4482,0,0,382,0.0
4482,0,0,377,0.0
4482,0,0,390,0.0
4482,0,0,394,0.0
4482,0,0,395,0.0
4482,0,0,380,0.0
4483,0,0,265,0.0
4483,0,0,314,0.0
4483,0,0,270,0.0
4483,0,0,368,1.0
4483,0,0,382,0.0
4483,0,0,377,0.0
4483,0,0,390,0.0
4483,0,0,394,0.0
4483,0,0,395,0.0
4483,0,0,380,0.0
4484,0,0,265,0.0
4484,0,0,314,0.0
4484,0,0,270,0.0
4484,0,0,368,1.0
4484,0,0,382,0.0
4484,0,0,377,0.0
4484,0,0,390,0.0
4484,0,0,394,0.0
4484,0,0,395,0.0
4484,0,0,380,0.0
4485,0,0,265,0.0
4485,0,0,314,0.0
4485,0,0,270,0.0
4485,0,0,368,1.0
4485,0,0,382,0.0
4485,0,0,377,0.0
4485,0,0,390,0.0
4485,0,0,394,0.0
4485,0,0,395,0.0
4485,0,0,380,0.0
4486,0,0,265,0.0
4486,0,0,314,0.0
4486,0,0,270,0.0
4486,0,0,368,1.0
4486,0,0,382,0.0
4486,0,0,377,0.0
4486,0,0,390,0.0
4486,0,0,394,0.0
4486,0,0,395,0.0
4486,0,0,380,0.0
4487,0,0,265,0.0
4487,0,0,314,0.0
4487,0,0,270,0.0
4487,0,0,368,1.0
4487,0,0,382,0.0
4487,0,0,377,0.0
4487,0,0,390,0.0
4487,0,0,394,0.0
4487,0,0,395,0.0
4487,0,0,380,0.0
4488,0,0,265,0.0
4488,0,0,314,0.0
4488,0,0,270,0.0
4488,0,0,368,1.0
4488,0,0,382,0.0
4488,0,0,377,0.0
4488,0,0,390,0.0
4488,0,0,394,0.0
4488,0,0,395,0.0
4488,0,0,380,0.0
4489,0,0,265,0.0
4489,0,0,314,0.0
4489,0,0,270,0.0
4489,0,0,368,1.0
4489,0,0,382,0.0
4489,0,0,377,0.0
4489,0,0,390,0.0
4489,0,0,394,0.0
4489,0,0,380,0.0
4490,0,0,265,0.0
4490,0,0,314,0.0
4490,0,0,270,0.0
4490,0,0,368,1.0
4490,0,0,382,0.0
4490,0,0,377,0.0
4490,0,0,390,0.0
4490,0,0,394,0.0
4490,0,0,380,0.0
4491,0,0,265,0.0
4491,0,0,314,0.0
4491,0,0,270,0.0
4491,0,0,368,1.0
4491,0,0,382,0.0
4491,0,0,377,0.0
4491,0,0,390,0.0
4491,0,0,394,0.0
4491,0,0,380,0.0
4492,0,0,265,0.0
4492,0,0,314,0.0
4492,0,0,270,0.0
4492,0,0,368,1.0
4492,0,0,382,0.0
4492,0,0,377,0.0
4492,0,0,390,0.0
4492,0,0,394,0.0
4492,0,0,380,0.0
4493,0,0,265,0.0
4493,0,0,314,0.0
4493,0,0,270,0.0
4493,0,0,368,1.0
4493,0,0,382,0.0
4493,0,0,377,0.0
4493,0,0,390,0.0
4493,0,0,394,0.0
4493,0,0,380,0.0
4494,0,0,265,0.0
4494,0,0,314,0.0
4494,0,0,270,0.0
4494,0,0,368,1.0
4494,0,0,382,0.0
4494,0,0,377,0.0
4494,0,0,390,0.0
4494,0,0,394,0.0
4494,0,0,380,0.0
4495,0,0,265,0.0
4495,0,0,314,0.0
4495,0,0,270,0.0
4495,0,0,368,1.0
4495,0,0,382,0.0
4495,0,0,377,0.0
4495,0,0,390,0.0
4495,0,0,380,0.0
4496,0,0,265,0.0
4496,0,0,314,0.0
4496,0,0,270,0.0
4496,0,0,368,1.0
4496,0,0,382,0.0
4496,0,0,377,0.0
4496,0,0,390,0.0
4496,0,0,380,0.0
4497,0,0,265,0.0
4497,0,0,314,0.0
4497,0,0,270,0.0
4497,0,0,368,1.0
4497,0,0,382,0.0
4497,0,0,377,0.0
4497,0,0,390,0.0
4497,0,0,380,0.0
4497,0,0,394,0.0
4498,0,0,265,0.0
4498,0,0,314,0.0
4498,0,0,270,0.0
4498,0,0,368,1.0
4498,0,0,382,0.0
4498,0,0,377,0.0
4498,0,0,390,0.0
4498,0,0,380,0.0
4498,0,0,394,0.0
4499,0,0,265,0.0
4499,0,0,314,0.0
4499,0,0,270,0.0
4499,0,0,368,1.0
4499,0,0,382,0.0
4499,0,0,377,0.0
4499,0,0,390,0.0
4499,0,0,380,0.0
4499,0,0,394,0.0
4500,0,0,265,0.0
4500,0,0,314,0.0
4500,0,0,270,0.0
4500,0,0,368,1.0
4500,0,0,382,0.0
4500,0,0,377,0.0
4500,0,0,390,0.0
4500,0,0,380,0.0
4500,0,0,394,0.0
4501,0,0,265,0.0
4501,0,0,314,0.0
4501,0,0,270,0.0
4501,0,0,368,1.0
4501,0,0,382,0.0
4501,0,0,377,0.0
4501,0,0,390,0.0
4501,0,0,380,0.0
4501,0,0,394,0.0
4502,0,0,265,0.0
4502,0,0,314,0.0
4502,0,0,270,0.0
4502,0,0,368,1.0
4502,0,0,382,0.0
4502,0,0,377,0.0
4502,0,0,390,0.0
4502,0,0,380,0.0
4502,0,0,394,0.0
4503,0,0,265,0.0
4503,0,0,314,0.0
4503,0,0,270,0.0
4503,0,0,368,1.0
4503,0,0,382,0.0
4503,0,0,377,0.0
4503,0,0,390,0.0
4503,0,0,380,0.0
4503,0,0,394,0.0
4504,0,0,265,0.0
4504,0,0,314,0.0
4504,0,0,270,0.0
4504,0,0,368,1.0
4504,0,0,382,0.0
4504,0,0,377,0.0
4504,0,0,390,0.0
4504,0,0,380,0.0
4504,0,0,394,0.0
4505,0,0,265,0.0
4505,0,0,314,0.0
4505,0,0,270,0.0
4505,0,0,368,1.0
4505,0,0,382,0.0
4505,0,0,377,0.0
4505,0,0,390,0.0
4505,0,0,380,0.0
4505,0,0,394,0.0
4506,0,0,265,0.0
4506,0,0,314,0.0
4506,0,0,270,0.0
4506,0,0,368,1.0
4506,0,0,382,0.0
4506,0,0,377,0.0
4506,0,0,390,0.0
4506,0,0,380,0.0
4506,0,0,394,0.0
4507,0,0,265,0.0
4507,0,0,314,0.0
4507,0,0,270,0.0
4507,0,0,368,1.0
4507,0,0,382,0.0
4507,0,0,377,0.0
4507,0,0,390,0.0
4507,0,0,394,0.0
4508,0,0,265,0.0
4508,0,0,314,0.0
4508,0,0,270,0.0
4508,0,0,368,1.0
4508,0,0,382,0.0
4508,0,0,377,0.0
4508,0,0,390,0.0
4508,0,0,394,0.0
4509,0,0,265,0.0
4509,0,0,314,0.0
4509,0,0,270,0.0
4509,0,0,368,1.0
4509,0,0,382,0.0
4509,0,0,377,0.0
4509,0,0,390,0.0
4509,0,0,394,0.0
4510,0,0,265,0.0
4510,0,0,314,0.0
4510,0,0,270,0.0
4510,0,0,368,1.0
4510,0,0,382,0.0
4510,0,0,377,0.0
4510,0,0,390,0.0
4510,0,0,394,0.0
4511,0,0,265,0.0
4511,0,0,314,0.0
4511,0,0,270,0.0
4511,0,0,368,1.0
4511,0,0,382,0.0
4511,0,0,377,0.0
4511,0,0,390,0.0
4511,0,0,394,0.0
4512,0,0,265,0.0
4512,0,0,314,0.0
4512,0,0,270,0.0
4512,0,0,368,1.0
4512,0,0,382,0.0
4512,0,0,377,0.0
4512,0,0,390,0.0
4512,0,0,394,0.0
4513,0,0,265,0.0
4513,0,0,314,0.0
4513,0,0,270,0.0
4513,0,0,368,1.0
4513,0,0,382,0.0
4513,0,0,377,0.0
4513,0,0,390,0.0
4513,0,0,394,0.0
4514,0,0,265,0.0
4514,0,0,314,0.0
4514,0,0,270,0.0
4514,0,0,368,1.0
4514,0,0,382,0.0
4514,0,0,377,0.0
4514,0,0,390,0.0
4514,0,0,394,0.0
4515,0,0,265,0.0
4515,0,0,314,0.0
4515,0,0,270,0.0
4515,0,0,368,1.0
4515,0,0,382,0.0
4515,0,0,377,0.0
4515,0,0,390,0.0
4515,0,0,394,0.0
4515,0,0,399,0.0
4516,0,0,265,0.0
4516,0,0,314,0.0
4516,0,0,270,0.0
4516,0,0,368,1.0
4516,0,0,382,0.0
4516,0,0,377,0.0
4516,0,0,390,0.0
4516,0,0,394,0.0
4516,0,0,399,0.0
4516,0,0,402,0.0
4517,0,0,265,0.0
4517,0,0,314,0.0
4517,0,0,270,0.0
4517,0,0,368,1.0
4517,0,0,382,0.0
4517,0,0,377,0.0
4517,0,0,390,0.0
4517,0,0,394,0.0
4517,0,0,402,0.0
4518,0,0,265,0.0
4518,0,0,314,0.0
4518,0,0,270,0.0
4518,0,0,368,1.0
4518,0,0,382,0.0
4518,0,0,377,0.0
4518,0,0,390,0.0
4518,0,0,394,0.0
4518,0,0,402,0.0
4518,0,0,399,0.0
4519,0,0,265,0.0
4519,0,0,314,0.0
4519,0,0,270,0.0
4519,0,0,368,1.0
4519,0,0,382,0.0
4519,0,0,377,0.0
4519,0,0,390,0.0
4519,0,0,394,0.0
4519,0,0,402,0.0
4519,0,0,399,0.0
4520,0,0,265,0.0
4520,0,0,314,0.0
4520,0,0,270,0.0
4520,0,0,368,1.0
4520,0,0,382,0.0
4520,0,0,377,0.0
4520,0,0,390,0.0
4520,0,0,394,0.0
4520,0,0,402,0.0
4520,0,0,399,0.0
4521,0,0,265,0.0
4521,0,0,314,0.0
4521,0,0,270,0.0
4521,0,0,368,1.0
4521,0,0,382,0.0
4521,0,0,377,0.0
4521,0,0,390,0.0
4521,0,0,394,0.0
4522,0,0,265,0.0
4522,0,0,314,0.0
4522,0,0,270,0.0
4522,0,0,368,1.0
4522,0,0,382,0.0
4522,0,0,377,0.0
4522,0,0,390,0.0
4522,0,0,394,0.0
4522,0,0,399,0.0
4523,0,0,265,0.0
4523,0,0,314,0.0
4523,0,0,270,0.0
4523,0,0,368,1.0
4523,0,0,382,0.0
4523,0,0,377,0.0
4523,0,0,390,0.0
4523,0,0,394,0.0
4524,0,0,265,0.0
4524,0,0,314,0.0
4524,0,0,270,0.0
4524,0,0,368,1.0
4524,0,0,382,0.0
4524,0,0,377,0.0
4524,0,0,390,0.0
4524,0,0,394,0.0
4524,0,0,404,0.0
4525,0,0,265,0.0
4525,0,0,314,0.0
4525,0,0,270,0.0
4525,0,0,368,1.0
4525,0,0,382,0.0
4525,0,0,377,0.0
4525,0,0,390,0.0
4525,0,0,394,0.0
4525,0,0,404,0.0
4526,0,0,265,0.0
4526,0,0,314,0.0
4526,0,0,270,0.0
4526,0,0,368,1.0
4526,0,0,382,0.0
4526,0,0,377,0.0
4526,0,0,390,0.0
4526,0,0,394,0.0
4526,0,0,404,0.0
4527,0,0,265,0.0
4527,0,0,314,0.0
4527,0,0,270,0.0
4527,0,0,368,1.0
4527,0,0,382,0.0
4527,0,0,377,0.0
4527,0,0,390,0.0
4527,0,0,394,0.0
4527,0,0,404,0.0
4528,0,0,265,0.0
4528,0,0,314,0.0
4528,0,0,270,0.0
4528,0,0,368,1.0
4528,0,0,382,0.0
4528,0,0,377,0.0
4528,0,0,390,0.0
4528,0,0,394,0.0
4528,0,0,404,0.0
4529,0,0,265,0.0
4529,0,0,314,0.0
4529,0,0,270,0.0
4529,0,0,368,1.0
4529,0,0,382,0.0
4529,0,0,377,0.0
4529,0,0,390,0.0
4529,0,0,394,0.0
4529,0,0,404,0.0
4530,0,0,265,0.0
4530,0,0,314,0.0
4530,0,0,270,0.0
4530,0,0,368,1.0
4530,0,0,382,0.0
4530,0,0,377,0.0
4530,0,0,390,0.0
4530,0,0,394,0.0
4530,0,0,404,0.0
4531,0,0,265,0.0
4531,0,0,314,0.0
4531,0,0,270,0.0
4531,0,0,368,1.0
4531,0,0,382,0.0
4531,0,0,377,0.0
4531,0,0,390,0.0
4531,0,0,394,0.0
4531,0,0,404,0.0
4531,0,0,380,0.0
4532,0,0,265,0.0
4532,0,0,314,0.0
4532,0,0,270,0.0
4532,0,0,368,1.0
4532,0,0,382,0.0
4532,0,0,377,0.0
4532,0,0,390,0.0
4532,0,0,394,0.0
4532,0,0,404,0.0
4532,0,0,405,0.0
4532,0,0,380,0.0
4533,0,0,265,0.0
4533,0,0,314,0.0
4533,0,0,270,0.0
4533,0,0,368,1.0
4533,0,0,382,0.0
4533,0,0,377,0.0
4533,0,0,390,0.0
4533,0,0,394,0.0
4533,0,0,404,0.0
4533,0,0,405,0.0
4533,0,0,380,0.0
4534,0,0,265,0.0
4534,0,0,314,0.0
4534,0,0,270,0.0
4534,0,0,368,1.0
4534,0,0,382,0.0
4534,0,0,377,0.0
4534,0,0,390,0.0
4534,0,0,394,0.0
4534,0,0,405,0.0
4535,0,0,265,0.0
4535,0,0,314,0.0
4535,0,0,270,0.0
4535,0,0,368,1.0
4535,0,0,382,0.0
4535,0,0,377,0.0
4535,0,0,390,0.0
4535,0,0,394,0.0
4535,0,0,405,0.0
4536,0,0,265,0.0
4536,0,0,314,0.0
4536,0,0,270,0.0
4536,0,0,368,1.0
4536,0,0,382,0.0
4536,0,0,377,0.0
4536,0,0,390,0.0
4536,0,0,394,0.0
4536,0,0,405,0.0
4537,0,0,265,0.0
4537,0,0,314,0.0
4537,0,0,270,0.0
4537,0,0,368,1.0
4537,0,0,382,0.0
4537,0,0,377,0.0
4537,0,0,390,0.0
4537,0,0,394,0.0
4537,0,0,405,0.0
4537,0,0,380,0.0
4538,0,0,265,0.0
4538,0,0,314,0.0
4538,0,0,270,0.0
4538,0,0,368,1.0
4538,0,0,382,0.0
4538,0,0,377,0.0
4538,0,0,390,0.0
4538,0,0,394,0.0
4538,0,0,405,0.0
4538,0,0,380,0.0
4539,0,0,265,0.0
4539,0,0,314,0.0
4539,0,0,270,0.0
4539,0,0,368,1.0
4539,0,0,382,0.0
4539,0,0,377,0.0
4539,0,0,390,0.0
4539,0,0,394,0.0
4539,0,0,405,0.0
4540,0,0,265,0.0
4540,0,0,314,0.0
4540,0,0,270,0.0
4540,0,0,368,1.0
4540,0,0,382,0.0
4540,0,0,377,0.0
4540,0,0,390,0.0
4540,0,0,394,0.0
4540,0,0,405,0.0
4541,0,0,265,0.0
4541,0,0,314,0.0
4541,0,0,270,0.0
4541,0,0,368,1.0
4541,0,0,382,0.0
4541,0,0,377,0.0
4541,0,0,390,0.0
4541,0,0,394,0.0
4541,0,0,405,0.0
4541,0,0,380,0.0
4542,0,0,265,0.0
4542,0,0,314,0.0
4542,0,0,270,0.0
4542,0,0,368,1.0
4542,0,0,382,0.0
4542,0,0,377,0.0
4542,0,0,390,0.0
4542,0,0,394,0.0
4542,0,0,405,0.0
4542,0,0,380,0.0
4543,0,0,265,0.0
4543,0,0,314,0.0
4543,0,0,270,0.0
4543,0,0,368,1.0
4543,0,0,382,0.0
4543,0,0,377,0.0
4543,0,0,390,0.0
4543,0,0,394,0.0
4543,0,0,405,0.0
4543,0,0,380,0.0
4544,0,0,265,0.0
4544,0,0,314,0.0
4544,0,0,270,0.0
4544,0,0,368,1.0
4544,0,0,382,0.0
4544,0,0,377,0.0
4544,0,0,390,0.0
4544,0,0,394,0.0
4544,0,0,405,0.0
4544,0,0,380,0.0
4545,0,0,265,0.0
4545,0,0,314,0.0
4545,0,0,270,0.0
4545,0,0,368,1.0
4545,0,0,382,0.0
4545,0,0,377,0.0
4545,0,0,390,0.0
4545,0,0,394,0.0
4545,0,0,405,0.0
4545,0,0,380,0.0
4546,0,0,265,0.0
4546,0,0,314,0.0
4546,0,0,270,0.0
4546,0,0,368,1.0
4546,0,0,382,0.0
4546,0,0,377,0.0
4546,0,0,390,0.0
4546,0,0,394,0.0
4546,0,0,405,0.0
4547,0,0,265,0.0
4547,0,0,314,0.0
4547,0,0,270,0.0
4547,0,0,368,1.0
4547,0,0,382,0.0
4547,0,0,377,0.0
4547,0,0,390,0.0
4547,0,0,394,0.0
4547,0,0,405,0.0
4548,0,0,265,0.0
4548,0,0,314,0.0
4548,0,0,270,0.0
4548,0,0,368,1.0
4548,0,0,382,0.0
4548,0,0,377,0.0
4548,0,0,390,0.0
4548,0,0,394,0.0
4548,0,0,405,0.0
4549,0,0,265,0.0
4549,0,0,314,0.0
4549,0,0,270,0.0
4549,0,0,368,1.0
4549,0,0,377,0.0
4549,0,0,390,0.0
4549,0,0,405,0.0
4550,0,0,265,0.0
4550,0,0,314,0.0
4550,0,0,270,0.0
4550,0,0,368,1.0
4550,0,0,377,0.0
4550,0,0,390,0.0
4551,0,0,265,0.0
4551,0,0,314,0.0
4551,0,0,270,0.0
4551,0,0,368,1.0
4551,0,0,377,0.0
4551,0,0,390,0.0
4551,0,0,407,0.0
4552,0,0,265,0.0
4552,0,0,314,0.0
4552,0,0,270,0.0
4552,0,0,368,1.0
4552,0,0,377,0.0
4552,0,0,390,0.0
4552,0,0,407,0.0
4553,0,0,265,0.0
4553,0,0,314,0.0
4553,0,0,270,0.0
4553,0,0,368,1.0
4553,0,0,377,0.0
4553,0,0,390,0.0
4553,0,0,407,0.0
4554,0,0,265,0.0
4554,0,0,314,0.0
4554,0,0,270,0.0
4554,0,0,368,1.0
4554,0,0,377,0.0
4554,0,0,390,0.0
4554,0,0,407,0.0
4555,0,0,265,0.0
4555,0,0,314,0.0
4555,0,0,270,0.0
4555,0,0,368,1.0
4555,0,0,377,0.0
4555,0,0,390,0.0
4555,0,0,407,0.0
4556,0,0,265,0.0
4556,0,0,314,0.0
4556,0,0,270,0.0
4556,0,0,368,1.0
4556,0,0,377,0.0
4556,0,0,390,0.0
4556,0,0,407,0.0
4557,0,0,265,0.0
4557,0,0,314,0.0
4557,0,0,270,0.0
4557,0,0,368,1.0
4557,0,0,377,0.0
4557,0,0,390,0.0
4557,0,0,407,0.0
4558,0,0,265,0.0
4558,0,0,314,0.0
4558,0,0,270,0.0
4558,0,0,368,1.0
4558,0,0,377,0.0
4558,0,0,390,0.0
4559,0,0,265,0.0
4559,0,0,314,0.0
4559,0,0,270,0.0
4559,0,0,368,1.0
4559,0,0,377,0.0
4559,0,0,390,0.0
4560,0,0,265,0.0
4560,0,0,314,0.0
4560,0,0,270,0.0
4560,0,0,368,1.0
4560,0,0,377,0.0
4560,0,0,390,0.0
4561,0,0,265,0.0
4561,0,0,314,0.0
4561,0,0,270,0.0
4561,0,0,368,1.0
4561,0,0,377,0.0
4561,0,0,390,0.0
4562,0,0,265,0.0
4562,0,0,314,0.0
4562,0,0,270,0.0
4562,0,0,368,1.0
4562,0,0,377,0.0
4562,0,0,390,0.0
4563,0,0,265,0.0
4563,0,0,314,0.0
4563,0,0,270,0.0
4563,0,0,368,1.0
4563,0,0,377,0.0
4563,0,0,390,0.0
4564,0,0,265,0.0
4564,0,0,314,0.0
4564,0,0,270,0.0
4564,0,0,368,1.0
4564,0,0,377,0.0
4564,0,0,390,0.0
4565,0,0,265,0.0
4565,0,0,314,0.0
4565,0,0,270,0.0
4565,0,0,368,1.0
4565,0,0,377,0.0
4565,0,0,390,0.0
4566,0,0,265,0.0
4566,0,0,314,0.0
4566,0,0,270,0.0
4566,0,0,368,1.0
4566,0,0,377,0.0
4566,0,0,390,0.0
4567,0,0,265,0.0
4567,0,0,314,0.0002
4567,0,0,270,0.0
4567,0,0,368,1.0
4567,0,0,377,0.0
4567,0,0,390,0.0
4567,0,0,382,0.0
4567,0,0,380,0.0
4568,0,0,265,0.0
4568,0,0,314,0.0
4568,0,0,270,0.0
4568,0,0,368,1.0
4568,0,0,377,0.0
4568,0,0,390,0.0
4569,0,0,265,0.0
4569,0,0,314,0.0
4569,0,0,270,0.0
4569,0,0,368,1.0
4569,0,0,377,0.0
4569,0,0,390,0.0
4570,0,0,265,0.0
4570,0,0,314,0.0
4570,0,0,270,0.0
4570,0,0,368,1.0
4570,0,0,377,0.0
4570,0,0,390,0.0
4571,0,0,265,0.0
4571,0,0,314,0.0
4571,0,0,270,0.0
4571,0,0,368,1.0
4571,0,0,377,0.0
4571,0,0,390,0.0
4572,0,0,265,0.0
4572,0,0,314,0.0
4572,0,0,270,0.0
4572,0,0,368,1.0
4572,0,0,377,0.0
4572,0,0,390,0.0
4573,0,0,265,0.0
4573,0,0,314,0.0
4573,0,0,270,0.0
4573,0,0,368,1.0
4573,0,0,377,0.0
4573,0,0,390,0.0
4574,0,0,265,0.0
4574,0,0,314,0.0
4574,0,0,270,0.0
4574,0,0,368,1.0
4574,0,0,377,0.0
4574,0,0,390,0.0
4575,0,0,265,0.0
4575,0,0,314,0.0
4575,0,0,270,0.0
4575,0,0,368,1.0
4575,0,0,377,0.0
4575,0,0,390,0.0
4576,0,0,265,0.0
4576,0,0,314,0.0
4576,0,0,270,0.0
4576,0,0,368,1.0
4576,0,0,377,0.0
4576,0,0,390,0.0
4576,0,0,410,1.0
4577,0,0,265,0.0
4577,0,0,314,0.0
4577,0,0,270,0.0
4577,0,0,368,1.0
4577,0,0,377,0.0
4577,0,0,390,0.0
4577,0,0,410,1.0
4578,0,0,265,0.0
4578,0,0,314,0.0
4578,0,0,270,0.0
4578,0,0,368,1.0
4578,0,0,377,0.0
4578,0,0,390,0.0
4578,0,0,410,1.0
4579,0,0,265,0.0
4579,0,0,314,0.0
4579,0,0,270,0.0
4579,0,0,368,1.0
4579,0,0,377,0.0
4579,0,0,390,0.0
4579,0,0,410,1.0
4580,0,0,265,0.0
4580,0,0,314,0.0
4580,0,0,270,0.0
4580,0,0,368,1.0
4580,0,0,377,0.0
4580,0,0,390,0.0
4580,0,0,410,1.0
4581,0,0,265,0.0
4581,0,0,314,0.0
4581,0,0,270,0.0
4581,0,0,368,1.0
4581,0,0,377,0.0
4581,0,0,390,0.0
4581,0,0,410,1.0
4582,0,0,265,0.0
4582,0,0,314,0.0
4582,0,0,270,0.0
4582,0,0,368,1.0
4582,0,0,377,0.0
4582,0,0,390,0.0
4582,0,0,410,1.0
4583,0,0,265,0.0
4583,0,0,314,0.0
4583,0,0,270,0.0
4583,0,0,368,1.0
4583,0,0,377,0.0
4583,0,0,390,0.0
4583,0,0,410,1.0
4584,0,0,265,0.0
4584,0,0,314,0.0
4584,0,0,270,0.0
4584,0,0,368,1.0
4584,0,0,377,0.0
4584,0,0,390,0.0
4584,0,0,410,1.0
4585,0,0,265,0.0
4585,0,0,314,0.0
4585,0,0,270,0.0
4585,0,0,368,1.0
4585,0,0,377,0.0
4585,0,0,390,0.0
4586,0,0,265,0.0
4586,0,0,314,0.0
4586,0,0,270,0.0
4586,0,0,368,1.0
4586,0,0,377,0.0
4586,0,0,390,0.0
4586,0,0,380,0.0
4586,0,0,382,0.0
4587,0,0,265,0.0
4587,0,0,314,0.0
4587,0,0,270,0.0
4587,0,0,368,1.0
4587,0,0,377,0.0
4587,0,0,390,0.0
4587,0,0,413,0.0
4587,0,0,380,0.0
4587,0,0,382,0.0
4588,0,0,265,0.0
4588,0,0,314,0.0
4588,0,0,270,0.0
4588,0,0,368,1.0
4588,0,0,377,0.0
4588,0,0,390,0.0
4588,0,0,413,0.0
4588,0,0,380,0.0
4588,0,0,382,0.0
4589,0,0,265,0.0
4589,0,0,314,0.0
4589,0,0,270,0.0
4589,0,0,368,1.0
4589,0,0,377,0.0
4589,0,0,390,0.0
4589,0,0,413,0.0
4589,0,0,380,0.0
4589,0,0,382,0.0
4590,0,0,265,0.0
4590,0,0,314,0.0
4590,0,0,270,0.0
4590,0,0,368,1.0
4590,0,0,377,0.0
4590,0,0,390,0.0
4590,0,0,413,0.0
4590,0,0,380,0.0
4590,0,0,382,0.0
4591,0,0,265,0.0
4591,0,0,314,0.0
4591,0,0,270,0.0
4591,0,0,368,1.0
4591,0,0,377,0.0
4591,0,0,390,0.0
4591,0,0,413,0.0
4591,0,0,380,0.0
4591,0,0,382,0.0
4592,0,0,265,0.0
4592,0,0,314,0.0
4592,0,0,270,0.0
4592,0,0,368,1.0
4592,0,0,377,0.0
4592,0,0,390,0.0
4592,0,0,413,0.0
4592,0,0,380,0.0
4592,0,0,382,0.0
4593,0,0,265,0.0
4593,0,0,314,0.0
4593,0,0,270,0.0
4593,0,0,368,1.0
4593,0,0,377,0.0
4593,0,0,413,0.0
4593,0,0,380,0.0
4593,0,0,382,0.0
4594,0,0,265,0.0
4594,0,0,314,0.0
4594,0,0,270,0.0
4594,0,0,368,1.0
4594,0,0,377,0.0
4594,0,0,413,0.0
4594,0,0,380,0.0
4595,0,0,265,0.0
4595,0,0,314,0.0
4595,0,0,270,0.0
4595,0,0,368,1.0
4595,0,0,377,0.0
4595,0,0,413,0.0
4595,0,0,380,0.0
4595,0,0,382,0.0
4596,0,0,265,0.0
4596,0,0,314,0.0
4596,0,0,270,0.0
4596,0,0,368,1.0
4596,0,0,377,0.0
4596,0,0,413,0.0
4596,0,0,380,0.0
4596,0,0,382,0.0
4597,0,0,265,0.0
4597,0,0,314,0.0
4597,0,0,270,0.0
4597,0,0,368,1.0
4597,0,0,377,0.0
4597,0,0,413,0.0
4597,0,0,380,0.0
4597,0,0,382,0.0
4598,0,0,265,0.0
4598,0,0,314,0.0
4598,0,0,270,0.0
4598,0,0,368,1.0
4598,0,0,377,0.0
4598,0,0,413,0.0
4598,0,0,380,0.0
4598,0,0,382,0.0
4599,0,0,265,0.0
4599,0,0,314,0.0
4599,0,0,270,0.0
4599,0,0,368,1.0
4599,0,0,377,0.0
4599,0,0,380,0.0
4599,0,0,382,0.0
4600,0,0,265,0.0
4600,0,0,314,0.0
4600,0,0,270,0.0
4600,0,0,368,1.0
4600,0,0,377,0.0
4600,0,0,380,0.0
4600,0,0,382,0.0
4601,0,0,265,0.0
4601,0,0,314,0.0
4601,0,0,270,0.0
4601,0,0,368,1.0
4601,0,0,377,0.0
4601,0,0,380,0.0
4601,0,0,382,0.0
4602,0,0,265,0.0
4602,0,0,314,0.0
4602,0,0,270,0.0
4602,0,0,368,1.0
4602,0,0,377,0.0
4602,0,0,380,0.0
4602,0,0,382,0.0
4603,0,0,265,0.0
4603,0,0,314,0.0
4603,0,0,270,0.0
4603,0,0,368,1.0
4603,0,0,377,0.0
4603,0,0,380,0.0
4603,0,0,382,0.0
4604,0,0,265,0.0
4604,0,0,314,0.0
4604,0,0,270,0.0
4604,0,0,368,1.0
4604,0,0,377,0.0
4604,0,0,380,0.0
4604,0,0,382,0.0
4604,0,0,413,0.0
4605,0,0,265,0.0
4605,0,0,314,0.0
4605,0,0,270,0.0
4605,0,0,368,1.0
4605,0,0,377,0.0
4605,0,0,380,0.0
4605,0,0,382,0.0
4605,0,0,414,0.0
4605,0,0,413,0.0
4606,0,0,265,0.0
4606,0,0,314,0.0
4606,0,0,270,0.0
4606,0,0,368,1.0
4606,0,0,377,0.0
4606,0,0,380,0.0
4606,0,0,382,0.0
4606,0,0,414,0.0
4606,0,0,413,0.0
4607,0,0,265,0.0
4607,0,0,314,0.0
4607,0,0,270,0.0
4607,0,0,368,1.0
4607,0,0,377,0.0
4607,0,0,380,0.0
4607,0,0,382,0.0
4607,0,0,414,0.0
4607,0,0,413,0.0
4608,0,0,265,0.0
4608,0,0,314,0.0
4608,0,0,270,0.0
4608,0,0,368,1.0
4608,0,0,377,0.0
4608,0,0,380,0.0
4608,0,0,382,0.0
4608,0,0,414,0.0
4608,0,0,413,0.0
4609,0,0,265,0.0
4609,0,0,314,0.0
4609,0,0,270,0.0
4609,0,0,368,1.0
4609,0,0,377,0.0
4609,0,0,380,0.0
4609,0,0,382,0.0
4609,0,0,414,0.0
4609,0,0,413,0.0
4610,0,0,265,0.0
4610,0,0,314,0.0
4610,0,0,270,0.0
4610,0,0,368,1.0
4610,0,0,377,0.0
4610,0,0,380,0.0
4610,0,0,382,0.0
4610,0,0,414,0.0
4610,0,0,413,0.0
4611,0,0,265,0.0
4611,0,0,314,0.0
4611,0,0,270,0.0
4611,0,0,368,1.0
4611,0,0,377,0.0
4612,0,0,265,0.0
4612,0,0,314,0.0
4612,0,0,270,0.0
4612,0,0,368,1.0
4612,0,0,377,0.0
4613,0,0,265,0.0
4613,0,0,314,0.0
4613,0,0,270,0.0
4613,0,0,368,1.0
4613,0,0,377,0.0
4614,0,0,265,0.0
4614,0,0,314,0.0
4614,0,0,270,0.0
4614,0,0,368,1.0
4614,0,0,377,0.0
4615,0,0,265,0.0
4615,0,0,314,0.0
4615,0,0,270,0.0
4615,0,0,368,1.0
4615,0,0,377,0.0
4616,0,0,265,0.0
4616,0,0,314,0.0
4616,0,0,270,0.0
4616,0,0,368,1.0
4616,0,0,377,0.0
4617,0,0,265,0.0
4617,0,0,314,0.0
4617,0,0,270,0.0
4617,0,0,368,1.0
4617,0,0,377,0.0
4618,0,0,265,0.0
4618,0,0,314,0.0
4618,0,0,270,0.0
4618,0,0,368,1.0
4618,0,0,377,0.0
4619,0,0,265,0.0
4619,0,0,314,0.0
4619,0,0,270,0.0
4619,0,0,368,1.0
4619,0,0,377,0.0
4620,0,0,265,0.0
4620,0,0,314,0.0
4620,0,0,270,0.0
4620,0,0,368,1.0
4620,0,0,377,0.0
4621,0,0,265,0.0
4621,0,0,314,0.0
4621,0,0,270,0.0
4621,0,0,368,1.0
4621,0,0,377,0.0
4622,0,0,265,0.0
4622,0,0,314,0.0
4622,0,0,270,0.0
4622,0,0,368,1.0
4622,0,0,377,0.0
4623,0,0,265,0.0
4623,0,0,314,0.0
4623,0,0,270,0.0
4623,0,0,368,1.0
4623,0,0,377,0.0
4624,0,0,265,0.0
4624,0,0,314,0.0
4624,0,0,270,0.0
4624,0,0,368,1.0
4624,0,0,377,0.0
4625,0,0,265,0.0
4625,0,0,314,0.0
4625,0,0,270,0.0
4625,0,0,368,1.0
4625,0,0,377,0.0
4626,0,0,265,0.0
4626,0,0,314,0.0
4626,0,0,270,0.0
4626,0,0,368,1.0
4626,0,0,377,0.0
4627,0,0,265,0.0
4627,0,0,314,0.0
4627,0,0,270,0.0
4627,0,0,368,1.0
4627,0,0,377,0.0
4628,0,0,265,0.0
4628,0,0,314,0.0
4628,0,0,270,0.0
4628,0,0,368,1.0
4628,0,0,377,0.0
4629,0,0,265,0.0
4629,0,0,314,0.0
4629,0,0,270,0.0
4629,0,0,368,1.0
4629,0,0,377,0.0
4630,0,0,265,0.0
4630,0,0,314,0.0
4630,0,0,270,0.0
4630,0,0,368,1.0
4630,0,0,377,0.0
4631,0,0,265,0.0
4631,0,0,314,0.0
4631,0,0,270,0.0
4631,0,0,368,1.0
4631,0,0,377,0.0
4632,0,0,265,0.0
4632,0,0,314,0.0
4632,0,0,270,0.0
4632,0,0,368,1.0
4632,0,0,377,0.0
4633,0,0,265,0.0
4633,0,0,314,0.0
4633,0,0,270,0.0
4633,0,0,368,1.0
4633,0,0,377,0.0
4634,0,0,265,0.0
4634,0,0,314,0.0
4634,0,0,270,0.0
4634,0,0,368,1.0
4634,0,0,377,0.0
4635,0,0,265,0.0
4635,0,0,314,0.0
4635,0,0,270,0.0
4635,0,0,368,1.0
4635,0,0,377,0.0
4636,0,0,265,0.0
4636,0,0,314,0.0
4636,0,0,270,0.0
4636,0,0,368,1.0
4636,0,0,377,0.0
4637,0,0,265,0.0
4637,0,0,314,0.003
4637,0,0,270,0.0
4637,0,0,368,1.0
4637,0,0,377,0.0
4638,0,0,265,0.0
4638,0,0,314,0.0054
4638,0,0,270,0.0
4638,0,0,368,1.0
4638,0,0,377,0.0
4639,0,0,265,0.0
4639,0,0,314,0.0066
4639,0,0,270,0.0
4639,0,0,368,1.0
4639,0,0,377,0.0
4640,0,0,265,0.0
4640,0,0,314,0.0086
4640,0,0,270,0.0
4640,0,0,368,1.0
4640,0,0,377,0.0
4641,0,0,265,0.0
4641,0,0,314,0.0098
4641,0,0,270,0.0
4641,0,0,368,1.0
4641,0,0,377,0.0
4642,0,0,265,0.0
4642,0,0,314,0.0101
4642,0,0,270,0.0
4642,0,0,368,1.0
4642,0,0,377,0.0
4643,0,0,265,0.0
4643,0,0,314,0.0102
4643,0,0,270,0.0
4643,0,0,368,1.0
4643,0,0,377,0.0
4644,0,0,265,0.0
4644,0,0,314,0.0093
4644,0,0,270,0.0
4644,0,0,368,1.0
4644,0,0,377,0.0
4645,0,0,265,0.0
4645,0,0,314,0.0289
4645,0,0,270,0.0
4645,0,0,368,1.0
4645,0,0,377,0.0
4646,0,0,265,0.0
4646,0,0,314,0.0392
4646,0,0,270,0.0
4646,0,0,368,1.0
4646,0,0,377,0.0
4646,0,0,416,0.0
4646,0,0,417,1.0
4647,0,0,265,0.0
4647,0,0,314,0.0433
4647,0,0,270,0.0
4647,0,0,368,1.0
4647,0,0,377,0.0
4647,0,0,416,0.0
4647,0,0,417,1.0
4648,0,0,265,0.0
4648,0,0,314,0.0444
4648,0,0,270,0.0
4648,0,0,368,1.0
4648,0,0,377,0.0
4648,0,0,416,0.0
4648,0,0,417,1.0
4649,0,0,265,0.0
4649,0,0,314,0.0445
4649,0,0,270,0.0
4649,0,0,368,1.0
4649,0,0,377,0.0
4649,0,0,416,0.0
4649,0,0,417,1.0
4650,0,0,265,0.0
4650,0,0,314,0.0441
4650,0,0,270,0.0
4650,0,0,368,1.0
4650,0,0,377,0.0
4650,0,0,416,0.0
4650,0,0,417,1.0
4651,0,0,265,0.0
4651,0,0,314,0.0436
4651,0,0,270,0.0
4651,0,0,368,1.0
4651,0,0,377,0.0
4651,0,0,416,0.0
4651,0,0,417,1.0
4652,0,0,265,0.0
4652,0,0,314,0.0416
4652,0,0,270,0.0
4652,0,0,368,1.0
4652,0,0,377,0.0
4652,0,0,416,0.0
4652,0,0,417,1.0
4653,0,0,265,0.0
4653,0,0,314,0.1147
4653,0,0,270,0.0
4653,0,0,368,1.0
4653,0,0,377,0.0
4653,0,0,417,1.0
4654,0,0,265,0.0
4654,0,0,314,0.1531
4654,0,0,270,0.0
4654,0,0,368,1.0
4654,0,0,377,0.0
4654,0,0,417,1.0
4654,0,0,418,0.0
4655,0,0,265,0.0
4655,0,0,314,0.168
4655,0,0,270,0.0
4655,0,0,368,1.0
4655,0,0,377,0.0
4655,0,0,417,1.0
4655,0,0,418,0.0
4656,0,0,265,0.0
4656,0,0,314,0.1723
4656,0,0,270,0.0
4656,0,0,368,1.0
4656,0,0,377,0.0
4656,0,0,417,1.0
4656,0,0,418,0.0
4657,0,0,265,0.0
4657,0,0,314,0.1732
4657,0,0,270,0.0
4657,0,0,368,1.0
4657,0,0,377,0.0
4657,0,0,417,1.0
4657,0,0,418,0.0
4658,0,0,265,0.0
4658,0,0,314,0.1799
4658,0,0,270,0.0
4658,0,0,368,1.0
4658,0,0,377,0.0
4658,0,0,417,1.0
4658,0,0,418,0.0
4659,0,0,265,0.0
4659,0,0,314,0.1819
4659,0,0,270,0.0
4659,0,0,368,1.0
4659,0,0,377,0.0
4659,0,0,417,1.0
4659,0,0,418,0.0
4660,0,0,265,0.0
4660,0,0,314,0.1818
4660,0,0,270,0.0
4660,0,0,368,1.0
4660,0,0,377,0.0
4660,0,0,417,1.0
4660,0,0,418,0.0
4661,0,0,265,0.0
4661,0,0,314,0.1813
4661,0,0,270,0.0
4661,0,0,368,1.0
4661,0,0,377,0.0
4661,0,0,417,1.0
4661,0,0,418,0.0
4662,0,0,265,0.0
4662,0,0,314,0.1806
4662,0,0,270,0.0
4662,0,0,368,1.0
4662,0,0,377,0.0
4662,0,0,417,1.0
4662,0,0,418,0.0
4663,0,0,265,0.0
4663,0,0,314,0.1805
4663,0,0,270,0.0
4663,0,0,368,1.0
4663,0,0,377,0.0
4663,0,0,417,1.0
4663,0,0,418,0.0
4664,0,0,265,0.0
4664,0,0,314,0.2679
4664,0,0,270,0.0
4664,0,0,368,1.0
4664,0,0,377,0.0
4664,0,0,417,1.0
4665,0,0,265,0.0
4665,0,0,314,0.3016
4665,0,0,270,0.0
4665,0,0,368,1.0
4665,0,0,377,0.0
4665,0,0,417,1.0
4665,0,0,420,0.0
4665,0,0,421,0.0
4666,0,0,265,0.0
4666,0,0,314,0.3129
4666,0,0,270,0.0
4666,0,0,368,1.0
4666,0,0,377,0.0
4666,0,0,417,1.0
4666,0,0,420,0.0
4666,0,0,421,0.0
4667,0,0,265,0.0
4667,0,0,314,0.3169
4667,0,0,270,0.0
4667,0,0,368,1.0
4667,0,0,377,0.0
4667,0,0,417,1.0
4667,0,0,420,0.0
4667,0,0,421,0.0
4668,0,0,265,0.0
4668,0,0,314,0.3174
4668,0,0,270,0.0
4668,0,0,368,1.0
4668,0,0,377,0.0
4668,0,0,417,1.0
4668,0,0,420,0.0
4668,0,0,421,0.0
4669,0,0,265,0.0
4669,0,0,314,0.3164
4669,0,0,270,0.0
4669,0,0,368,1.0
4669,0,0,377,0.0
4669,0,0,417,1.0
4669,0,0,420,0.0
4669,0,0,421,0.0
4670,0,0,265,0.0
4670,0,0,314,0.3152
4670,0,0,270,0.0
4670,0,0,368,1.0
4670,0,0,377,0.0
4670,0,0,417,1.0
4670,0,0,420,0.0
4670,0,0,421,0.0
4671,0,0,265,0.0
4671,0,0,314,0.3158
4671,0,0,270,0.0
4671,0,0,368,1.0
4671,0,0,377,0.0
4671,0,0,417,1.0
4671,0,0,420,0.0
4671,0,0,421,0.0
4672,0,0,265,0.0
4672,0,0,314,0.3514
4672,0,0,270,0.0
4672,0,0,368,0.9895
4672,0,0,377,0.0
4672,0,0,417,1.0
4672,0,0,421,0.0
4673,0,0,265,0.0
4673,0,0,314,0.3642
4673,0,0,270,0.0
4673,0,0,368,0.9559
4673,0,0,377,0.0
4673,0,0,417,1.0
4673,0,0,421,0.0
4674,0,0,265,0.0
4674,0,0,314,0.368
4674,0,0,270,0.0
4674,0,0,368,0.9396
4674,0,0,377,0.0
4674,0,0,417,1.0
4674,0,0,421,0.0
4675,0,0,265,0.0
4675,0,0,314,0.369
4675,0,0,270,0.0
4675,0,0,368,0.9333
4675,0,0,377,0.0
4675,0,0,417,1.0
4675,0,0,421,0.0
4676,0,0,265,0.0
4676,0,0,314,0.3871
4676,0,0,270,0.0
4676,0,0,368,0.9343
4676,0,0,377,0.0
4676,0,0,417,1.0
4676,0,0,421,0.0
4677,0,0,265,0.0
4677,0,0,314,0.395
4677,0,0,270,0.0
4677,0,0,368,0.9345
4677,0,0,377,0.0
4677,0,0,417,0.9997
4677,0,0,421,0.0
4678,0,0,265,0.0
4678,0,0,314,0.3962
4678,0,0,270,0.0
4678,0,0,368,0.9349
4678,0,0,377,0.0
4678,0,0,417,0.9996
4678,0,0,421,0.0
4679,0,0,265,0.0
4679,0,0,314,0.3883
4679,0,0,270,0.0
4679,0,0,368,0.7452
4679,0,0,377,0.0
4680,0,0,265,0.0
4680,0,0,314,0.385
4680,0,0,270,0.0
4680,0,0,368,0.647
4680,0,0,377,0.0
4680,0,0,423,0.0
4681,0,0,265,0.0
4681,0,0,314,0.3787
4681,0,0,270,0.0
4681,0,0,368,0.6068
4681,0,0,377,0.0
4681,0,0,423,0.0
4682,0,0,265,0.0
4682,0,0,314,0.3794
4682,0,0,270,0.0
4682,0,0,368,0.5933
4682,0,0,377,0.0
4682,0,0,423,0.0
4683,0,0,265,0.0
4683,0,0,314,0.3791
4683,0,0,270,0.0
4683,0,0,368,0.5901
4683,0,0,377,0.0
4683,0,0,423,0.0
4684,0,0,265,0.0
4684,0,0,314,0.3811
4684,0,0,270,0.0
4684,0,0,368,0.5901
4684,0,0,377,0.0
4684,0,0,423,0.0
4685,0,0,265,0.0
4685,0,0,314,0.3819
4685,0,0,270,0.0
4685,0,0,368,0.5914
4685,0,0,377,0.0
4685,0,0,423,0.0
4686,0,0,265,0.0
4686,0,0,314,0.3807
4686,0,0,270,0.0
4686,0,0,368,0.5931
4686,0,0,377,0.0
4686,0,0,423,0.0
4687,0,0,265,0.0
4687,0,0,314,0.3787
4687,0,0,270,0.0
4687,0,0,368,0.5949
4687,0,0,377,0.0
4687,0,0,423,0.0
4688,0,0,265,0.0
4688,0,0,314,0.3769
4688,0,0,270,0.0
4688,0,0,368,0.5963
4688,0,0,377,0.0
4688,0,0,423,0.0
4689,0,0,265,0.0
4689,0,0,314,0.3867
4689,0,0,270,0.0
4689,0,0,368,0.5587
4689,0,0,377,0.0
4690,0,0,265,0.0
4690,0,0,314,0.3897
4690,0,0,270,0.0
4690,0,0,368,0.5461
4690,0,0,377,0.0
4691,0,0,265,0.0
4691,0,0,314,0.3902
4691,0,0,270,0.0
4691,0,0,368,0.5419
4691,0,0,377,0.0
4692,0,0,265,0.0
4692,0,0,314,0.3901
4692,0,0,270,0.0
4692,0,0,368,0.5413
4692,0,0,377,0.0
4693,0,0,265,0.0
4693,0,0,314,0.3904
4693,0,0,270,0.0
4693,0,0,368,0.5421
4693,0,0,377,0.0
4694,0,0,265,0.0
4694,0,0,314,0.3721
4694,0,0,270,0.0
4694,0,0,368,0.5384
4694,0,0,377,0.0
4694,0,0,423,0.0
4695,0,0,265,0.0
4695,0,0,314,0.3876
4695,0,0,270,0.0
4695,0,0,368,0.5354
4695,0,0,377,0.0
4695,0,0,423,0.0
4696,0,0,265,0.0
4696,0,0,314,0.3945
4696,0,0,270,0.0
4696,0,0,368,0.5348
4696,0,0,377,0.0
4696,0,0,423,0.0
4696,0,0,425,0.0
4697,0,0,265,0.0
4697,0,0,314,0.3974
4697,0,0,270,0.0
4697,0,0,368,0.581
4697,0,0,377,0.0
4697,0,0,423,0.0
4697,0,0,425,0.0
4698,0,0,265,0.0
4698,0,0,314,0.4019
4698,0,0,270,0.0
4698,0,0,368,0.5993
4698,0,0,377,0.0
4698,0,0,423,0.0
4698,0,0,425,0.0
4698,0,0,426,0.0
4699,0,0,265,0.0
4699,0,0,314,0.3992
4699,0,0,270,0.0
4699,0,0,368,0.6063
4699,0,0,377,0.0
4699,0,0,423,0.0
4699,0,0,425,0.0
4699,0,0,426,0.0
4700,0,0,265,0.0
4700,0,0,314,0.4004
4700,0,0,270,0.0
4700,0,0,368,0.6091
4700,0,0,377,0.0
4700,0,0,423,0.0
4700,0,0,425,0.0
4700,0,0,426,0.0
4701,0,0,265,0.0
4701,0,0,314,0.3983
4701,0,0,270,0.0
4701,0,0,368,0.6108
4701,0,0,377,0.0
4701,0,0,423,0.0
4701,0,0,425,0.0
4701,0,0,426,0.0
4702,0,0,265,0.0
4702,0,0,314,0.4418
4702,0,0,270,0.0
4702,0,0,368,0.612
4702,0,0,377,0.0
4702,0,0,423,0.0
4702,0,0,425,0.0
4702,0,0,426,0.0
4703,0,0,265,0.0
4703,0,0,314,0.413
4703,0,0,270,0.0
4703,0,0,368,0.613
4703,0,0,377,0.0
4703,0,0,423,0.0
4703,0,0,425,0.0
4703,0,0,426,0.0
4704,0,0,265,0.0
4704,0,0,314,0.4471
4704,0,0,270,0.0
4704,0,0,368,0.6135
4704,0,0,377,0.0
4704,0,0,423,0.0
4704,0,0,425,0.0
4704,0,0,426,0.0
4705,0,0,265,0.0
4705,0,0,314,0.4124
4705,0,0,270,0.0
4705,0,0,368,0.2831
4705,0,0,377,0.0
4705,0,0,425,0.0
4705,0,0,426,0.0
4706,0,0,265,0.0
4706,0,0,314,0.3997
4706,0,0,270,0.0
4706,0,0,368,0.1876
4706,0,0,377,0.0
4706,0,0,425,0.0
4706,0,0,426,0.0
4706,0,0,427,0.0
4706,0,0,429,0.0
4706,0,0,430,0.0
4707,0,0,265,0.0
4707,0,0,314,0.3972
4707,0,0,270,0.0
4707,0,0,368,0.1604
4707,0,0,377,0.0
4707,0,0,425,0.0
4707,0,0,426,0.0
4707,0,0,427,0.0
4707,0,0,429,0.0
4707,0,0,430,0.0
4708,0,0,265,0.0
4708,0,0,314,0.3973
4708,0,0,270,0.0
4708,0,0,368,0.1512
4708,0,0,377,0.0
4708,0,0,425,0.0
4708,0,0,426,0.0
4708,0,0,427,0.0
4708,0,0,429,0.0
4708,0,0,430,0.0
4709,0,0,265,0.0
4709,0,0,314,0.3972
4709,0,0,270,0.0
4709,0,0,368,0.1465
4709,0,0,377,0.0
4709,0,0,425,0.0
4709,0,0,426,0.0
4709,0,0,427,0.0
4709,0,0,429,0.0
4709,0,0,430,0.0
4710,0,0,265,0.0
4710,0,0,314,0.3986
4710,0,0,270,0.0
4710,0,0,368,0.1453
4710,0,0,377,0.0
4710,0,0,425,0.0
4710,0,0,426,0.0
4710,0,0,427,0.0
4710,0,0,429,0.0
4710,0,0,430,0.0
4711,0,0,265,0.0
4711,0,0,314,0.3995
4711,0,0,270,0.0
4711,0,0,368,0.1466
4711,0,0,377,0.0
4711,0,0,425,0.0
4711,0,0,426,0.0
4711,0,0,427,0.0
4711,0,0,429,0.0
4711,0,0,430,0.0
4712,0,0,265,0.0
4712,0,0,314,0.4136
4712,0,0,270,0.0
4712,0,0,368,0.1643
4712,0,0,377,0.0
4712,0,0,425,0.0
4712,0,0,426,0.0
4712,0,0,427,0.0
4712,0,0,429,0.0
4712,0,0,430,0.0
4713,0,0,265,0.0
4713,0,0,314,0.4195
4713,0,0,270,0.0
4713,0,0,368,0.1697
4713,0,0,377,0.0
4713,0,0,425,0.0
4713,0,0,426,0.0
4713,0,0,427,0.0
4713,0,0,429,0.0
4713,0,0,430,0.0
4713,0,0,431,0.0
4714,0,0,265,0.0
4714,0,0,314,0.4195
4714,0,0,270,0.0
4714,0,0,368,0.169
4714,0,0,377,0.0
4714,0,0,425,0.0
4714,0,0,426,0.0
4714,0,0,427,0.0
4714,0,0,429,0.0
4714,0,0,430,0.0
4714,0,0,431,0.0
4715,0,0,265,0.0
4715,0,0,314,0.4255
4715,0,0,270,0.0
4715,0,0,368,0.0849
4715,0,0,377,0.0
4715,0,0,425,0.0
4715,0,0,426,0.0
4715,0,0,429,0.0
4715,0,0,431,0.0
4716,0,0,265,0.0
4716,0,0,314,0.4267
4716,0,0,270,0.0
4716,0,0,368,0.0613
4716,0,0,377,0.0
4716,0,0,425,0.0
4716,0,0,426,0.0
4716,0,0,429,0.0
4716,0,0,431,0.0
4717,0,0,265,0.0
4717,0,0,314,0.4258
4717,0,0,270,0.0
4717,0,0,368,0.0532
4717,0,0,377,0.0
4717,0,0,425,0.0
4717,0,0,426,0.0
4717,0,0,429,0.0
4717,0,0,431,0.0
4718,0,0,265,0.0
4718,0,0,314,0.4247
4718,0,0,270,0.0
4718,0,0,368,0.0522
4718,0,0,377,0.0
4718,0,0,425,0.0
4718,0,0,426,0.0
4718,0,0,429,0.0
4718,0,0,431,0.0
4719,0,0,265,0.0
4719,0,0,314,0.424
4719,0,0,270,0.0
4719,0,0,368,0.0509
4719,0,0,377,0.0
4719,0,0,425,0.0
4719,0,0,426,0.0
4719,0,0,429,0.0
4719,0,0,431,0.0
4720,0,0,265,0.0
4720,0,0,314,0.4238
4720,0,0,270,0.0
4720,0,0,368,0.0548
4720,0,0,377,0.0
4720,0,0,425,0.0
4720,0,0,426,0.0
4720,0,0,429,0.0
4720,0,0,431,0.0
4721,0,0,265,0.0
4721,0,0,314,0.4215
4721,0,0,270,0.0
4721,0,0,368,0.0625
4721,0,0,377,0.0
4721,0,0,425,0.0
4721,0,0,426,0.0
4721,0,0,431,0.0
4722,0,0,265,0.0
4722,0,0,314,0.421
4722,0,0,270,0.0
4722,0,0,368,0.0658
4722,0,0,377,0.0
4722,0,0,425,0.0
4722,0,0,426,0.0
4722,0,0,431,0.0
4723,0,0,265,0.0
4723,0,0,314,0.4921
4723,0,0,270,0.0
4723,0,0,368,0.0072
4723,0,0,377,0.0
4723,0,0,425,0.0
4723,0,0,426,0.0
4723,0,0,431,0.0
4724,0,0,265,0.0
4724,0,0,314,0.5208
4724,0,0,270,0.0
4724,0,0,368,0.0
4724,0,0,377,0.0
4724,0,0,425,0.0
4724,0,0,426,0.0
4724,0,0,431,0.0
4725,0,0,265,0.0
4725,0,0,314,0.5303
4725,0,0,270,0.0
4725,0,0,368,0.0
4725,0,0,377,0.0
4725,0,0,425,0.0
4725,0,0,426,0.0
4725,0,0,431,0.0
4726,0,0,265,0.0
4726,0,0,314,0.5337
4726,0,0,270,0.0
4726,0,0,368,0.0
4726,0,0,377,0.0
4726,0,0,425,0.0
4726,0,0,426,0.0
4726,0,0,431,0.0
4727,0,0,265,0.0
4727,0,0,314,0.5352
4727,0,0,270,0.0
4727,0,0,368,0.0
4727,0,0,377,0.0
4727,0,0,425,0.0
4727,0,0,426,0.0
4727,0,0,431,0.0
4728,0,0,265,0.0
4728,0,0,314,0.5361
4728,0,0,270,0.0
4728,0,0,368,0.0
4728,0,0,377,0.0
4728,0,0,425,0.0
4728,0,0,426,0.0
4728,0,0,431,0.0
4729,0,0,265,0.0
4729,0,0,314,0.5362
4729,0,0,270,0.0
4729,0,0,368,0.0
4729,0,0,377,0.0
4729,0,0,425,0.0
4729,0,0,426,0.0
4729,0,0,431,0.0
4730,0,0,265,0.0
4730,0,0,314,0.5108
4730,0,0,270,0.0
4730,0,0,368,0.0
4730,0,0,377,0.0
4730,0,0,425,0.0
4730,0,0,426,0.0
4730,0,0,431,0.0
4731,0,0,265,0.0
4731,0,0,314,0.5058
4731,0,0,270,0.0
4731,0,0,368,0.0
4731,0,0,377,0.0
4731,0,0,425,0.0
4731,0,0,431,0.0
4732,0,0,265,0.0
4732,0,0,314,0.4551
4732,0,0,270,0.0
4732,0,0,368,0.0
4732,0,0,377,0.0
4732,0,0,431,0.0
4733,0,0,265,0.0
4733,0,0,314,0.4358
4733,0,0,270,0.0
4733,0,0,368,0.0
4733,0,0,377,0.0
4733,0,0,431,0.0
4734,0,0,265,0.0
4734,0,0,314,0.4284
4734,0,0,270,0.0
4734,0,0,368,0.0
4734,0,0,377,0.0
4734,0,0,431,0.0
4735,0,0,265,0.0
4735,0,0,314,0.4268
4735,0,0,270,0.0
4735,0,0,368,0.0
4735,0,0,377,0.0
4735,0,0,431,0.0
4736,0,0,265,0.0
4736,0,0,314,0.4255
4736,0,0,270,0.0
4736,0,0,368,0.0
4736,0,0,377,0.0
4736,0,0,431,0.0
4737,0,0,265,0.0
4737,0,0,314,0.4266
4737,0,0,270,0.0
4737,0,0,368,0.0
4737,0,0,377,0.0
4737,0,0,431,0.0
4738,0,0,265,0.0
4738,0,0,314,0.4272
4738,0,0,270,0.0
4738,0,0,368,0.0
4738,0,0,377,0.0
4738,0,0,431,0.0
4739,0,0,265,0.0
4739,0,0,314,0.4283
4739,0,0,270,0.0
4739,0,0,368,0.0
4739,0,0,377,0.0
4739,0,0,431,0.0
4740,0,0,265,0.0
4740,0,0,314,0.4427
4740,0,0,270,0.0
4740,0,0,368,0.0
4740,0,0,377,0.0
4740,0,0,431,0.0
4741,0,0,265,0.0
4741,0,0,314,0.4766
4741,0,0,270,0.0
4741,0,0,368,0.0
4741,0,0,377,0.0
4741,0,0,431,0.0
4742,0,0,265,0.0
4742,0,0,314,0.4886
4742,0,0,270,0.0
4742,0,0,368,0.0
4742,0,0,377,0.0
4742,0,0,431,0.0
4743,0,0,265,0.0
4743,0,0,314,0.4932
4743,0,0,270,0.0
4743,0,0,368,0.0
4743,0,0,377,0.0
4743,0,0,431,0.0
4744,0,0,265,0.0
4744,0,0,314,0.4958
4744,0,0,270,0.0
4744,0,0,368,0.0
4744,0,0,377,0.0
4744,0,0,431,0.0
4745,0,0,265,0.0
4745,0,0,314,0.4968
4745,0,0,270,0.0
4745,0,0,368,0.0
4745,0,0,377,0.0
4745,0,0,431,0.0
4746,0,0,265,0.0
4746,0,0,314,0.4976
4746,0,0,270,0.0
4746,0,0,368,0.0
4746,0,0,377,0.0
4746,0,0,431,0.0
4747,0,0,265,0.0
4747,0,0,314,0.4983
4747,0,0,270,0.0
4747,0,0,368,0.0
4747,0,0,377,0.0
4747,0,0,431,0.0
4748,0,0,265,0.0
4748,0,0,314,0.4988
4748,0,0,270,0.0
4748,0,0,368,0.0
4748,0,0,377,0.0
4748,0,0,431,0.0
4749,0,0,265,0.0
4749,0,0,314,0.4979
4749,0,0,270,0.0
4749,0,0,368,0.0
4749,0,0,377,0.0
4749,0,0,431,0.0
4750,0,0,265,0.0
4750,0,0,314,0.4892
4750,0,0,270,0.0
4750,0,0,368,0.0
4750,0,0,377,0.0
4750,0,0,431,0.0
4751,0,0,265,0.0
4751,0,0,314,0.4876
4751,0,0,270,0.0
4751,0,0,368,0.0
4751,0,0,377,0.0
4751,0,0,431,0.0
4752,0,0,265,0.0
4752,0,0,314,0.4883
4752,0,0,270,0.0
4752,0,0,368,0.0
4752,0,0,377,0.0
4752,0,0,431,0.0
4753,0,0,265,0.0
4753,0,0,314,0.489
4753,0,0,270,0.0
4753,0,0,368,0.0
4753,0,0,377,0.0
4753,0,0,431,0.0
4754,0,0,265,0.0
4754,0,0,314,0.4821
4754,0,0,270,0.0
4754,0,0,368,0.0
4754,0,0,377,0.0
4754,0,0,431,0.0
4755,0,0,265,0.0
4755,0,0,314,0.4788
4755,0,0,270,0.0
4755,0,0,368,0.0
4755,0,0,377,0.0
4755,0,0,431,0.0
4756,0,0,265,0.0
4756,0,0,314,0.4775
4756,0,0,270,0.0
4756,0,0,368,0.0
4756,0,0,377,0.0
4756,0,0,431,0.0
4757,0,0,265,0.0
4757,0,0,314,0.4799
4757,0,0,270,0.0
4757,0,0,368,0.0
4757,0,0,377,0.0
4757,0,0,431,0.0
4758,0,0,265,0.0
4758,0,0,314,0.4759
4758,0,0,270,0.0
4758,0,0,368,0.0
4758,0,0,377,0.0
4758,0,0,431,0.0
4759,0,0,265,0.0
4759,0,0,314,0.475
4759,0,0,270,0.0
4759,0,0,368,0.0
4759,0,0,377,0.0
4759,0,0,431,0.0
4760,0,0,265,0.0
4760,0,0,314,0.4725
4760,0,0,270,0.0
4760,0,0,368,0.0
4760,0,0,377,0.0
4760,0,0,431,0.0
4761,0,0,265,0.0
4761,0,0,314,0.4692
4761,0,0,270,0.0
4761,0,0,368,0.0
4761,0,0,377,0.0
4761,0,0,431,0.0
4762,0,0,265,0.0
4762,0,0,314,0.4691
4762,0,0,270,0.0
4762,0,0,368,0.0
4762,0,0,377,0.0
4762,0,0,431,0.0
4763,0,0,265,0.0
4763,0,0,314,0.469
4763,0,0,270,0.0
4763,0,0,368,0.0
4763,0,0,377,0.0
4763,0,0,431,0.0
4764,0,0,265,0.0
4764,0,0,314,0.4687
4764,0,0,270,0.0
4764,0,0,368,0.0
4764,0,0,377,0.0
4764,0,0,431,0.0
4765,0,0,265,0.0
4765,0,0,314,0.4683
4765,0,0,270,0.0
4765,0,0,368,0.0
4765,0,0,377,0.0
4765,0,0,431,0.0
4766,0,0,265,0.0
4766,0,0,314,0.468
4766,0,0,270,0.0
4766,0,0,368,0.0
4766,0,0,377,0.0
4766,0,0,431,0.0
4767,0,0,265,0.0
4767,0,0,314,0.4599
4767,0,0,270,0.0
4767,0,0,368,0.0
4767,0,0,377,0.0
4767,0,0,431,0.0
4768,0,0,265,0.0
4768,0,0,314,0.4554
4768,0,0,270,0.0
4768,0,0,368,0.0
4768,0,0,377,0.0
4768,0,0,431,0.0
4769,0,0,265,0.0
4769,0,0,314,0.4537
4769,0,0,270,0.0
4769,0,0,368,0.0
4769,0,0,377,0.0
4769,0,0,431,0.0
4770,0,0,265,0.0
4770,0,0,314,0.4531
4770,0,0,270,0.0
4770,0,0,368,0.0
4770,0,0,377,0.0
4770,0,0,431,0.0
4771,0,0,265,0.0
4771,0,0,314,0.4532
4771,0,0,270,0.0
4771,0,0,368,0.0
4771,0,0,377,0.0
4771,0,0,431,0.0
4772,0,0,265,0.0
4772,0,0,314,0.4494
4772,0,0,270,0.0
4772,0,0,368,0.0
4772,0,0,377,0.0
4772,0,0,431,0.0
4773,0,0,265,0.0
4773,0,0,314,0.4518
4773,0,0,270,0.0
4773,0,0,368,0.0
4773,0,0,377,0.0
4773,0,0,431,0.0
4774,0,0,265,0.0
4774,0,0,314,0.4539
4774,0,0,270,0.0
4774,0,0,368,0.0
4774,0,0,377,0.0
4774,0,0,431,0.0
4775,0,0,265,0.0
4775,0,0,314,0.4604
4775,0,0,270,0.0
4775,0,0,368,0.0
4775,0,0,377,0.0
4775,0,0,431,0.0
4776,0,0,265,0.0
4776,0,0,314,0.461
4776,0,0,270,0.0
4776,0,0,368,0.0
4776,0,0,377,0.0
4776,0,0,431,0.0
4777,0,0,265,0.0
4777,0,0,314,0.4498
4777,0,0,270,0.0
4777,0,0,368,0.0
4777,0,0,377,0.0
4777,0,0,431,0.0
4777,0,0,434,0.0
4777,0,0,435,0.0
4778,0,0,265,0.0
4778,0,0,314,0.4472
4778,0,0,270,0.0
4778,0,0,368,0.0
4778,0,0,377,0.0
4778,0,0,431,0.0
4778,0,0,434,0.0
4778,0,0,435,0.0
4779,0,0,265,0.0
4779,0,0,314,0.4558
4779,0,0,270,0.0
4779,0,0,368,0.0
4779,0,0,377,0.0
4779,0,0,431,0.0
4779,0,0,434,0.0
4779,0,0,435,0.0
4780,0,0,265,0.0
4780,0,0,314,0.4587
4780,0,0,270,0.0
4780,0,0,368,0.0
4780,0,0,377,0.0
4780,0,0,431,0.0
4780,0,0,434,0.0
4780,0,0,435,0.0
4781,0,0,265,0.0
4781,0,0,314,0.4596
4781,0,0,270,0.0
4781,0,0,368,0.0
4781,0,0,377,0.0
4781,0,0,431,0.0
4781,0,0,434,0.0
4781,0,0,435,0.0
4782,0,0,265,0.0
4782,0,0,314,0.4506
4782,0,0,270,0.0
4782,0,0,368,0.0
4782,0,0,377,0.0
4782,0,0,431,0.0
4782,0,0,434,0.0
4782,0,0,435,0.0
4783,0,0,265,0.0
4783,0,0,314,0.4474
4783,0,0,270,0.0
4783,0,0,368,0.0
4783,0,0,377,0.0
4783,0,0,431,0.0
4783,0,0,434,0.0
4783,0,0,435,0.0
4784,0,0,265,0.0
4784,0,0,314,0.4464
4784,0,0,270,0.0
4784,0,0,368,0.0
4784,0,0,377,0.0
4784,0,0,431,0.0
4784,0,0,434,0.0
4784,0,0,435,0.0
4785,0,0,265,0.0
4785,0,0,314,0.4635
4785,0,0,270,0.0
4785,0,0,368,0.0
4785,0,0,377,0.0
4785,0,0,431,0.0
4785,0,0,434,0.0
4786,0,0,265,0.0
4786,0,0,314,0.4697
4786,0,0,270,0.0
4786,0,0,368,0.0
4786,0,0,377,0.0
4786,0,0,431,0.0
4786,0,0,434,0.0
4786,0,0,436,0.0
4786,0,0,437,0.0
4787,0,0,265,0.0
4787,0,0,314,0.4724
4787,0,0,270,0.0
4787,0,0,368,0.0
4787,0,0,377,0.0
4787,0,0,431,0.0
4787,0,0,434,0.0
4787,0,0,436,0.0
4787,0,0,437,0.0
4788,0,0,265,0.0
4788,0,0,314,0.4734
4788,0,0,270,0.0
4788,0,0,368,0.0
4788,0,0,377,0.0
4788,0,0,431,0.0
4788,0,0,434,0.0
4788,0,0,436,0.0
4788,0,0,437,0.0
4789,0,0,265,0.0
4789,0,0,314,0.4724
4789,0,0,270,0.0
4789,0,0,368,0.0
4789,0,0,377,0.0
4789,0,0,431,0.0
4789,0,0,434,0.0
4789,0,0,436,0.0
4789,0,0,437,0.0
4790,0,0,265,0.0
4790,0,0,314,0.472
4790,0,0,270,0.0
4790,0,0,368,0.0
4790,0,0,377,0.0
4790,0,0,431,0.0
4790,0,0,434,0.0
4790,0,0,436,0.0
4790,0,0,437,0.0
4791,0,0,265,0.0
4791,0,0,314,0.471
4791,0,0,270,0.0
4791,0,0,368,0.0
4791,0,0,377,0.0
4791,0,0,431,0.0
4791,0,0,434,0.0
4791,0,0,436,0.0
4791,0,0,437,0.0
4792,0,0,265,0.0
4792,0,0,314,0.4705
4792,0,0,270,0.0
4792,0,0,368,0.0
4792,0,0,377,0.0
4792,0,0,431,0.0
4792,0,0,434,0.0
4792,0,0,436,0.0
4792,0,0,437,0.0
4793,0,0,265,0.0
4793,0,0,314,0.4715
4793,0,0,270,0.0
4793,0,0,368,0.0
4793,0,0,377,0.0
4793,0,0,431,0.0
4793,0,0,434,0.0
4793,0,0,436,0.0
4793,0,0,437,0.0
4794,0,0,265,0.0
4794,0,0,314,0.4702
4794,0,0,270,0.0
4794,0,0,368,0.0
4794,0,0,377,0.0
4794,0,0,431,0.0
4794,0,0,434,0.0
4794,0,0,436,0.0
4794,0,0,437,0.0
4795,0,0,265,0.0
4795,0,0,314,0.4713
4795,0,0,270,0.0
4795,0,0,368,0.0
4795,0,0,377,0.0
4795,0,0,431,0.0
4795,0,0,434,0.0
4795,0,0,436,0.0
4795,0,0,437,0.0
4795,0,0,438,0.0
4796,0,0,265,0.0
4796,0,0,314,0.4713
4796,0,0,270,0.0
4796,0,0,368,0.0
4796,0,0,377,0.0
4796,0,0,431,0.0
4796,0,0,434,0.0
4796,0,0,436,0.0
4796,0,0,437,0.0
4796,0,0,438,0.0
4797,0,0,265,0.0
4797,0,0,314,0.4722
4797,0,0,270,0.0
4797,0,0,368,0.0
4797,0,0,377,0.0
4797,0,0,431,0.0
4797,0,0,434,0.0
4797,0,0,436,0.0
4797,0,0,437,0.0
4797,0,0,438,0.0
4798,0,0,265,0.0
4798,0,0,314,0.4741
4798,0,0,270,0.0
4798,0,0,368,0.0
4798,0,0,377,0.0
4798,0,0,431,0.0
4798,0,0,434,0.0
4798,0,0,436,0.0
4798,0,0,437,0.0
4798,0,0,438,0.0
4799,0,0,265,0.0
4799,0,0,314,0.4746
4799,0,0,270,0.0
4799,0,0,368,0.0
4799,0,0,377,0.0
4799,0,0,431,0.0
4799,0,0,434,0.0
4799,0,0,436,0.0
4799,0,0,437,0.0
4799,0,0,438,0.0
4800,0,0,265,0.0
4800,0,0,314,0.4721
4800,0,0,270,0.0
4800,0,0,368,0.0
4800,0,0,377,0.0
4800,0,0,431,0.0
4800,0,0,434,0.0
4800,0,0,436,0.0
4800,0,0,437,0.0
4800,0,0,438,0.0
4801,0,0,265,0.0
4801,0,0,314,0.4603
4801,0,0,270,0.0
4801,0,0,368,0.0
4801,0,0,377,0.0
4801,0,0,431,0.0
4801,0,0,434,0.0
4801,0,0,437,0.0
4801,0,0,438,0.0
4802,0,0,265,0.0
4802,0,0,314,0.4558
4802,0,0,270,0.0
4802,0,0,368,0.0
4802,0,0,377,0.0
4802,0,0,431,0.0
4802,0,0,434,0.0
4802,0,0,437,0.0
4802,0,0,438,0.0
4803,0,0,265,0.0
4803,0,0,314,0.4135
4803,0,0,270,0.0
4803,0,0,368,0.0
4803,0,0,377,0.0
4803,0,0,431,0.0
4803,0,0,434,0.0
4803,0,0,437,0.0
4803,0,0,438,0.0
4804,0,0,265,0.0
4804,0,0,314,0.3958
4804,0,0,270,0.0
4804,0,0,368,0.0
4804,0,0,377,0.0
4804,0,0,431,0.0
4804,0,0,434,0.0
4804,0,0,437,0.0
4804,0,0,438,0.0
4805,0,0,265,0.0
4805,0,0,314,0.3896
4805,0,0,270,0.0
4805,0,0,368,0.0
4805,0,0,377,0.0
4805,0,0,431,0.0
4805,0,0,434,0.0
4805,0,0,437,0.0
4805,0,0,438,0.0
4806,0,0,265,0.0
4806,0,0,314,0.387
4806,0,0,270,0.0
4806,0,0,368,0.0
4806,0,0,377,0.0
4806,0,0,431,0.0
4806,0,0,434,0.0
4806,0,0,437,0.0
4806,0,0,438,0.0
4807,0,0,265,0.0
4807,0,0,314,0.3862
4807,0,0,270,0.0
4807,0,0,368,0.0
4807,0,0,377,0.0
4807,0,0,431,0.0
4807,0,0,434,0.0
4807,0,0,437,0.0
4807,0,0,438,0.0
4808,0,0,265,0.0
4808,0,0,314,0.386
4808,0,0,270,0.0
4808,0,0,368,0.0
4808,0,0,377,0.0
4808,0,0,431,0.0
4808,0,0,434,0.0
4808,0,0,437,0.0
4808,0,0,438,0.0
4809,0,0,265,0.0
4809,0,0,314,0.3861
4809,0,0,270,0.0
4809,0,0,368,0.0
4809,0,0,377,0.0
4809,0,0,431,0.0
4809,0,0,434,0.0
4809,0,0,437,0.0
4809,0,0,438,0.0
4810,0,0,265,0.0
4810,0,0,314,0.3892
4810,0,0,270,0.0
4810,0,0,368,0.0
4810,0,0,377,0.0
4810,0,0,431,0.0
4810,0,0,434,0.0
4810,0,0,437,0.0
4811,0,0,265,0.0
4811,0,0,314,0.3905
4811,0,0,270,0.0
4811,0,0,368,0.0
4811,0,0,377,0.0
4811,0,0,431,0.0
4811,0,0,434,0.0
4811,0,0,437,0.0
4811,0,0,439,0.0
4811,0,0,440,0.0
4812,0,0,265,0.0
4812,0,0,314,0.3957
4812,0,0,270,0.0
4812,0,0,368,0.0
4812,0,0,377,0.0
4812,0,0,431,0.0
4812,0,0,434,0.0
4812,0,0,437,0.0
4812,0,0,439,0.0
4812,0,0,440,0.0
4813,0,0,265,0.0
4813,0,0,314,0.3968
4813,0,0,270,0.0
4813,0,0,368,0.0
4813,0,0,377,0.0
4813,0,0,431,0.0
4813,0,0,434,0.0
4813,0,0,437,0.0
4813,0,0,439,0.0
4813,0,0,440,0.0
4814,0,0,265,0.0
4814,0,0,314,0.3979
4814,0,0,270,0.0
4814,0,0,368,0.0
4814,0,0,377,0.0
4814,0,0,431,0.0
4814,0,0,434,0.0
4814,0,0,437,0.0
4814,0,0,439,0.0
4814,0,0,440,0.0
4815,0,0,265,0.0
4815,0,0,314,0.43
4815,0,0,270,0.0
4815,0,0,368,0.0
4815,0,0,377,0.0
4815,0,0,431,0.0
4815,0,0,434,0.0
4815,0,0,439,0.0
4815,0,0,440,0.0
4815,0,0,435,0.0
4816,0,0,265,0.0
4816,0,0,314,0.4516
4816,0,0,270,0.0
4816,0,0,368,0.0
4816,0,0,377,0.0
4816,0,0,431,0.0
4816,0,0,434,0.0
4816,0,0,439,0.0
4816,0,0,440,0.0
4817,0,0,265,0.0
4817,0,0,314,0.4601
4817,0,0,270,0.0
4817,0,0,368,0.0
4817,0,0,377,0.0
4817,0,0,431,0.0
4817,0,0,434,0.0
4817,0,0,439,0.0
4817,0,0,440,0.0
4817,0,0,437,0.0
4818,0,0,265,0.0
4818,0,0,314,0.4608
4818,0,0,270,0.0
4818,0,0,368,0.0
4818,0,0,377,0.0
4818,0,0,431,0.0
4818,0,0,434,0.0
4818,0,0,439,0.0
4818,0,0,440,0.0
4818,0,0,437,0.0
4819,0,0,265,0.0
4819,0,0,314,0.4526
4819,0,0,270,0.0
4819,0,0,377,0.0
4819,0,0,434,0.0
4819,0,0,440,0.0
4819,0,0,437,0.0
4820,0,0,265,0.0
4820,0,0,314,0.4495
4820,0,0,270,0.0
4820,0,0,377,0.0
4820,0,0,434,0.0
4820,0,0,440,0.0
4820,0,0,437,0.0
4821,0,0,265,0.0
4821,0,0,314,0.4383
4821,0,0,270,0.0
4821,0,0,377,0.0
4821,0,0,434,0.0
4821,0,0,440,0.0
4821,0,0,437,0.0
4821,0,0,431,0.0
4822,0,0,265,0.0
4822,0,0,314,0.434
4822,0,0,270,0.0
4822,0,0,377,0.0
4822,0,0,434,0.0
4822,0,0,440,0.0
4822,0,0,437,0.0
4822,0,0,431,0.0
4823,0,0,265,0.0
4823,0,0,314,0.4339
4823,0,0,270,0.0
4823,0,0,377,0.0
4823,0,0,434,0.0
4823,0,0,440,0.0
4823,0,0,437,0.0
4823,0,0,431,0.0
4824,0,0,265,0.0
4824,0,0,314,0.4344
4824,0,0,270,0.0
4824,0,0,377,0.0
4824,0,0,434,0.0
4824,0,0,440,0.0
4824,0,0,437,0.0
4824,0,0,431,0.0
4825,0,0,265,0.0
4825,0,0,314,0.4344
4825,0,0,270,0.0
4825,0,0,377,0.0
4825,0,0,434,0.0
4825,0,0,440,0.0
4825,0,0,437,0.0
4825,0,0,431,0.0
4826,0,0,265,0.0
4826,0,0,314,0.4343
4826,0,0,270,0.0
4826,0,0,377,0.0
4826,0,0,434,0.0
4826,0,0,440,0.0
4826,0,0,437,0.0
4826,0,0,431,0.0
4827,0,0,265,0.0
4827,0,0,314,0.4342
4827,0,0,270,0.0
4827,0,0,377,0.0
4827,0,0,434,0.0
4827,0,0,440,0.0
4827,0,0,437,0.0
4827,0,0,431,0.0
4828,0,0,265,0.0
4828,0,0,314,0.4341
4828,0,0,270,0.0
4828,0,0,377,0.0
4828,0,0,434,0.0
4828,0,0,440,0.0
4828,0,0,437,0.0
4828,0,0,431,0.0
4829,0,0,265,0.0
4829,0,0,314,0.4347
4829,0,0,270,0.0
4829,0,0,377,0.0
4829,0,0,434,0.0
4829,0,0,437,0.0
4829,0,0,431,0.0
4830,0,0,265,0.0
4830,0,0,314,0.4349
4830,0,0,270,0.0
4830,0,0,377,0.0
4830,0,0,434,0.0
4830,0,0,437,0.0
4830,0,0,431,0.0
4831,0,0,265,0.0
4831,0,0,314,0.435
4831,0,0,270,0.0
4831,0,0,377,0.0
4831,0,0,434,0.0
4831,0,0,437,0.0
4831,0,0,431,0.0
4832,0,0,265,0.0
4832,0,0,314,0.4351
4832,0,0,270,0.0
4832,0,0,377,0.0
4832,0,0,434,0.0
4832,0,0,437,0.0
4832,0,0,431,0.0
4833,0,0,265,0.0
4833,0,0,314,0.4351
4833,0,0,270,0.0
4833,0,0,377,0.0
4833,0,0,434,0.0
4833,0,0,437,0.0
4833,0,0,431,0.0
4834,0,0,265,0.0
4834,0,0,314,0.435
4834,0,0,270,0.0
4834,0,0,377,0.0
4834,0,0,434,0.0
4834,0,0,437,0.0
4834,0,0,431,0.0
4835,0,0,265,0.0
4835,0,0,314,0.4349
4835,0,0,270,0.0
4835,0,0,377,0.0
4835,0,0,434,0.0
4835,0,0,437,0.0
4835,0,0,431,0.0
4836,0,0,265,0.0
4836,0,0,314,0.4349
4836,0,0,270,0.0
4836,0,0,377,0.0
4836,0,0,434,0.0
4836,0,0,431,0.0
4837,0,0,265,0.0
4837,0,0,314,0.4345
4837,0,0,270,0.0
4837,0,0,377,0.0
4837,0,0,434,0.0
4837,0,0,437,0.0
4838,0,0,265,0.0
4838,0,0,314,0.4343
4838,0,0,270,0.0
4838,0,0,377,0.0
4838,0,0,434,0.0
4838,0,0,437,0.0
4839,0,0,265,0.0
4839,0,0,314,0.4405
4839,0,0,270,0.0
4839,0,0,377,0.0
4839,0,0,434,0.0
4839,0,0,437,0.0
4840,0,0,265,0.0
4840,0,0,314,0.4427
4840,0,0,270,0.0
4840,0,0,377,0.0
4840,0,0,434,0.0
4840,0,0,437,0.0
4841,0,0,265,0.0
4841,0,0,314,0.4436
4841,0,0,270,0.0
4841,0,0,377,0.0
4841,0,0,434,0.0
4841,0,0,437,0.0
4842,0,0,265,0.0
4842,0,0,314,0.4448
4842,0,0,270,0.0
4842,0,0,377,0.0
4842,0,0,434,0.0
4842,0,0,437,0.0
4843,0,0,265,0.0
4843,0,0,314,0.446
4843,0,0,270,0.0
4843,0,0,377,0.0
4843,0,0,434,0.0
4843,0,0,437,0.0
4844,0,0,265,0.0
4844,0,0,314,0.4465
4844,0,0,270,0.0
4844,0,0,377,0.0
4844,0,0,434,0.0
4844,0,0,437,0.0
4845,0,0,265,0.0
4845,0,0,314,0.4438
4845,0,0,270,0.0
4845,0,0,377,0.0
4845,0,0,434,0.0
4845,0,0,437,0.0
4846,0,0,265,0.0
4846,0,0,314,0.4443
4846,0,0,270,0.0
4846,0,0,377,0.0
4846,0,0,434,0.0
4846,0,0,437,0.0
4847,0,0,265,0.0
4847,0,0,314,0.4439
4847,0,0,270,0.0
4847,0,0,377,0.0
4847,0,0,434,0.0
4847,0,0,437,0.0
4848,0,0,265,0.0
4848,0,0,314,0.4434
4848,0,0,270,0.0
4848,0,0,377,0.0
4848,0,0,434,0.0
4848,0,0,437,0.0
4849,0,0,265,0.0
4849,0,0,314,0.4435
4849,0,0,270,0.0
4849,0,0,377,0.0
4849,0,0,434,0.0
4849,0,0,437,0.0
4850,0,0,265,0.0
4850,0,0,314,0.4445
4850,0,0,270,0.0
4850,0,0,377,0.0
4850,0,0,434,0.0
4850,0,0,437,0.0
4851,0,0,265,0.0
4851,0,0,314,0.4441
4851,0,0,270,0.0
4851,0,0,377,0.0
4851,0,0,434,0.0
4851,0,0,437,0.0
4852,0,0,265,0.0
4852,0,0,314,0.4432
4852,0,0,270,0.0
4852,0,0,377,0.0
4852,0,0,434,0.0
4852,0,0,437,0.0
4853,0,0,265,0.0
4853,0,0,314,0.5252
4853,0,0,270,0.0
4853,0,0,377,0.0
4853,0,0,434,0.0
4853,0,0,437,0.0
4854,0,0,265,0.0
4854,0,0,314,0.5568
4854,0,0,270,0.0
4854,0,0,377,0.0
4854,0,0,434,0.0
4854,0,0,437,0.0
4855,0,0,265,0.0
4855,0,0,314,0.5686
4855,0,0,270,0.0
4855,0,0,377,0.0
4855,0,0,434,0.0
4855,0,0,437,0.0
4856,0,0,265,0.0
4856,0,0,314,0.5719
4856,0,0,270,0.0
4856,0,0,377,0.0
4856,0,0,434,0.0
4856,0,0,437,0.0
4857,0,0,265,0.0
4857,0,0,314,0.5438
4857,0,0,270,0.0
4857,0,0,377,0.0
4857,0,0,434,0.0
4857,0,0,437,0.0
4858,0,0,265,0.0
4858,0,0,314,0.5331
4858,0,0,270,0.0
4858,0,0,377,0.0
4858,0,0,434,0.0
4858,0,0,437,0.0
4859,0,0,265,0.0
4859,0,0,314,0.5285
4859,0,0,270,0.0
4859,0,0,377,0.0
4859,0,0,434,0.0
4859,0,0,437,0.0
4860,0,0,265,0.0
4860,0,0,314,0.5265
4860,0,0,270,0.0
4860,0,0,377,0.0
4860,0,0,434,0.0
4860,0,0,437,0.0
4861,0,0,265,0.0
4861,0,0,314,0.5253
4861,0,0,270,0.0
4861,0,0,377,0.0
4861,0,0,434,0.0
4861,0,0,437,0.0
4862,1,0,265,0.0
4862,1,0,314,0.5264
4862,1,0,270,0.0
4862,1,0,377,0.0
4862,1,0,434,0.0
4862,1,0,437,0.0
4863,1,0,265,0.0
4863,1,0,314,0.5281
4863,1,0,270,0.0
4863,1,0,377,0.0
4863,1,0,434,0.0
4863,1,0,437,0.0
4864,1,0,265,0.0
4864,1,0,314,0.5292
4864,1,0,270,0.0
4864,1,0,377,0.0
4864,1,0,434,0.0
4864,1,0,437,0.0
4865,1,0,265,0.0
4865,1,0,314,0.5305
4865,1,0,270,0.0
4865,1,0,377,0.0
4865,1,0,434,0.0
4865,1,0,437,0.0
4866,1,0,265,0.0
4866,1,0,314,0.532
4866,1,0,270,0.0
4866,1,0,377,0.0
4866,1,0,434,0.0
4866,1,0,437,0.0
4867,1,0,265,0.0
4867,1,0,314,0.5325
4867,1,0,270,0.0
4867,1,0,377,0.0
4867,1,0,434,0.0
4867,1,0,437,0.0
4867,1,0,431,0.0
4868,1,0,265,0.0
4868,1,0,314,0.5328
4868,1,0,270,0.0
4868,1,0,377,0.0
4868,1,0,434,0.0
4868,1,0,437,0.0
4869,1,0,265,0.0
4869,1,0,314,0.5329
4869,1,0,270,0.0
4869,1,0,377,0.0
4869,1,0,434,0.0
4869,1,0,437,0.0
4869,1,0,431,0.0
4870,1,0,265,0.0
4870,1,0,314,0.532
4870,1,0,270,0.0
4870,1,0,377,0.0
4870,1,0,434,0.0
4870,1,0,437,0.0
4870,1,0,431,0.0
4871,1,0,265,0.0
4871,1,0,314,0.5316
4871,1,0,270,0.0
4871,1,0,377,0.0
4871,1,0,434,0.0
4871,1,0,437,0.0
4871,1,0,431,0.0
4872,1,0,265,0.0
4872,1,0,314,0.5311
4872,1,0,270,0.0
4872,1,0,377,0.0
4872,1,0,434,0.0
4872,1,0,437,0.0
4873,1,0,265,0.0
4873,1,0,314,0.5308
4873,1,0,270,0.0
4873,1,0,377,0.0
4873,1,0,434,0.0
4873,1,0,437,0.0
4874,1,0,265,0.0
4874,1,0,314,0.5307
4874,1,0,270,0.0
4874,1,0,377,0.0
4874,1,0,434,0.0
4874,1,0,437,0.0
4875,1,0,265,0.0
4875,1,0,314,0.5126
4875,1,0,270,0.0
4875,1,0,377,0.0
4875,1,0,434,0.0
4875,1,0,431,0.0
4876,1,0,265,0.0
4876,1,0,314,0.5057
4876,1,0,270,0.0
4876,1,0,377,0.0
4876,1,0,434,0.0
4876,1,0,453,0.0
4876,1,0,454,0.0
4876,1,0,455,0.0
4876,1,0,456,0.0
4876,1,0,457,0.0
4876,1,0,431,0.0
4877,1,0,265,0.0
4877,1,0,314,0.5036
4877,1,0,270,0.0
4877,1,0,377,0.0
4877,1,0,434,0.0
4877,1,0,453,0.0
4877,1,0,455,0.0
4877,1,0,456,0.0
4877,1,0,457,0.0
4877,1,0,431,0.0
4878,1,0,265,0.0
4878,1,0,314,0.5028
4878,1,0,270,0.0
4878,1,0,377,0.0
4878,1,0,434,0.0
4878,1,0,453,0.0
4878,1,0,455,0.0
4878,1,0,456,0.0
4878,1,0,457,0.0
4878,1,0,431,0.0
4879,1,0,265,0.0
4879,1,0,314,0.5022
4879,1,0,270,0.0
4879,1,0,377,0.0
4879,1,0,434,0.0
4879,1,0,453,0.0
4879,1,0,455,0.0
4879,1,0,456,0.0
4879,1,0,457,0.0
4879,1,0,431,0.0
4880,1,0,265,0.0
4880,1,0,314,0.5036
4880,1,0,270,0.0
4880,1,0,377,0.0
4880,1,0,434,0.0
4880,1,0,453,0.0
4880,1,0,455,0.0
4880,1,0,456,0.0
4880,1,0,457,0.0
4880,1,0,431,0.0
4880,1,0,454,0.0
4881,1,0,265,0.0
4881,1,0,314,0.5047
4881,1,0,270,0.0
4881,1,0,377,0.0
4881,1,0,434,0.0
4881,1,0,453,0.0
4881,1,0,455,0.0
4881,1,0,456,0.0
4881,1,0,457,0.0
4881,1,0,431,0.0
4881,1,0,454,0.0
4882,1,0,265,0.0
4882,1,0,314,0.5033
4882,1,0,270,0.0
4882,1,0,377,0.0
4882,1,0,434,0.0
4882,1,0,453,0.0
4883,1,0,265,0.0
4883,1,0,314,0.5038
4883,1,0,270,0.0
4883,1,0,377,0.0
4883,1,0,434,0.0
4883,1,0,453,0.0
4883,1,0,456,0.0
4884,1,0,265,0.0
4884,1,0,314,0.5041
4884,1,0,270,0.0
4884,1,0,377,0.0
4884,1,0,434,0.0
4884,1,0,453,0.0
4884,1,0,456,0.0
4885,1,0,265,0.0
4885,1,0,314,0.5042
4885,1,0,270,0.0
4885,1,0,377,0.0
4885,1,0,434,0.0
4885,1,0,453,0.0
4885,1,0,456,0.0
4886,1,0,265,0.0
4886,1,0,314,0.5044
4886,1,0,270,0.0
4886,1,0,377,0.0
4886,1,0,434,0.0
4886,1,0,453,0.0
4886,1,0,456,0.0
4887,1,0,265,0.0
4887,1,0,314,0.5045
4887,1,0,270,0.0
4887,1,0,377,0.0
4887,1,0,434,0.0
4887,1,0,453,0.0
4887,1,0,456,0.0
4888,1,0,265,0.0
4888,1,0,314,0.506
4888,1,0,270,0.0
4888,1,0,377,0.0
4888,1,0,434,0.0
4888,1,0,453,0.0
4888,1,0,456,0.0
4889,1,0,265,0.0
4889,1,0,314,0.51
4889,1,0,270,0.0
4889,1,0,377,0.0
4889,1,0,434,0.0
4889,1,0,453,0.0
4890,1,0,265,0.0
4890,1,0,314,0.512
4890,1,0,270,0.0
4890,1,0,377,0.0
4890,1,0,434,0.0
4890,1,0,453,0.0
4891,1,0,265,0.0
4891,1,0,314,0.5118
4891,1,0,270,0.0
4891,1,0,377,0.0
4891,1,0,434,0.0
4891,1,0,453,0.0
4892,1,0,265,0.0
4892,1,0,314,0.5116
4892,1,0,270,0.0
4892,1,0,377,0.0
4892,1,0,434,0.0
4892,1,0,453,0.0
4893,1,0,265,0.0
4893,1,0,314,0.5074
4893,1,0,270,0.0
4893,1,0,377,0.0
4893,1,0,434,0.0
4893,1,0,453,0.0
